Date,Crude_Oil
02-01-2009,46.34000015
05-01-2009,48.81000137
06-01-2009,48.58000183
07-01-2009,42.63000107
08-01-2009,41.70000076
09-01-2009,40.83000183
12-01-2009,37.59000015
13-01-2009,37.77999878
14-01-2009,37.27999878
15-01-2009,35.40000153
16-01-2009,36.50999832
20-01-2009,38.74000168
21-01-2009,43.54999924
22-01-2009,43.66999817
23-01-2009,46.47000122
26-01-2009,45.72999954
27-01-2009,41.58000183
28-01-2009,42.15999985
29-01-2009,41.43999863
30-01-2009,41.68000031
02-02-2009,40.08000183
03-02-2009,40.77999878
04-02-2009,40.31999969
05-02-2009,41.16999817
06-02-2009,40.16999817
09-02-2009,39.56000137
10-02-2009,37.54999924
11-02-2009,35.93999863
12-02-2009,33.97999954
13-02-2009,37.50999832
17-02-2009,34.93000031
18-02-2009,34.61999893
19-02-2009,39.47999954
20-02-2009,38.93999863
23-02-2009,38.43999863
24-02-2009,39.95999908
25-02-2009,42.5
26-02-2009,45.22000122
27-02-2009,44.75999832
02-03-2009,40.15000153
03-03-2009,41.65000153
04-03-2009,45.38000107
05-03-2009,43.61000061
06-03-2009,45.52000046
09-03-2009,47.06999969
10-03-2009,45.70999908
11-03-2009,42.33000183
12-03-2009,47.02999878
13-03-2009,46.25
16-03-2009,47.34999847
17-03-2009,49.15999985
18-03-2009,48.13999939
19-03-2009,51.61000061
20-03-2009,51.06000137
23-03-2009,53.79999924
24-03-2009,53.97999954
25-03-2009,52.77000046
26-03-2009,54.34000015
27-03-2009,52.38000107
30-03-2009,48.40999985
31-03-2009,49.65999985
01-04-2009,48.38999939
02-04-2009,52.63999939
03-04-2009,52.50999832
06-04-2009,51.04999924
07-04-2009,49.15000153
08-04-2009,49.38000107
09-04-2009,52.24000168
13-04-2009,50.04999924
14-04-2009,49.40999985
15-04-2009,49.25
16-04-2009,49.97999954
17-04-2009,50.33000183
20-04-2009,45.88000107
21-04-2009,46.50999832
22-04-2009,48.84999847
23-04-2009,49.61999893
24-04-2009,51.54999924
27-04-2009,50.13999939
28-04-2009,49.91999817
29-04-2009,50.97000122
30-04-2009,51.11999893
01-05-2009,53.20000076
04-05-2009,54.47000122
05-05-2009,53.84000015
06-05-2009,56.34000015
07-05-2009,56.70999908
08-05-2009,58.63000107
11-05-2009,58.5
12-05-2009,58.84999847
13-05-2009,58.02000046
14-05-2009,58.61999893
15-05-2009,56.34000015
18-05-2009,59.02999878
19-05-2009,59.65000153
20-05-2009,62.04000092
21-05-2009,61.04999924
22-05-2009,61.66999817
26-05-2009,62.45000076
27-05-2009,63.45000076
28-05-2009,65.08000183
29-05-2009,66.30999756
01-06-2009,68.58000183
02-06-2009,68.55000305
03-06-2009,66.12000275
04-06-2009,68.80999756
05-06-2009,68.44000244
08-06-2009,68.08999634
09-06-2009,70.01000214
10-06-2009,71.33000183
11-06-2009,72.68000031
12-06-2009,72.04000092
15-06-2009,70.62000275
16-06-2009,70.47000122
17-06-2009,71.02999878
18-06-2009,71.37000275
19-06-2009,69.55000305
22-06-2009,66.93000031
23-06-2009,69.23999786
24-06-2009,68.66999817
25-06-2009,70.23000336
26-06-2009,69.16000366
29-06-2009,71.48999786
30-06-2009,69.88999939
01-07-2009,69.30999756
02-07-2009,66.73000336
06-07-2009,64.05000305
07-07-2009,62.93000031
08-07-2009,60.13999939
09-07-2009,60.40999985
10-07-2009,59.88999939
13-07-2009,59.68999863
14-07-2009,59.52000046
15-07-2009,61.54000092
16-07-2009,62.02000046
17-07-2009,63.56000137
20-07-2009,63.97999954
21-07-2009,64.72000122
22-07-2009,65.40000153
23-07-2009,67.16000366
24-07-2009,68.05000305
27-07-2009,68.37999725
28-07-2009,67.23000336
29-07-2009,63.34999847
30-07-2009,66.94000244
31-07-2009,69.44999695
03-08-2009,71.58000183
04-08-2009,71.41999817
05-08-2009,71.97000122
06-08-2009,71.94000244
07-08-2009,70.93000031
10-08-2009,70.59999847
11-08-2009,69.44999695
12-08-2009,70.16000366
13-08-2009,70.51999664
14-08-2009,67.51000214
17-08-2009,66.75
18-08-2009,69.19000244
19-08-2009,72.41999817
20-08-2009,72.54000092
21-08-2009,73.88999939
24-08-2009,74.37000275
25-08-2009,72.05000305
26-08-2009,71.43000031
27-08-2009,72.48999786
28-08-2009,72.73999786
31-08-2009,69.95999908
01-09-2009,68.05000305
02-09-2009,68.05000305
03-09-2009,67.95999908
04-09-2009,68.01999664
08-09-2009,71.09999847
09-09-2009,71.30999756
10-09-2009,71.94000244
11-09-2009,69.29000092
14-09-2009,68.86000061
15-09-2009,70.93000031
16-09-2009,72.51000214
17-09-2009,72.47000122
18-09-2009,72.04000092
21-09-2009,69.70999908
22-09-2009,71.55000305
23-09-2009,68.97000122
24-09-2009,65.88999939
25-09-2009,66.01999664
28-09-2009,66.83999634
29-09-2009,66.70999908
30-09-2009,70.61000061
01-10-2009,70.81999969
02-10-2009,69.94999695
05-10-2009,70.41000366
06-10-2009,70.87999725
07-10-2009,69.56999969
08-10-2009,71.69000244
09-10-2009,71.76999664
12-10-2009,73.26999664
13-10-2009,74.15000153
14-10-2009,75.18000031
15-10-2009,77.58000183
16-10-2009,78.52999878
19-10-2009,79.61000061
20-10-2009,79.08999634
21-10-2009,81.37000275
22-10-2009,81.19000244
23-10-2009,80.5
26-10-2009,78.68000031
27-10-2009,79.55000305
28-10-2009,77.45999908
29-10-2009,79.87000275
30-10-2009,77
02-11-2009,78.12999725
03-11-2009,79.59999847
04-11-2009,80.40000153
05-11-2009,79.62000275
06-11-2009,77.43000031
09-11-2009,79.43000031
10-11-2009,79.05000305
11-11-2009,79.27999878
12-11-2009,76.94000244
13-11-2009,76.34999847
16-11-2009,78.90000153
17-11-2009,79.13999939
18-11-2009,79.58000183
19-11-2009,77.45999908
20-11-2009,76.72000122
23-11-2009,77.55999756
24-11-2009,76.01999664
25-11-2009,77.95999908
27-11-2009,76.05000305
30-11-2009,77.27999878
01-12-2009,78.37000275
02-12-2009,76.59999847
03-12-2009,76.45999908
04-12-2009,75.47000122
07-12-2009,73.93000031
08-12-2009,72.62000275
09-12-2009,70.66999817
10-12-2009,70.54000092
11-12-2009,69.87000275
14-12-2009,69.51000214
15-12-2009,70.69000244
16-12-2009,72.66000366
17-12-2009,72.65000153
18-12-2009,73.36000061
21-12-2009,72.47000122
22-12-2009,74.40000153
23-12-2009,76.66999817
24-12-2009,78.05000305
28-12-2009,78.76999664
29-12-2009,78.87000275
30-12-2009,79.27999878
31-12-2009,79.36000061
04-01-2010,81.51000214
05-01-2010,81.76999664
06-01-2010,83.18000031
07-01-2010,82.66000366
08-01-2010,82.75
11-01-2010,82.51999664
12-01-2010,80.79000092
13-01-2010,79.65000153
14-01-2010,79.38999939
15-01-2010,78
19-01-2010,79.01999664
20-01-2010,77.62000275
21-01-2010,76.08000183
22-01-2010,74.54000092
25-01-2010,75.26000214
26-01-2010,74.70999908
27-01-2010,73.66999817
28-01-2010,73.63999939
29-01-2010,72.88999939
01-02-2010,74.43000031
02-02-2010,77.23000336
03-02-2010,76.98000336
04-02-2010,73.13999939
05-02-2010,71.19000244
08-02-2010,71.88999939
09-02-2010,73.75
10-02-2010,74.51999664
11-02-2010,75.27999878
12-02-2010,74.12999725
16-02-2010,77.01000214
17-02-2010,77.33000183
18-02-2010,79.05999756
19-02-2010,79.80999756
22-02-2010,80.16000366
23-02-2010,78.86000061
24-02-2010,80
25-02-2010,78.16999817
26-02-2010,79.66000366
01-03-2010,78.69999695
02-03-2010,79.68000031
03-03-2010,80.87000275
04-03-2010,80.20999908
05-03-2010,81.5
08-03-2010,81.87000275
09-03-2010,81.48999786
10-03-2010,82.08999634
11-03-2010,82.11000061
12-03-2010,81.23999786
15-03-2010,79.80000305
16-03-2010,81.69999695
17-03-2010,82.93000031
18-03-2010,82.19999695
19-03-2010,80.68000031
22-03-2010,81.25
23-03-2010,81.91000366
24-03-2010,80.61000061
25-03-2010,80.52999878
26-03-2010,80
29-03-2010,82.16999817
30-03-2010,82.37000275
31-03-2010,83.76000214
01-04-2010,84.87000275
05-04-2010,86.62000275
06-04-2010,86.83999634
07-04-2010,85.87999725
08-04-2010,85.38999939
09-04-2010,84.91999817
12-04-2010,84.33999634
13-04-2010,84.05000305
14-04-2010,85.83999634
15-04-2010,85.51000214
16-04-2010,83.23999786
19-04-2010,81.44999695
20-04-2010,83.44999695
21-04-2010,83.68000031
22-04-2010,83.69999695
23-04-2010,85.12000275
26-04-2010,84.19999695
27-04-2010,82.44000244
28-04-2010,83.22000122
29-04-2010,85.16999817
30-04-2010,86.15000153
03-05-2010,86.19000244
04-05-2010,82.73999786
05-05-2010,79.97000122
06-05-2010,77.11000061
07-05-2010,75.11000061
10-05-2010,76.80000305
11-05-2010,76.37000275
12-05-2010,75.65000153
13-05-2010,74.40000153
14-05-2010,71.61000061
17-05-2010,70.08000183
18-05-2010,69.41000366
19-05-2010,69.87000275
20-05-2010,68.01000214
21-05-2010,70.04000092
24-05-2010,70.20999908
25-05-2010,68.75
26-05-2010,71.51000214
27-05-2010,74.55000305
28-05-2010,73.97000122
01-06-2010,72.58000183
02-06-2010,72.86000061
03-06-2010,74.61000061
04-06-2010,71.51000214
07-06-2010,71.44000244
08-06-2010,71.98999786
09-06-2010,74.37999725
10-06-2010,75.48000336
11-06-2010,73.77999878
14-06-2010,75.12000275
15-06-2010,76.94000244
16-06-2010,77.66999817
17-06-2010,76.79000092
18-06-2010,77.18000031
21-06-2010,77.81999969
22-06-2010,77.20999908
23-06-2010,76.34999847
24-06-2010,76.51000214
25-06-2010,78.86000061
28-06-2010,78.25
29-06-2010,75.94000244
30-06-2010,75.62999725
01-07-2010,72.94999695
02-07-2010,72.13999939
06-07-2010,71.98000336
07-07-2010,74.06999969
08-07-2010,75.44000244
09-07-2010,76.08999634
12-07-2010,74.94999695
13-07-2010,77.15000153
14-07-2010,77.04000092
15-07-2010,76.62000275
16-07-2010,76.01000214
19-07-2010,76.54000092
20-07-2010,77.44000244
21-07-2010,76.55999756
22-07-2010,79.30000305
23-07-2010,78.98000336
26-07-2010,78.98000336
27-07-2010,77.5
28-07-2010,76.98999786
29-07-2010,78.36000061
30-07-2010,78.94999695
02-08-2010,81.33999634
03-08-2010,82.55000305
04-08-2010,82.47000122
05-08-2010,82.01000214
06-08-2010,80.69999695
09-08-2010,81.48000336
10-08-2010,80.25
11-08-2010,78.01999664
12-08-2010,75.73999786
13-08-2010,75.38999939
16-08-2010,75.23999786
17-08-2010,75.76999664
18-08-2010,75.41999817
19-08-2010,74.43000031
20-08-2010,73.45999908
23-08-2010,73.09999847
24-08-2010,71.62999725
25-08-2010,72.51999664
26-08-2010,73.36000061
27-08-2010,75.16999817
30-08-2010,74.69999695
31-08-2010,71.91999817
01-09-2010,73.91000366
02-09-2010,75.01999664
03-09-2010,74.59999847
07-09-2010,74.08999634
08-09-2010,74.66999817
09-09-2010,74.25
10-09-2010,76.44999695
13-09-2010,77.19000244
14-09-2010,76.80000305
15-09-2010,76.01999664
16-09-2010,74.56999969
17-09-2010,73.66000366
20-09-2010,74.86000061
21-09-2010,73.51999664
22-09-2010,74.70999908
23-09-2010,75.18000031
24-09-2010,76.48999786
27-09-2010,76.51999664
28-09-2010,76.18000031
29-09-2010,77.86000061
30-09-2010,79.97000122
01-10-2010,81.58000183
04-10-2010,81.47000122
05-10-2010,82.81999969
06-10-2010,83.23000336
07-10-2010,81.66999817
08-10-2010,82.66000366
11-10-2010,82.20999908
12-10-2010,81.66999817
13-10-2010,83.01000214
14-10-2010,82.69000244
15-10-2010,81.25
18-10-2010,83.08000183
19-10-2010,79.48999786
20-10-2010,81.76999664
21-10-2010,80.55999756
22-10-2010,81.69000244
25-10-2010,82.51999664
26-10-2010,82.55000305
27-10-2010,81.94000244
28-10-2010,82.18000031
29-10-2010,81.43000031
01-11-2010,82.94999695
02-11-2010,83.90000153
03-11-2010,84.69000244
04-11-2010,86.48999786
05-11-2010,86.84999847
08-11-2010,87.05999756
09-11-2010,86.72000122
10-11-2010,87.80999756
11-11-2010,87.80999756
12-11-2010,84.87999725
15-11-2010,84.86000061
16-11-2010,82.33999634
17-11-2010,80.44000244
18-11-2010,81.84999847
19-11-2010,81.51000214
22-11-2010,81.73999786
23-11-2010,81.25
24-11-2010,83.86000061
26-11-2010,83.76000214
29-11-2010,85.73000336
30-11-2010,84.11000061
01-12-2010,86.75
02-12-2010,88
03-12-2010,89.19000244
06-12-2010,89.37999725
07-12-2010,88.69000244
08-12-2010,88.27999878
09-12-2010,88.37000275
10-12-2010,87.79000092
13-12-2010,88.61000061
14-12-2010,88.27999878
15-12-2010,88.62000275
16-12-2010,87.69999695
17-12-2010,88.01999664
20-12-2010,88.80999756
21-12-2010,89.81999969
22-12-2010,90.48000336
23-12-2010,91.51000214
27-12-2010,91
28-12-2010,91.48999786
29-12-2010,91.12000275
30-12-2010,89.83999634
31-12-2010,91.37999725
03-01-2011,91.55000305
04-01-2011,89.37999725
05-01-2011,90.30000305
06-01-2011,88.37999725
07-01-2011,88.02999878
10-01-2011,89.25
11-01-2011,91.11000061
12-01-2011,91.86000061
13-01-2011,91.40000153
14-01-2011,91.54000092
18-01-2011,91.37999725
19-01-2011,90.86000061
20-01-2011,88.86000061
21-01-2011,89.11000061
24-01-2011,87.87000275
25-01-2011,86.19000244
26-01-2011,87.33000183
27-01-2011,85.63999939
28-01-2011,89.33999634
31-01-2011,92.19000244
01-02-2011,90.76999664
02-02-2011,90.86000061
03-02-2011,90.54000092
04-02-2011,89.02999878
07-02-2011,87.48000336
08-02-2011,86.94000244
09-02-2011,86.70999908
10-02-2011,86.73000336
11-02-2011,85.58000183
14-02-2011,84.80999756
15-02-2011,84.31999969
16-02-2011,84.98999786
17-02-2011,86.36000061
18-02-2011,86.19999695
22-02-2011,93.56999969
23-02-2011,98.09999847
24-02-2011,97.27999878
25-02-2011,97.87999725
28-02-2011,96.97000122
01-03-2011,99.62999725
02-03-2011,102.2300034
03-03-2011,101.9100037
04-03-2011,104.4199982
07-03-2011,105.4400024
08-03-2011,105.0199966
09-03-2011,104.3799973
10-03-2011,102.6999969
11-03-2011,101.1600037
14-03-2011,101.1900024
15-03-2011,97.18000031
16-03-2011,97.98000336
17-03-2011,101.4199982
18-03-2011,101.0699997
21-03-2011,102.3300018
22-03-2011,104
23-03-2011,105.75
24-03-2011,105.5999985
25-03-2011,105.4000015
28-03-2011,103.9800034
29-03-2011,104.7900009
30-03-2011,104.2699966
31-03-2011,106.7200012
01-04-2011,107.9400024
04-04-2011,108.4700012
05-04-2011,108.3399963
06-04-2011,108.8300018
07-04-2011,110.3000031
08-04-2011,112.7900009
11-04-2011,109.9199982
12-04-2011,106.25
13-04-2011,107.1100006
14-04-2011,108.1100006
15-04-2011,109.6600037
18-04-2011,107.1200027
19-04-2011,108.1500015
20-04-2011,111.4499969
21-04-2011,112.2900009
25-04-2011,112.2799988
26-04-2011,112.2099991
27-04-2011,112.7600021
28-04-2011,112.8600006
29-04-2011,113.9300003
02-05-2011,113.5199966
03-05-2011,111.0500031
04-05-2011,109.2399979
05-05-2011,99.80000305
06-05-2011,97.18000031
09-05-2011,102.5500031
10-05-2011,103.8799973
11-05-2011,98.20999908
12-05-2011,98.97000122
13-05-2011,99.65000153
16-05-2011,97.37000275
17-05-2011,96.91000366
18-05-2011,100.0999985
19-05-2011,98.44000244
20-05-2011,99.48999786
23-05-2011,97.69999695
24-05-2011,99.58999634
25-05-2011,101.3199997
26-05-2011,100.2300034
27-05-2011,100.5899963
31-05-2011,102.6999969
01-06-2011,100.2900009
02-06-2011,100.4000015
03-06-2011,100.2200012
06-06-2011,99.01000214
07-06-2011,99.08999634
08-06-2011,100.7399979
09-06-2011,101.9300003
10-06-2011,99.29000092
13-06-2011,97.30000305
14-06-2011,99.37000275
15-06-2011,94.80999756
16-06-2011,94.94999695
17-06-2011,93.01000214
20-06-2011,93.26000214
21-06-2011,93.40000153
22-06-2011,95.41000366
23-06-2011,91.01999664
24-06-2011,91.16000366
27-06-2011,90.61000061
28-06-2011,92.88999939
29-06-2011,94.76999664
30-06-2011,95.41999817
01-07-2011,94.94000244
05-07-2011,96.88999939
06-07-2011,96.65000153
07-07-2011,98.66999817
08-07-2011,96.19999695
11-07-2011,95.15000153
12-07-2011,97.43000031
13-07-2011,98.05000305
14-07-2011,95.69000244
15-07-2011,97.23999786
18-07-2011,95.93000031
19-07-2011,97.5
20-07-2011,98.13999939
21-07-2011,99.12999725
22-07-2011,99.87000275
25-07-2011,99.19999695
26-07-2011,99.58999634
27-07-2011,97.40000153
28-07-2011,97.44000244
29-07-2011,95.69999695
01-08-2011,94.88999939
02-08-2011,93.79000092
03-08-2011,91.93000031
04-08-2011,86.62999725
05-08-2011,86.87999725
08-08-2011,81.30999756
09-08-2011,79.30000305
10-08-2011,82.88999939
11-08-2011,85.72000122
12-08-2011,85.37999725
15-08-2011,87.87999725
16-08-2011,86.65000153
17-08-2011,87.58000183
18-08-2011,82.37999725
19-08-2011,82.26000214
22-08-2011,84.12000275
23-08-2011,85.44000244
24-08-2011,85.16000366
25-08-2011,85.30000305
26-08-2011,85.37000275
29-08-2011,87.26999664
30-08-2011,88.90000153
31-08-2011,88.80999756
01-09-2011,88.93000031
02-09-2011,86.44999695
06-09-2011,86.01999664
07-09-2011,89.33999634
08-09-2011,89.05000305
09-09-2011,87.23999786
12-09-2011,88.19000244
13-09-2011,90.20999908
14-09-2011,88.91000366
15-09-2011,89.40000153
16-09-2011,87.95999908
19-09-2011,85.69999695
20-09-2011,86.88999939
21-09-2011,85.91999817
22-09-2011,80.51000214
23-09-2011,79.84999847
26-09-2011,80.23999786
27-09-2011,84.44999695
28-09-2011,81.20999908
29-09-2011,82.13999939
30-09-2011,79.19999695
03-10-2011,77.61000061
04-10-2011,75.66999817
05-10-2011,79.68000031
06-10-2011,82.58999634
07-10-2011,82.98000336
10-10-2011,85.41000366
11-10-2011,85.80999756
12-10-2011,85.56999969
13-10-2011,84.23000336
14-10-2011,86.80000305
17-10-2011,86.37999725
18-10-2011,88.33999634
19-10-2011,86.11000061
20-10-2011,85.30000305
21-10-2011,87.40000153
24-10-2011,91.26999664
25-10-2011,93.16999817
26-10-2011,90.19999695
27-10-2011,93.95999908
28-10-2011,93.31999969
31-10-2011,93.19000244
01-11-2011,92.19000244
02-11-2011,92.51000214
03-11-2011,94.06999969
04-11-2011,94.26000214
07-11-2011,95.51999664
08-11-2011,96.80000305
09-11-2011,95.73999786
10-11-2011,97.77999878
11-11-2011,98.98999786
14-11-2011,98.13999939
15-11-2011,99.37000275
16-11-2011,102.5899963
17-11-2011,98.81999969
18-11-2011,97.41000366
21-11-2011,96.91999817
22-11-2011,98.01000214
23-11-2011,96.16999817
25-11-2011,96.76999664
28-11-2011,98.20999908
29-11-2011,99.79000092
30-11-2011,100.3600006
01-12-2011,100.1999969
02-12-2011,100.9599991
05-12-2011,100.9899979
06-12-2011,101.2799988
07-12-2011,100.4899979
08-12-2011,98.33999634
09-12-2011,99.41000366
12-12-2011,97.76999664
13-12-2011,100.1399994
14-12-2011,94.94999695
15-12-2011,93.87000275
16-12-2011,93.52999878
19-12-2011,93.87999725
20-12-2011,97.22000122
21-12-2011,98.66999817
22-12-2011,99.52999878
23-12-2011,99.68000031
27-12-2011,101.3399963
28-12-2011,99.36000061
29-12-2011,99.65000153
30-12-2011,98.83000183
03-01-2012,102.9599991
04-01-2012,103.2200012
05-01-2012,101.8099976
06-01-2012,101.5599976
09-01-2012,101.3099976
10-01-2012,102.2399979
11-01-2012,100.8700027
12-01-2012,99.09999847
13-01-2012,98.69999695
17-01-2012,100.7099991
18-01-2012,100.5899963
19-01-2012,100.3899994
20-01-2012,98.45999908
23-01-2012,99.58000183
24-01-2012,98.94999695
25-01-2012,99.40000153
26-01-2012,99.69999695
27-01-2012,99.55999756
30-01-2012,98.77999878
31-01-2012,98.48000336
01-02-2012,97.61000061
02-02-2012,96.36000061
03-02-2012,97.83999634
06-02-2012,96.91000366
07-02-2012,98.41000366
08-02-2012,98.70999908
09-02-2012,99.83999634
10-02-2012,98.66999817
13-02-2012,100.9100037
14-02-2012,100.7399979
15-02-2012,101.8000031
16-02-2012,102.3099976
17-02-2012,103.2399979
21-02-2012,105.8399963
22-02-2012,106.2799988
23-02-2012,107.8300018
24-02-2012,109.7699966
27-02-2012,108.5599976
28-02-2012,106.5500031
29-02-2012,107.0699997
01-03-2012,108.8399963
02-03-2012,106.6999969
05-03-2012,106.7200012
06-03-2012,104.6999969
07-03-2012,106.1600037
08-03-2012,106.5800018
09-03-2012,107.4000015
12-03-2012,106.3399963
13-03-2012,106.7099991
14-03-2012,105.4300003
15-03-2012,105.1100006
16-03-2012,107.0599976
19-03-2012,108.0899963
20-03-2012,105.6100006
21-03-2012,107.2699966
22-03-2012,105.3499985
23-03-2012,106.8700027
26-03-2012,107.0299988
27-03-2012,107.3300018
28-03-2012,105.4100037
29-03-2012,102.7799988
30-03-2012,103.0199966
02-04-2012,105.2300034
03-04-2012,104.0100021
04-04-2012,101.4700012
05-04-2012,103.3099976
09-04-2012,102.4599991
10-04-2012,101.0199966
11-04-2012,102.6999969
12-04-2012,103.6399994
13-04-2012,102.8300018
16-04-2012,102.9300003
17-04-2012,104.1999969
18-04-2012,102.6699982
19-04-2012,102.2699966
20-04-2012,103.0500031
23-04-2012,103.1100006
24-04-2012,103.5500031
25-04-2012,104.1200027
26-04-2012,104.5500031
27-04-2012,104.9300003
30-04-2012,104.8700027
01-05-2012,106.1600037
02-05-2012,105.2200012
03-05-2012,102.5400009
04-05-2012,98.48999786
07-05-2012,97.94000244
08-05-2012,97.01000214
09-05-2012,96.80999756
10-05-2012,97.08000183
11-05-2012,96.12999725
14-05-2012,94.77999878
15-05-2012,93.98000336
16-05-2012,92.80999756
17-05-2012,92.55999756
18-05-2012,91.48000336
21-05-2012,92.56999969
22-05-2012,91.66000366
23-05-2012,89.90000153
24-05-2012,90.66000366
25-05-2012,90.86000061
29-05-2012,90.76000214
30-05-2012,87.81999969
31-05-2012,86.52999878
01-06-2012,83.23000336
04-06-2012,83.98000336
05-06-2012,84.29000092
06-06-2012,85.01999664
07-06-2012,84.81999969
08-06-2012,84.09999847
11-06-2012,82.69999695
12-06-2012,83.31999969
13-06-2012,82.62000275
14-06-2012,83.91000366
15-06-2012,84.02999878
18-06-2012,83.26999664
19-06-2012,84.02999878
20-06-2012,81.80000305
21-06-2012,78.19999695
22-06-2012,79.76000214
25-06-2012,79.20999908
26-06-2012,79.36000061
27-06-2012,80.20999908
28-06-2012,77.69000244
29-06-2012,84.95999908
02-07-2012,83.75
03-07-2012,87.66000366
05-07-2012,87.22000122
06-07-2012,84.44999695
09-07-2012,85.98999786
10-07-2012,83.91000366
11-07-2012,85.80999756
12-07-2012,86.08000183
13-07-2012,87.09999847
16-07-2012,88.43000031
17-07-2012,89.22000122
18-07-2012,89.87000275
19-07-2012,92.66000366
20-07-2012,91.44000244
23-07-2012,88.13999939
24-07-2012,88.5
25-07-2012,88.97000122
26-07-2012,89.38999939
27-07-2012,90.12999725
30-07-2012,89.77999878
31-07-2012,88.05999756
01-08-2012,88.91000366
02-08-2012,87.12999725
03-08-2012,91.40000153
06-08-2012,92.19999695
07-08-2012,93.66999817
08-08-2012,93.34999847
09-08-2012,93.36000061
10-08-2012,92.87000275
13-08-2012,92.73000336
14-08-2012,93.43000031
15-08-2012,94.33000183
16-08-2012,95.59999847
17-08-2012,96.01000214
20-08-2012,95.97000122
21-08-2012,96.68000031
22-08-2012,97.26000214
23-08-2012,96.26999664
24-08-2012,96.15000153
27-08-2012,95.47000122
28-08-2012,96.33000183
29-08-2012,95.48999786
30-08-2012,94.62000275
31-08-2012,96.47000122
04-09-2012,95.30000305
05-09-2012,95.36000061
06-09-2012,95.52999878
07-09-2012,96.41999817
10-09-2012,96.54000092
11-09-2012,97.16999817
12-09-2012,97.01000214
13-09-2012,98.30999756
14-09-2012,99
17-09-2012,96.62000275
18-09-2012,95.29000092
19-09-2012,91.98000336
20-09-2012,91.87000275
21-09-2012,92.88999939
24-09-2012,91.93000031
25-09-2012,91.37000275
26-09-2012,89.98000336
27-09-2012,91.84999847
28-09-2012,92.19000244
01-10-2012,92.48000336
02-10-2012,91.88999939
03-10-2012,88.13999939
04-10-2012,91.70999908
05-10-2012,89.87999725
08-10-2012,89.33000183
09-10-2012,92.38999939
10-10-2012,91.25
11-10-2012,92.06999969
12-10-2012,91.86000061
15-10-2012,91.84999847
16-10-2012,92.08999634
17-10-2012,92.12000275
18-10-2012,92.09999847
19-10-2012,90.05000305
22-10-2012,88.73000336
23-10-2012,86.66999817
24-10-2012,85.73000336
25-10-2012,86.05000305
26-10-2012,86.27999878
31-10-2012,86.23999786
01-11-2012,87.08999634
02-11-2012,84.86000061
05-11-2012,85.65000153
06-11-2012,88.70999908
07-11-2012,84.44000244
08-11-2012,85.08999634
09-11-2012,86.06999969
12-11-2012,85.56999969
13-11-2012,85.37999725
14-11-2012,86.31999969
15-11-2012,85.44999695
16-11-2012,86.66999817
19-11-2012,89.27999878
20-11-2012,86.75
21-11-2012,87.37999725
23-11-2012,88.27999878
26-11-2012,87.73999786
27-11-2012,87.18000031
28-11-2012,86.48999786
29-11-2012,88.06999969
30-11-2012,88.91000366
03-12-2012,89.08999634
04-12-2012,88.5
05-12-2012,87.87999725
06-12-2012,86.26000214
07-12-2012,85.93000031
10-12-2012,85.55999756
11-12-2012,85.79000092
12-12-2012,86.76999664
13-12-2012,85.88999939
14-12-2012,86.73000336
17-12-2012,87.19999695
18-12-2012,87.93000031
19-12-2012,89.51000214
20-12-2012,90.12999725
21-12-2012,88.66000366
24-12-2012,88.61000061
26-12-2012,90.98000336
27-12-2012,90.87000275
28-12-2012,90.80000305
31-12-2012,91.81999969
02-01-2013,93.12000275
03-01-2013,92.91999817
04-01-2013,93.08999634
07-01-2013,93.19000244
08-01-2013,93.15000153
09-01-2013,93.09999847
10-01-2013,93.81999969
11-01-2013,93.55999756
14-01-2013,94.13999939
15-01-2013,93.27999878
16-01-2013,94.23999786
17-01-2013,95.48999786
18-01-2013,95.55999756
22-01-2013,96.23999786
23-01-2013,95.23000336
24-01-2013,95.94999695
25-01-2013,95.87999725
28-01-2013,96.44000244
29-01-2013,97.56999969
30-01-2013,97.94000244
31-01-2013,97.48999786
01-02-2013,97.76999664
04-02-2013,96.16999817
05-02-2013,96.63999939
06-02-2013,96.62000275
07-02-2013,95.83000183
08-02-2013,95.72000122
11-02-2013,97.02999878
12-02-2013,97.51000214
13-02-2013,97.01000214
14-02-2013,97.30999756
15-02-2013,95.86000061
19-02-2013,96.66000366
20-02-2013,94.45999908
21-02-2013,92.83999634
22-02-2013,93.12999725
25-02-2013,93.11000061
26-02-2013,92.62999725
27-02-2013,92.76000214
28-02-2013,92.05000305
01-03-2013,90.68000031
04-03-2013,90.12000275
05-03-2013,90.81999969
06-03-2013,90.43000031
07-03-2013,91.55999756
08-03-2013,91.94999695
11-03-2013,92.05999756
12-03-2013,92.54000092
13-03-2013,92.51999664
14-03-2013,93.02999878
15-03-2013,93.44999695
18-03-2013,93.73999786
19-03-2013,92.16000366
20-03-2013,92.95999908
21-03-2013,92.44999695
22-03-2013,93.70999908
25-03-2013,94.80999756
26-03-2013,96.33999634
27-03-2013,96.58000183
28-03-2013,97.23000336
01-04-2013,97.06999969
02-04-2013,97.19000244
03-04-2013,94.44999695
04-04-2013,93.26000214
05-04-2013,92.69999695
08-04-2013,93.36000061
09-04-2013,94.19999695
10-04-2013,94.63999939
11-04-2013,93.51000214
12-04-2013,91.29000092
15-04-2013,88.70999908
16-04-2013,88.72000122
17-04-2013,86.68000031
18-04-2013,87.73000336
19-04-2013,88.01000214
22-04-2013,88.76000214
23-04-2013,89.18000031
24-04-2013,91.43000031
25-04-2013,93.63999939
26-04-2013,93
29-04-2013,94.5
30-04-2013,93.45999908
01-05-2013,91.02999878
02-05-2013,93.98999786
03-05-2013,95.61000061
06-05-2013,96.16000366
07-05-2013,95.62000275
08-05-2013,96.62000275
09-05-2013,96.38999939
10-05-2013,96.04000092
13-05-2013,95.16999817
14-05-2013,94.20999908
15-05-2013,94.30000305
16-05-2013,95.16000366
17-05-2013,96.01999664
20-05-2013,96.70999908
21-05-2013,96.16000366
22-05-2013,94.27999878
23-05-2013,94.25
24-05-2013,94.15000153
28-05-2013,95.01000214
29-05-2013,93.12999725
30-05-2013,93.61000061
31-05-2013,91.97000122
03-06-2013,93.44999695
04-06-2013,93.30999756
05-06-2013,93.73999786
06-06-2013,94.76000214
07-06-2013,96.02999878
10-06-2013,95.76999664
11-06-2013,95.37999725
12-06-2013,95.87999725
13-06-2013,96.69000244
14-06-2013,97.84999847
17-06-2013,97.76999664
18-06-2013,98.44000244
19-06-2013,98.23999786
20-06-2013,95.40000153
21-06-2013,93.69000244
24-06-2013,95.18000031
25-06-2013,95.31999969
26-06-2013,95.5
27-06-2013,97.05000305
28-06-2013,96.55999756
01-07-2013,97.98999786
02-07-2013,99.59999847
03-07-2013,101.2399979
05-07-2013,103.2200012
08-07-2013,103.1399994
09-07-2013,103.5299988
10-07-2013,106.5199966
11-07-2013,104.9100037
12-07-2013,105.9499969
15-07-2013,106.3199997
16-07-2013,106
17-07-2013,106.4800034
18-07-2013,108.0400009
19-07-2013,108.0500031
22-07-2013,106.9100037
23-07-2013,107.2300034
24-07-2013,105.3899994
25-07-2013,105.4899979
26-07-2013,104.6999969
29-07-2013,104.5500031
30-07-2013,103.0800018
31-07-2013,105.0299988
01-08-2013,107.8899994
02-08-2013,106.9400024
05-08-2013,106.5599976
06-08-2013,105.3000031
07-08-2013,104.3700027
08-08-2013,103.4000015
09-08-2013,105.9700012
12-08-2013,106.1100006
13-08-2013,106.8300018
14-08-2013,106.8499985
15-08-2013,107.3300018
16-08-2013,107.4599991
19-08-2013,107.0999985
20-08-2013,104.9700012
21-08-2013,103.8499985
22-08-2013,105.0299988
23-08-2013,106.4199982
26-08-2013,105.9199982
27-08-2013,109.0100021
28-08-2013,110.0999985
29-08-2013,108.8000031
30-08-2013,107.6500015
03-09-2013,108.5400009
04-09-2013,107.2300034
05-09-2013,108.3700027
06-09-2013,110.5299988
09-09-2013,109.5199966
10-09-2013,107.3899994
11-09-2013,107.5599976
12-09-2013,108.5999985
13-09-2013,108.2099991
16-09-2013,106.5899963
17-09-2013,105.4199982
18-09-2013,108.0699997
19-09-2013,106.3899994
20-09-2013,104.6800003
23-09-2013,103.5899963
24-09-2013,103.1299973
25-09-2013,102.6600037
26-09-2013,103.0299988
27-09-2013,102.8700027
30-09-2013,102.3300018
01-10-2013,102.0400009
02-10-2013,104.0999985
03-10-2013,103.3099976
04-10-2013,103.8399963
07-10-2013,103.0299988
08-10-2013,103.4899979
09-10-2013,101.6100006
10-10-2013,103.0100021
11-10-2013,102.0199966
14-10-2013,102.4100037
15-10-2013,101.2099991
16-10-2013,102.2900009
17-10-2013,100.6699982
18-10-2013,100.8099976
21-10-2013,99.22000122
22-10-2013,97.80000305
23-10-2013,96.86000061
24-10-2013,97.11000061
25-10-2013,97.84999847
28-10-2013,98.68000031
29-10-2013,98.19999695
30-10-2013,96.76999664
31-10-2013,96.37999725
01-11-2013,94.61000061
04-11-2013,94.62000275
05-11-2013,93.37000275
06-11-2013,94.80000305
07-11-2013,94.19999695
08-11-2013,94.59999847
11-11-2013,95.13999939
12-11-2013,93.04000092
13-11-2013,93.87999725
14-11-2013,93.76000214
15-11-2013,93.83999634
18-11-2013,93.02999878
19-11-2013,93.33999634
20-11-2013,93.33000183
21-11-2013,95.44000244
22-11-2013,94.83999634
25-11-2013,94.08999634
26-11-2013,93.68000031
27-11-2013,92.30000305
29-11-2013,92.72000122
02-12-2013,93.81999969
03-12-2013,96.04000092
04-12-2013,97.19999695
05-12-2013,97.37999725
06-12-2013,97.65000153
09-12-2013,97.33999634
10-12-2013,98.51000214
11-12-2013,97.44000244
12-12-2013,97.5
13-12-2013,96.59999847
16-12-2013,97.48000336
17-12-2013,97.22000122
18-12-2013,97.80000305
19-12-2013,98.76999664
20-12-2013,99.31999969
23-12-2013,98.91000366
24-12-2013,99.22000122
26-12-2013,99.55000305
27-12-2013,100.3199997
30-12-2013,99.29000092
31-12-2013,98.41999817
02-01-2014,95.44000244
03-01-2014,93.95999908
06-01-2014,93.43000031
07-01-2014,93.66999817
08-01-2014,92.33000183
09-01-2014,91.66000366
10-01-2014,92.72000122
13-01-2014,91.80000305
14-01-2014,92.58999634
15-01-2014,94.16999817
16-01-2014,93.95999908
17-01-2014,94.37000275
21-01-2014,94.98999786
22-01-2014,96.73000336
23-01-2014,97.31999969
24-01-2014,96.63999939
27-01-2014,95.72000122
28-01-2014,97.41000366
29-01-2014,97.36000061
30-01-2014,98.23000336
31-01-2014,97.48999786
03-02-2014,96.43000031
04-02-2014,97.19000244
05-02-2014,97.37999725
06-02-2014,97.83999634
07-02-2014,99.87999725
10-02-2014,100.0599976
11-02-2014,99.94000244
12-02-2014,100.3700027
13-02-2014,100.3499985
14-02-2014,100.3000031
18-02-2014,102.4300003
19-02-2014,103.3099976
20-02-2014,102.9199982
21-02-2014,102.1999969
24-02-2014,102.8199997
25-02-2014,101.8300018
26-02-2014,102.5899963
27-02-2014,102.4000015
28-02-2014,102.5899963
03-03-2014,104.9199982
04-03-2014,103.3300018
05-03-2014,101.4499969
06-03-2014,101.5599976
07-03-2014,102.5800018
10-03-2014,101.1200027
11-03-2014,100.0299988
12-03-2014,97.98999786
13-03-2014,98.19999695
14-03-2014,98.88999939
17-03-2014,98.08000183
18-03-2014,99.69999695
19-03-2014,100.3700027
20-03-2014,99.43000031
21-03-2014,99.45999908
24-03-2014,99.59999847
25-03-2014,99.19000244
26-03-2014,100.2600021
27-03-2014,101.2799988
28-03-2014,101.6699982
31-03-2014,101.5800018
01-04-2014,99.73999786
02-04-2014,99.62000275
03-04-2014,100.2900009
04-04-2014,101.1399994
07-04-2014,100.4400024
08-04-2014,102.5599976
09-04-2014,103.5999985
10-04-2014,103.4000015
11-04-2014,103.7399979
14-04-2014,104.0500031
15-04-2014,103.75
16-04-2014,103.7600021
17-04-2014,104.3000031
21-04-2014,104.3700027
22-04-2014,102.1299973
23-04-2014,101.4400024
24-04-2014,101.9400024
25-04-2014,100.5999985
28-04-2014,100.8399963
29-04-2014,101.2799988
30-04-2014,99.73999786
01-05-2014,99.41999817
02-05-2014,99.76000214
05-05-2014,99.48000336
06-05-2014,99.5
07-05-2014,100.7699966
08-05-2014,100.2600021
09-05-2014,99.98999786
12-05-2014,100.5899963
13-05-2014,101.6999969
14-05-2014,102.3700027
15-05-2014,101.5
16-05-2014,102.0199966
19-05-2014,102.6100006
20-05-2014,102.4400024
21-05-2014,104.0699997
22-05-2014,103.7399979
23-05-2014,104.3499985
27-05-2014,104.1100006
28-05-2014,102.7200012
29-05-2014,103.5800018
30-05-2014,102.7099991
02-06-2014,102.4700012
03-06-2014,102.6600037
04-06-2014,102.6399994
05-06-2014,102.4800034
06-06-2014,102.6600037
09-06-2014,104.4100037
10-06-2014,104.3499985
11-06-2014,104.4000015
12-06-2014,106.5299988
13-06-2014,106.9100037
16-06-2014,106.9000015
17-06-2014,106.3600006
18-06-2014,105.9700012
19-06-2014,106.4300003
20-06-2014,107.2600021
23-06-2014,106.1699982
24-06-2014,106.0299988
25-06-2014,106.5
26-06-2014,105.8399963
27-06-2014,105.7399979
30-06-2014,105.3700027
01-07-2014,105.3399963
02-07-2014,104.4800034
03-07-2014,104.0599976
07-07-2014,103.5299988
08-07-2014,103.4000015
09-07-2014,102.2900009
10-07-2014,102.9300003
11-07-2014,100.8300018
14-07-2014,100.9100037
15-07-2014,99.95999908
16-07-2014,101.1999969
17-07-2014,103.1900024
18-07-2014,103.1299973
21-07-2014,104.5899963
22-07-2014,104.4199982
23-07-2014,103.1200027
24-07-2014,102.0699997
25-07-2014,102.0899963
28-07-2014,101.6699982
29-07-2014,100.9700012
30-07-2014,100.2699966
31-07-2014,98.16999817
01-08-2014,97.87999725
04-08-2014,98.29000092
05-08-2014,97.37999725
06-08-2014,96.91999817
07-08-2014,97.33999634
08-08-2014,97.65000153
11-08-2014,98.08000183
12-08-2014,97.37000275
13-08-2014,97.58999634
14-08-2014,95.58000183
15-08-2014,97.34999847
18-08-2014,96.41000366
19-08-2014,94.48000336
20-08-2014,96.06999969
21-08-2014,93.95999908
22-08-2014,93.65000153
25-08-2014,93.34999847
26-08-2014,93.86000061
27-08-2014,93.87999725
28-08-2014,94.55000305
29-08-2014,95.95999908
02-09-2014,92.87999725
03-09-2014,95.54000092
04-09-2014,94.44999695
05-09-2014,93.29000092
08-09-2014,92.66000366
09-09-2014,92.75
10-09-2014,91.66999817
11-09-2014,92.83000183
12-09-2014,92.26999664
15-09-2014,92.91999817
16-09-2014,94.87999725
17-09-2014,94.41999817
18-09-2014,93.06999969
19-09-2014,92.41000366
22-09-2014,91.51999664
23-09-2014,91.55999756
24-09-2014,92.80000305
25-09-2014,92.52999878
26-09-2014,93.54000092
29-09-2014,94.56999969
30-09-2014,91.16000366
01-10-2014,90.73000336
02-10-2014,91.01000214
03-10-2014,89.73999786
06-10-2014,90.33999634
07-10-2014,88.84999847
08-10-2014,87.30999756
09-10-2014,85.76999664
10-10-2014,85.81999969
13-10-2014,85.73999786
14-10-2014,81.83999634
15-10-2014,81.77999878
16-10-2014,82.69999695
17-10-2014,82.75
20-10-2014,82.70999908
21-10-2014,82.80999756
22-10-2014,80.51999664
23-10-2014,82.08999634
24-10-2014,81.01000214
27-10-2014,81
28-10-2014,81.41999817
29-10-2014,82.19999695
30-10-2014,81.12000275
31-10-2014,80.54000092
03-11-2014,78.77999878
04-11-2014,77.19000244
05-11-2014,78.68000031
06-11-2014,77.91000366
07-11-2014,78.65000153
10-11-2014,77.40000153
11-11-2014,77.94000244
12-11-2014,77.18000031
13-11-2014,74.20999908
14-11-2014,75.81999969
17-11-2014,75.63999939
18-11-2014,74.61000061
19-11-2014,74.58000183
20-11-2014,75.58000183
21-11-2014,76.51000214
24-11-2014,75.77999878
25-11-2014,74.08999634
26-11-2014,73.69000244
28-11-2014,66.15000153
01-12-2014,69
02-12-2014,66.87999725
03-12-2014,67.37999725
04-12-2014,66.80999756
05-12-2014,65.83999634
08-12-2014,63.04999924
09-12-2014,63.81999969
10-12-2014,60.93999863
11-12-2014,59.95000076
12-12-2014,57.81000137
15-12-2014,55.90999985
16-12-2014,55.93000031
17-12-2014,56.47000122
18-12-2014,54.11000061
19-12-2014,56.52000046
22-12-2014,55.25999832
23-12-2014,57.11999893
24-12-2014,55.84000015
26-12-2014,54.72999954
29-12-2014,53.61000061
30-12-2014,54.11999893
31-12-2014,53.27000046
02-01-2015,52.68999863
05-01-2015,50.04000092
06-01-2015,47.93000031
07-01-2015,48.65000153
08-01-2015,48.79000092
09-01-2015,48.36000061
12-01-2015,46.06999969
13-01-2015,45.88999939
14-01-2015,48.47999954
15-01-2015,46.25
16-01-2015,48.68999863
20-01-2015,46.38999939
21-01-2015,47.77999878
22-01-2015,46.31000137
23-01-2015,45.59000015
26-01-2015,45.15000153
27-01-2015,46.22999954
28-01-2015,44.45000076
29-01-2015,44.52999878
30-01-2015,48.24000168
02-02-2015,49.56999969
03-02-2015,53.04999924
04-02-2015,48.45000076
05-02-2015,50.47999954
06-02-2015,51.68999863
09-02-2015,52.86000061
10-02-2015,50.02000046
11-02-2015,48.84000015
12-02-2015,51.20999908
13-02-2015,52.77999878
17-02-2015,53.52999878
18-02-2015,52.13999939
19-02-2015,51.15999985
20-02-2015,50.34000015
23-02-2015,49.45000076
24-02-2015,49.27999878
25-02-2015,50.99000168
26-02-2015,48.16999817
27-02-2015,49.75999832
02-03-2015,49.59000015
03-03-2015,50.52000046
04-03-2015,51.52999878
05-03-2015,50.75999832
06-03-2015,49.61000061
09-03-2015,50
10-03-2015,48.29000092
11-03-2015,48.16999817
12-03-2015,47.04999924
13-03-2015,44.84000015
16-03-2015,43.88000107
17-03-2015,43.45999908
18-03-2015,44.65999985
19-03-2015,43.95999908
20-03-2015,45.72000122
23-03-2015,47.45000076
24-03-2015,47.50999832
25-03-2015,49.20999908
26-03-2015,51.43000031
27-03-2015,48.86999893
30-03-2015,48.68000031
31-03-2015,47.59999847
01-04-2015,50.09000015
02-04-2015,49.13999939
06-04-2015,52.13999939
07-04-2015,53.97999954
08-04-2015,50.41999817
09-04-2015,50.79000092
10-04-2015,51.63999939
13-04-2015,51.90999985
14-04-2015,53.29000092
15-04-2015,56.38999939
16-04-2015,56.70999908
17-04-2015,55.74000168
20-04-2015,56.38000107
21-04-2015,55.25999832
22-04-2015,56.15999985
23-04-2015,57.74000168
24-04-2015,57.15000153
27-04-2015,56.99000168
28-04-2015,57.06000137
29-04-2015,58.58000183
30-04-2015,59.63000107
01-05-2015,59.15000153
04-05-2015,58.93000031
05-05-2015,60.40000153
06-05-2015,60.93000031
07-05-2015,58.93999863
08-05-2015,59.38999939
11-05-2015,59.25
12-05-2015,60.75
13-05-2015,60.5
14-05-2015,59.88000107
15-05-2015,59.68999863
18-05-2015,59.43000031
19-05-2015,57.25999832
20-05-2015,58.97999954
21-05-2015,60.72000122
22-05-2015,59.72000122
26-05-2015,58.02999878
27-05-2015,57.50999832
28-05-2015,57.68000031
29-05-2015,60.29999924
01-06-2015,60.20000076
02-06-2015,61.25999832
03-06-2015,59.63999939
04-06-2015,58
05-06-2015,59.13000107
08-06-2015,58.13999939
09-06-2015,60.13999939
10-06-2015,61.43000031
11-06-2015,60.77000046
12-06-2015,59.95999908
15-06-2015,59.52000046
16-06-2015,59.97000122
17-06-2015,59.91999817
18-06-2015,60.45000076
19-06-2015,59.61000061
22-06-2015,59.68000031
23-06-2015,61.00999832
24-06-2015,60.27000046
25-06-2015,59.70000076
26-06-2015,59.63000107
29-06-2015,58.33000183
30-06-2015,59.47000122
01-07-2015,56.95999908
02-07-2015,56.93000031
06-07-2015,52.52999878
07-07-2015,52.33000183
08-07-2015,51.65000153
09-07-2015,52.77999878
10-07-2015,52.74000168
13-07-2015,52.20000076
14-07-2015,53.04000092
15-07-2015,51.40999985
16-07-2015,50.90999985
17-07-2015,50.88999939
20-07-2015,50.15000153
21-07-2015,50.36000061
22-07-2015,49.18999863
23-07-2015,48.45000076
24-07-2015,48.13999939
27-07-2015,47.38999939
28-07-2015,47.97999954
29-07-2015,48.79000092
30-07-2015,48.52000046
31-07-2015,47.11999893
03-08-2015,45.16999817
04-08-2015,45.74000168
05-08-2015,45.15000153
06-08-2015,44.65999985
07-08-2015,43.86999893
10-08-2015,44.95999908
11-08-2015,43.08000183
12-08-2015,43.29999924
13-08-2015,42.22999954
14-08-2015,42.5
17-08-2015,41.86999893
18-08-2015,42.61999893
19-08-2015,40.79999924
20-08-2015,41.13999939
21-08-2015,40.45000076
24-08-2015,38.24000168
25-08-2015,39.31000137
26-08-2015,38.59999847
27-08-2015,42.56000137
28-08-2015,45.22000122
31-08-2015,49.20000076
01-09-2015,45.40999985
02-09-2015,46.25
03-09-2015,46.75
04-09-2015,46.04999924
08-09-2015,45.93999863
09-09-2015,44.15000153
10-09-2015,45.91999817
11-09-2015,44.63000107
14-09-2015,44
15-09-2015,44.59000015
16-09-2015,47.15000153
17-09-2015,46.90000153
18-09-2015,44.68000031
21-09-2015,46.68000031
22-09-2015,45.83000183
23-09-2015,44.47999954
24-09-2015,44.90999985
25-09-2015,45.70000076
28-09-2015,44.43000031
29-09-2015,45.22999954
30-09-2015,45.09000015
01-10-2015,44.74000168
02-10-2015,45.54000092
05-10-2015,46.25999832
06-10-2015,48.52999878
07-10-2015,47.81000137
08-10-2015,49.43000031
09-10-2015,49.63000107
12-10-2015,47.09999847
13-10-2015,46.65999985
14-10-2015,46.63999939
15-10-2015,46.38000107
16-10-2015,47.25999832
19-10-2015,45.88999939
20-10-2015,45.54999924
21-10-2015,45.20000076
22-10-2015,45.38000107
23-10-2015,44.59999847
26-10-2015,43.97999954
27-10-2015,43.20000076
28-10-2015,45.93999863
29-10-2015,46.06000137
30-10-2015,46.59000015
02-11-2015,46.13999939
03-11-2015,47.90000153
04-11-2015,46.31999969
05-11-2015,45.20000076
06-11-2015,44.29000092
09-11-2015,43.86999893
10-11-2015,44.20999908
11-11-2015,42.93000031
12-11-2015,41.75
13-11-2015,40.74000168
16-11-2015,41.74000168
17-11-2015,40.66999817
18-11-2015,40.75
19-11-2015,40.54000092
20-11-2015,40.38999939
23-11-2015,41.75
24-11-2015,42.86999893
25-11-2015,43.04000092
27-11-2015,41.70999908
30-11-2015,41.65000153
01-12-2015,41.84999847
02-12-2015,39.93999863
03-12-2015,41.08000183
04-12-2015,39.97000122
07-12-2015,37.65000153
08-12-2015,37.50999832
09-12-2015,37.15999985
10-12-2015,36.75999832
11-12-2015,35.61999893
14-12-2015,36.31000137
15-12-2015,37.34999847
16-12-2015,35.52000046
17-12-2015,34.95000076
18-12-2015,34.72999954
21-12-2015,34.74000168
22-12-2015,36.13999939
23-12-2015,37.5
24-12-2015,38.09999847
28-12-2015,36.81000137
29-12-2015,37.86999893
30-12-2015,36.59999847
31-12-2015,37.04000092
04-01-2016,36.75999832
05-01-2016,35.97000122
06-01-2016,33.97000122
07-01-2016,33.27000046
08-01-2016,33.15999985
11-01-2016,31.40999985
12-01-2016,30.44000053
13-01-2016,30.47999954
14-01-2016,31.20000076
15-01-2016,29.42000008
19-01-2016,28.45999908
20-01-2016,26.54999924
21-01-2016,29.53000069
22-01-2016,32.18999863
25-01-2016,30.34000015
26-01-2016,31.45000076
27-01-2016,32.29999924
28-01-2016,33.22000122
29-01-2016,33.61999893
01-02-2016,31.62000084
02-02-2016,29.87999916
03-02-2016,32.27999878
04-02-2016,31.71999931
05-02-2016,30.88999939
08-02-2016,29.69000053
09-02-2016,27.94000053
10-02-2016,27.45000076
11-02-2016,26.20999908
12-02-2016,29.44000053
16-02-2016,29.04000092
17-02-2016,30.65999985
18-02-2016,30.77000046
19-02-2016,29.63999939
22-02-2016,31.47999954
23-02-2016,31.87000084
24-02-2016,32.15000153
25-02-2016,33.06999969
26-02-2016,32.77999878
29-02-2016,33.75
01-03-2016,34.40000153
02-03-2016,34.65999985
03-03-2016,34.56999969
04-03-2016,35.91999817
07-03-2016,37.90000153
08-03-2016,36.5
09-03-2016,38.29000092
10-03-2016,37.84000015
11-03-2016,38.5
14-03-2016,37.18000031
15-03-2016,36.34000015
16-03-2016,38.45999908
17-03-2016,40.20000076
18-03-2016,39.43999863
21-03-2016,39.90999985
22-03-2016,41.45000076
23-03-2016,39.79000092
24-03-2016,39.45999908
28-03-2016,39.38999939
29-03-2016,38.27999878
30-03-2016,38.31999969
31-03-2016,38.34000015
01-04-2016,36.79000092
04-04-2016,35.70000076
05-04-2016,35.88999939
06-04-2016,37.75
07-04-2016,37.25999832
08-04-2016,39.72000122
11-04-2016,40.36000061
12-04-2016,42.16999817
13-04-2016,41.75999832
14-04-2016,41.5
15-04-2016,40.36000061
18-04-2016,39.77999878
19-04-2016,41.08000183
20-04-2016,42.63000107
21-04-2016,43.18000031
22-04-2016,43.72999954
25-04-2016,42.63999939
26-04-2016,44.04000092
27-04-2016,45.33000183
28-04-2016,46.02999878
29-04-2016,45.91999817
02-05-2016,44.77999878
03-05-2016,43.65000153
04-05-2016,43.77999878
05-05-2016,44.31999969
06-05-2016,44.65999985
09-05-2016,43.43999863
10-05-2016,44.65999985
11-05-2016,46.22999954
12-05-2016,46.70000076
13-05-2016,46.20999908
16-05-2016,47.72000122
17-05-2016,48.31000137
18-05-2016,48.18999863
19-05-2016,48.15999985
20-05-2016,47.75
23-05-2016,48.08000183
24-05-2016,48.61999893
25-05-2016,49.56000137
26-05-2016,49.47999954
27-05-2016,49.33000183
31-05-2016,49.09999847
01-06-2016,49.00999832
02-06-2016,49.16999817
03-06-2016,48.61999893
06-06-2016,49.68999863
07-06-2016,50.36000061
08-06-2016,51.22999954
09-06-2016,50.56000137
10-06-2016,49.06999969
13-06-2016,48.88000107
14-06-2016,48.49000168
15-06-2016,48.00999832
16-06-2016,46.20999908
17-06-2016,47.97999954
20-06-2016,49.36999893
21-06-2016,48.84999847
22-06-2016,49.13000107
23-06-2016,50.11000061
24-06-2016,47.63999939
27-06-2016,46.33000183
28-06-2016,47.84999847
29-06-2016,49.88000107
30-06-2016,48.33000183
01-07-2016,48.99000168
05-07-2016,46.59999847
06-07-2016,47.43000031
07-07-2016,45.13999939
08-07-2016,45.40999985
11-07-2016,44.75999832
12-07-2016,46.79999924
13-07-2016,44.75
14-07-2016,45.68000031
15-07-2016,45.95000076
18-07-2016,45.24000168
19-07-2016,44.65000153
20-07-2016,44.93999863
21-07-2016,44.75
22-07-2016,44.18999863
25-07-2016,43.13000107
26-07-2016,42.91999817
27-07-2016,41.91999817
28-07-2016,41.13999939
29-07-2016,41.59999847
01-08-2016,40.06000137
02-08-2016,39.50999832
03-08-2016,40.83000183
04-08-2016,41.93000031
05-08-2016,41.79999924
08-08-2016,43.02000046
09-08-2016,42.77000046
10-08-2016,41.70999908
11-08-2016,43.49000168
12-08-2016,44.49000168
15-08-2016,45.74000168
16-08-2016,46.58000183
17-08-2016,46.79000092
18-08-2016,48.22000122
19-08-2016,48.52000046
22-08-2016,47.04999924
23-08-2016,48.09999847
24-08-2016,46.77000046
25-08-2016,47.33000183
26-08-2016,47.63999939
29-08-2016,46.97999954
30-08-2016,46.34999847
31-08-2016,44.70000076
01-09-2016,43.15999985
02-09-2016,44.43999863
06-09-2016,44.83000183
07-09-2016,45.5
08-09-2016,47.61999893
09-09-2016,45.88000107
12-09-2016,46.29000092
13-09-2016,44.90000153
14-09-2016,43.58000183
15-09-2016,43.90999985
16-09-2016,43.02999878
19-09-2016,43.29999924
20-09-2016,43.43999863
21-09-2016,45.34000015
22-09-2016,46.31999969
23-09-2016,44.47999954
26-09-2016,45.93000031
27-09-2016,44.66999817
28-09-2016,47.04999924
29-09-2016,47.83000183
30-09-2016,48.24000168
03-10-2016,48.81000137
04-10-2016,48.68999863
05-10-2016,49.83000183
06-10-2016,50.43999863
07-10-2016,49.81000137
11-10-2016,50.79000092
12-10-2016,50.18000031
13-10-2016,50.43999863
14-10-2016,50.34999847
17-10-2016,49.93999863
18-10-2016,50.29000092
19-10-2016,51.59999847
20-10-2016,50.43000031
21-10-2016,50.84999847
24-10-2016,50.52000046
25-10-2016,49.95999908
26-10-2016,49.18000031
27-10-2016,49.72000122
28-10-2016,48.70000076
31-10-2016,46.86000061
01-11-2016,46.66999817
02-11-2016,45.34000015
03-11-2016,44.65999985
04-11-2016,44.06999969
07-11-2016,44.88999939
08-11-2016,44.97999954
09-11-2016,45.27000046
10-11-2016,44.65999985
14-11-2016,43.31999969
15-11-2016,45.81000137
16-11-2016,45.56999969
17-11-2016,45.41999817
18-11-2016,45.68999863
21-11-2016,47.49000168
22-11-2016,48.02999878
23-11-2016,47.95999908
25-11-2016,46.06000137
28-11-2016,47.08000183
29-11-2016,45.22999954
30-11-2016,49.43999863
01-12-2016,51.06000137
02-12-2016,51.68000031
05-12-2016,51.79000092
06-12-2016,50.93000031
07-12-2016,49.77000046
08-12-2016,50.84000015
09-12-2016,51.5
12-12-2016,52.83000183
13-12-2016,52.97999954
14-12-2016,51.04000092
15-12-2016,50.90000153
16-12-2016,51.90000153
19-12-2016,52.11999893
20-12-2016,52.22999954
21-12-2016,52.49000168
22-12-2016,52.95000076
23-12-2016,53.02000046
27-12-2016,53.90000153
28-12-2016,54.06000137
29-12-2016,53.77000046
30-12-2016,53.72000122
03-01-2017,52.33000183
04-01-2017,53.25999832
05-01-2017,53.75999832
06-01-2017,53.99000168
09-01-2017,51.95999908
10-01-2017,50.81999969
11-01-2017,52.25
12-01-2017,53.00999832
13-01-2017,52.36999893
17-01-2017,52.47999954
18-01-2017,51.08000183
19-01-2017,51.36999893
20-01-2017,52.41999817
23-01-2017,52.75
24-01-2017,53.18000031
25-01-2017,52.75
26-01-2017,53.77999878
27-01-2017,53.16999817
30-01-2017,52.63000107
31-01-2017,52.81000137
01-02-2017,53.88000107
02-02-2017,53.54000092
03-02-2017,53.83000183
06-02-2017,53.00999832
07-02-2017,52.16999817
08-02-2017,52.34000015
09-02-2017,53
10-02-2017,53.86000061
13-02-2017,52.93000031
14-02-2017,53.20000076
15-02-2017,53.11000061
16-02-2017,53.36000061
17-02-2017,53.40000153
21-02-2017,54.06000137
22-02-2017,53.59000015
23-02-2017,54.45000076
24-02-2017,53.99000168
27-02-2017,54.04999924
28-02-2017,54.00999832
01-03-2017,53.83000183
02-03-2017,52.61000061
03-03-2017,53.33000183
06-03-2017,53.20000076
07-03-2017,53.13999939
08-03-2017,50.27999878
09-03-2017,49.27999878
10-03-2017,48.49000168
13-03-2017,48.40000153
14-03-2017,47.72000122
15-03-2017,48.86000061
16-03-2017,48.75
17-03-2017,48.77999878
20-03-2017,48.22000122
21-03-2017,47.34000015
22-03-2017,48.04000092
23-03-2017,47.70000076
24-03-2017,47.97000122
27-03-2017,47.72999954
28-03-2017,48.36999893
29-03-2017,49.50999832
30-03-2017,50.34999847
31-03-2017,50.59999847
03-04-2017,50.24000168
04-04-2017,51.02999878
05-04-2017,51.15000153
06-04-2017,51.70000076
07-04-2017,52.24000168
10-04-2017,53.08000183
11-04-2017,53.40000153
12-04-2017,53.11000061
13-04-2017,53.18000031
17-04-2017,52.65000153
18-04-2017,52.40999985
19-04-2017,50.43999863
20-04-2017,50.27000046
21-04-2017,49.61999893
24-04-2017,49.22999954
25-04-2017,49.56000137
26-04-2017,49.61999893
27-04-2017,48.97000122
28-04-2017,49.33000183
01-05-2017,48.84000015
02-05-2017,47.65999985
03-05-2017,47.81999969
04-05-2017,45.52000046
05-05-2017,46.22000122
08-05-2017,46.43000031
09-05-2017,45.88000107
10-05-2017,47.33000183
11-05-2017,47.83000183
12-05-2017,47.84000015
15-05-2017,48.84999847
16-05-2017,48.65999985
17-05-2017,49.06999969
18-05-2017,49.34999847
19-05-2017,50.33000183
22-05-2017,50.72999954
23-05-2017,51.47000122
24-05-2017,51.36000061
25-05-2017,48.90000153
26-05-2017,49.79999924
30-05-2017,49.65999985
31-05-2017,48.31999969
01-06-2017,48.36000061
02-06-2017,47.65999985
05-06-2017,47.40000153
06-06-2017,48.18999863
07-06-2017,45.72000122
08-06-2017,45.63999939
09-06-2017,45.83000183
12-06-2017,46.08000183
13-06-2017,46.45999908
14-06-2017,44.72999954
15-06-2017,44.45999908
16-06-2017,44.74000168
19-06-2017,44.20000076
20-06-2017,43.22999954
21-06-2017,42.52999878
22-06-2017,42.74000168
23-06-2017,43.00999832
26-06-2017,43.38000107
27-06-2017,44.24000168
28-06-2017,44.74000168
29-06-2017,44.93000031
30-06-2017,46.04000092
03-07-2017,47.06999969
05-07-2017,45.13000107
06-07-2017,45.52000046
07-07-2017,44.22999954
10-07-2017,44.40000153
11-07-2017,45.04000092
12-07-2017,45.49000168
13-07-2017,46.08000183
14-07-2017,46.54000092
17-07-2017,46.02000046
18-07-2017,46.40000153
19-07-2017,47.11999893
20-07-2017,46.79000092
21-07-2017,45.77000046
24-07-2017,46.34000015
25-07-2017,47.88999939
26-07-2017,48.75
27-07-2017,49.04000092
28-07-2017,49.70999908
31-07-2017,50.16999817
01-08-2017,49.15999985
02-08-2017,49.59000015
03-08-2017,49.02999878
04-08-2017,49.58000183
07-08-2017,49.38999939
08-08-2017,49.16999817
09-08-2017,49.56000137
10-08-2017,48.59000015
11-08-2017,48.81999969
14-08-2017,47.59000015
15-08-2017,47.54999924
16-08-2017,46.77999878
17-08-2017,47.09000015
18-08-2017,48.50999832
21-08-2017,47.36999893
22-08-2017,47.63999939
23-08-2017,48.40999985
24-08-2017,47.43000031
25-08-2017,47.86999893
28-08-2017,46.56999969
29-08-2017,46.43999863
30-08-2017,45.95999908
31-08-2017,47.22999954
01-09-2017,47.29000092
05-09-2017,48.65999985
06-09-2017,49.15999985
07-09-2017,49.09000015
08-09-2017,47.47999954
11-09-2017,48.06999969
12-09-2017,48.22999954
13-09-2017,49.29999924
14-09-2017,49.88999939
15-09-2017,49.88999939
18-09-2017,49.90999985
19-09-2017,49.47999954
20-09-2017,50.40999985
21-09-2017,50.54999924
22-09-2017,50.65999985
25-09-2017,52.22000122
26-09-2017,51.88000107
27-09-2017,52.13999939
28-09-2017,51.56000137
29-09-2017,51.66999817
02-10-2017,50.58000183
03-10-2017,50.41999817
04-10-2017,49.97999954
05-10-2017,50.79000092
06-10-2017,49.29000092
09-10-2017,49.58000183
10-10-2017,50.91999817
11-10-2017,51.29999924
12-10-2017,50.59999847
13-10-2017,51.45000076
16-10-2017,51.86999893
17-10-2017,51.88000107
18-10-2017,52.04000092
19-10-2017,51.29000092
20-10-2017,51.47000122
23-10-2017,51.90000153
24-10-2017,52.47000122
25-10-2017,52.18000031
26-10-2017,52.63999939
27-10-2017,53.90000153
30-10-2017,54.15000153
31-10-2017,54.38000107
01-11-2017,54.29999924
02-11-2017,54.54000092
03-11-2017,55.63999939
06-11-2017,57.34999847
07-11-2017,57.20000076
08-11-2017,56.81000137
09-11-2017,57.16999817
10-11-2017,56.74000168
13-11-2017,56.75999832
14-11-2017,55.70000076
15-11-2017,55.33000183
16-11-2017,55.13999939
17-11-2017,56.54999924
20-11-2017,56.09000015
21-11-2017,56.83000183
22-11-2017,58.02000046
24-11-2017,58.95000076
27-11-2017,58.11000061
28-11-2017,57.99000168
29-11-2017,57.29999924
30-11-2017,57.40000153
01-12-2017,58.36000061
04-12-2017,57.47000122
05-12-2017,57.61999893
06-12-2017,55.95999908
07-12-2017,56.68999863
08-12-2017,57.36000061
11-12-2017,57.99000168
12-12-2017,57.13999939
13-12-2017,56.59999847
14-12-2017,57.04000092
15-12-2017,57.29999924
18-12-2017,57.15999985
19-12-2017,57.45999908
20-12-2017,58.09000015
21-12-2017,58.36000061
22-12-2017,58.47000122
26-12-2017,59.97000122
27-12-2017,59.63999939
28-12-2017,59.84000015
29-12-2017,60.41999817
02-01-2018,60.36999893
03-01-2018,61.63000107
04-01-2018,62.00999832
05-01-2018,61.43999863
08-01-2018,61.72999954
09-01-2018,62.95999908
10-01-2018,63.56999969
11-01-2018,63.79999924
12-01-2018,64.30000305
16-01-2018,63.72999954
17-01-2018,63.97000122
18-01-2018,63.95000076
19-01-2018,63.36999893
22-01-2018,63.49000168
23-01-2018,64.47000122
24-01-2018,65.61000061
25-01-2018,65.51000214
26-01-2018,66.13999939
29-01-2018,65.55999756
30-01-2018,64.5
31-01-2018,64.73000336
01-02-2018,65.80000305
02-02-2018,65.44999695
05-02-2018,64.15000153
06-02-2018,63.38999939
07-02-2018,61.79000092
08-02-2018,61.15000153
09-02-2018,59.20000076
12-02-2018,59.29000092
13-02-2018,59.18999863
14-02-2018,60.59999847
15-02-2018,61.34000015
16-02-2018,61.68000031
20-02-2018,61.90000153
21-02-2018,61.68000031
22-02-2018,62.77000046
23-02-2018,63.54999924
26-02-2018,63.90999985
27-02-2018,63.00999832
28-02-2018,61.63999939
01-03-2018,60.99000168
02-03-2018,61.25
05-03-2018,62.56999969
06-03-2018,62.59999847
07-03-2018,61.15000153
08-03-2018,60.11999893
09-03-2018,62.04000092
12-03-2018,61.36000061
13-03-2018,60.70999908
14-03-2018,60.95999908
15-03-2018,61.18999863
16-03-2018,62.34000015
19-03-2018,62.06000137
20-03-2018,63.40000153
21-03-2018,65.16999817
22-03-2018,64.30000305
23-03-2018,65.87999725
26-03-2018,65.55000305
27-03-2018,65.25
28-03-2018,64.37999725
29-03-2018,64.94000244
02-04-2018,63.00999832
03-04-2018,63.50999832
04-04-2018,63.36999893
05-04-2018,63.54000092
06-04-2018,62.06000137
09-04-2018,63.41999817
10-04-2018,65.51000214
11-04-2018,66.81999969
12-04-2018,67.06999969
13-04-2018,67.38999939
16-04-2018,66.22000122
17-04-2018,66.51999664
18-04-2018,68.47000122
19-04-2018,68.29000092
20-04-2018,68.37999725
23-04-2018,68.63999939
24-04-2018,67.69999695
25-04-2018,68.05000305
26-04-2018,68.19000244
27-04-2018,68.09999847
30-04-2018,68.56999969
01-05-2018,67.25
02-05-2018,67.93000031
03-05-2018,68.43000031
04-05-2018,69.72000122
07-05-2018,70.73000336
08-05-2018,69.05999756
09-05-2018,71.13999939
10-05-2018,71.36000061
11-05-2018,70.69999695
14-05-2018,70.95999908
15-05-2018,71.30999756
16-05-2018,71.48999786
17-05-2018,71.48999786
18-05-2018,71.27999878
21-05-2018,72.23999786
22-05-2018,72.12999725
23-05-2018,71.83999634
24-05-2018,70.70999908
25-05-2018,67.87999725
29-05-2018,66.73000336
30-05-2018,68.20999908
31-05-2018,67.04000092
01-06-2018,65.80999756
04-06-2018,64.75
05-06-2018,65.51999664
06-06-2018,64.73000336
07-06-2018,65.94999695
08-06-2018,65.73999786
11-06-2018,66.09999847
12-06-2018,66.36000061
13-06-2018,66.63999939
14-06-2018,66.88999939
15-06-2018,65.05999756
18-06-2018,65.84999847
19-06-2018,65.06999969
20-06-2018,66.22000122
21-06-2018,65.54000092
22-06-2018,68.58000183
25-06-2018,68.08000183
26-06-2018,70.52999878
27-06-2018,72.76000214
28-06-2018,73.44999695
29-06-2018,74.15000153
02-07-2018,73.94000244
03-07-2018,74.13999939
05-07-2018,72.94000244
06-07-2018,73.80000305
09-07-2018,73.84999847
10-07-2018,74.11000061
11-07-2018,70.37999725
12-07-2018,70.33000183
13-07-2018,71.01000214
16-07-2018,68.05999756
17-07-2018,68.08000183
18-07-2018,68.76000214
19-07-2018,69.45999908
20-07-2018,70.45999908
23-07-2018,67.88999939
24-07-2018,68.51999664
25-07-2018,69.30000305
26-07-2018,69.61000061
27-07-2018,68.69000244
30-07-2018,70.12999725
31-07-2018,68.76000214
01-08-2018,67.66000366
02-08-2018,68.95999908
03-08-2018,68.48999786
06-08-2018,69.01000214
07-08-2018,69.16999817
08-08-2018,66.94000244
09-08-2018,66.80999756
10-08-2018,67.62999725
13-08-2018,67.19999695
14-08-2018,67.04000092
15-08-2018,65.01000214
16-08-2018,65.45999908
17-08-2018,65.91000366
20-08-2018,66.43000031
21-08-2018,67.34999847
22-08-2018,67.86000061
23-08-2018,67.83000183
24-08-2018,68.72000122
27-08-2018,68.87000275
28-08-2018,68.52999878
29-08-2018,69.51000214
30-08-2018,70.25
31-08-2018,69.80000305
04-09-2018,69.87000275
05-09-2018,68.72000122
06-09-2018,67.76999664
07-09-2018,67.75
10-09-2018,67.54000092
11-09-2018,69.25
12-09-2018,70.37000275
13-09-2018,68.58999634
14-09-2018,68.98999786
17-09-2018,68.91000366
18-09-2018,69.84999847
19-09-2018,71.12000275
20-09-2018,70.80000305
21-09-2018,70.77999878
24-09-2018,72.08000183
25-09-2018,72.27999878
26-09-2018,71.56999969
27-09-2018,72.12000275
28-09-2018,73.25
01-10-2018,75.30000305
02-10-2018,75.23000336
03-10-2018,76.41000366
04-10-2018,74.33000183
05-10-2018,74.33999634
08-10-2018,74.29000092
09-10-2018,74.95999908
10-10-2018,73.16999817
11-10-2018,70.97000122
12-10-2018,71.33999634
15-10-2018,71.77999878
16-10-2018,71.91999817
17-10-2018,69.75
18-10-2018,68.65000153
19-10-2018,69.12000275
22-10-2018,69.16999817
23-10-2018,66.43000031
24-10-2018,66.81999969
25-10-2018,67.33000183
26-10-2018,67.58999634
29-10-2018,67.04000092
30-10-2018,66.18000031
31-10-2018,65.30999756
01-11-2018,63.68999863
02-11-2018,63.13999939
05-11-2018,63.09999847
06-11-2018,62.20999908
07-11-2018,61.66999817
08-11-2018,60.66999817
09-11-2018,60.18999863
12-11-2018,59.93000031
13-11-2018,55.68999863
14-11-2018,56.25
15-11-2018,56.45999908
16-11-2018,56.45999908
19-11-2018,56.75999832
20-11-2018,53.43000031
21-11-2018,54.63000107
23-11-2018,50.41999817
26-11-2018,51.63000107
27-11-2018,51.56000137
28-11-2018,50.29000092
29-11-2018,51.45000076
30-11-2018,50.93000031
03-12-2018,52.95000076
04-12-2018,53.25
06-12-2018,51.49000168
07-12-2018,52.61000061
10-12-2018,51
11-12-2018,51.65000153
12-12-2018,51.15000153
13-12-2018,52.58000183
14-12-2018,51.20000076
17-12-2018,49.88000107
18-12-2018,46.24000168
19-12-2018,47.20000076
20-12-2018,45.88000107
21-12-2018,45.59000015
24-12-2018,42.52999878
26-12-2018,46.22000122
27-12-2018,44.61000061
28-12-2018,45.33000183
31-12-2018,45.40999985
02-01-2019,46.54000092
03-01-2019,47.09000015
04-01-2019,47.95999908
07-01-2019,48.52000046
08-01-2019,49.77999878
09-01-2019,52.36000061
10-01-2019,52.59000015
11-01-2019,51.59000015
14-01-2019,50.50999832
15-01-2019,52.11000061
16-01-2019,52.31000137
17-01-2019,52.06999969
18-01-2019,53.79999924
22-01-2019,52.56999969
23-01-2019,52.61999893
24-01-2019,53.13000107
25-01-2019,53.68999863
28-01-2019,51.99000168
29-01-2019,53.31000137
30-01-2019,54.22999954
31-01-2019,53.79000092
01-02-2019,55.25999832
04-02-2019,54.56000137
05-02-2019,53.65999985
06-02-2019,54.00999832
07-02-2019,52.63999939
08-02-2019,52.72000122
11-02-2019,52.40999985
12-02-2019,53.09999847
13-02-2019,53.90000153
14-02-2019,54.40999985
15-02-2019,55.59000015
19-02-2019,56.09000015
20-02-2019,56.91999817
21-02-2019,56.95999908
22-02-2019,57.25999832
25-02-2019,55.47999954
26-02-2019,55.5
27-02-2019,56.93999863
28-02-2019,57.22000122
01-03-2019,55.79999924
04-03-2019,56.59000015
05-03-2019,56.56000137
06-03-2019,56.22000122
07-03-2019,56.65999985
08-03-2019,56.06999969
11-03-2019,56.79000092
12-03-2019,56.86999893
13-03-2019,58.25999832
14-03-2019,58.61000061
15-03-2019,58.52000046
18-03-2019,59.09000015
19-03-2019,59.02999878
20-03-2019,59.83000183
21-03-2019,59.97999954
22-03-2019,59.04000092
25-03-2019,58.81999969
26-03-2019,59.93999863
27-03-2019,59.40999985
28-03-2019,59.29999924
29-03-2019,60.13999939
01-04-2019,61.59000015
02-04-2019,62.58000183
03-04-2019,62.45999908
04-04-2019,62.09999847
05-04-2019,63.08000183
08-04-2019,64.40000153
09-04-2019,63.97999954
10-04-2019,64.61000061
11-04-2019,63.58000183
12-04-2019,63.88999939
15-04-2019,63.40000153
16-04-2019,64.05000305
17-04-2019,63.75999832
18-04-2019,64
22-04-2019,65.69999695
23-04-2019,66.30000305
24-04-2019,65.88999939
25-04-2019,65.20999908
26-04-2019,63.29999924
29-04-2019,63.5
30-04-2019,63.90999985
01-05-2019,63.59999847
02-05-2019,61.81000137
03-05-2019,61.93999863
06-05-2019,62.25
07-05-2019,61.40000153
08-05-2019,62.11999893
09-05-2019,61.70000076
10-05-2019,61.65999985
13-05-2019,61.04000092
14-05-2019,61.77999878
15-05-2019,62.02000046
16-05-2019,62.86999893
17-05-2019,62.75999832
20-05-2019,63.09999847
21-05-2019,62.99000168
22-05-2019,61.41999817
23-05-2019,57.90999985
24-05-2019,58.63000107
28-05-2019,59.13999939
29-05-2019,58.81000137
30-05-2019,56.59000015
31-05-2019,53.5
03-06-2019,53.25
04-06-2019,53.47999954
05-06-2019,51.68000031
06-06-2019,52.59000015
07-06-2019,53.99000168
10-06-2019,53.25999832
11-06-2019,53.27000046
12-06-2019,51.13999939
13-06-2019,52.27999878
14-06-2019,52.50999832
17-06-2019,51.93000031
18-06-2019,53.90000153
19-06-2019,53.75999832
20-06-2019,56.65000153
21-06-2019,57.43000031
24-06-2019,57.90000153
25-06-2019,57.83000183
26-06-2019,59.38000107
27-06-2019,59.43000031
28-06-2019,58.47000122
01-07-2019,59.09000015
02-07-2019,56.25
03-07-2019,57.34000015
05-07-2019,57.50999832
08-07-2019,57.65999985
09-07-2019,57.83000183
10-07-2019,60.43000031
11-07-2019,60.20000076
12-07-2019,60.20999908
15-07-2019,59.58000183
16-07-2019,57.61999893
17-07-2019,56.77999878
18-07-2019,55.29999924
19-07-2019,55.63000107
22-07-2019,56.22000122
23-07-2019,56.77000046
24-07-2019,55.88000107
25-07-2019,56.02000046
26-07-2019,56.20000076
29-07-2019,56.86999893
30-07-2019,58.04999924
31-07-2019,58.58000183
01-08-2019,53.95000076
02-08-2019,55.65999985
05-08-2019,54.68999863
06-08-2019,53.63000107
07-08-2019,51.09000015
08-08-2019,52.54000092
09-08-2019,54.5
12-08-2019,54.93000031
13-08-2019,57.09999847
14-08-2019,55.22999954
15-08-2019,54.47000122
16-08-2019,54.86999893
19-08-2019,56.20999908
20-08-2019,56.34000015
21-08-2019,55.68000031
22-08-2019,55.34999847
23-08-2019,54.16999817
26-08-2019,53.63999939
27-08-2019,54.93000031
28-08-2019,55.77999878
29-08-2019,56.70999908
30-08-2019,55.09999847
03-09-2019,53.93999863
04-09-2019,56.25999832
05-09-2019,56.29999924
06-09-2019,56.52000046
09-09-2019,57.84999847
10-09-2019,57.40000153
11-09-2019,55.75
12-09-2019,55.09000015
13-09-2019,54.84999847
16-09-2019,62.90000153
17-09-2019,59.34000015
18-09-2019,58.11000061
19-09-2019,58.13000107
20-09-2019,58.09000015
23-09-2019,58.63999939
24-09-2019,57.29000092
25-09-2019,56.49000168
26-09-2019,56.40999985
27-09-2019,55.90999985
30-09-2019,54.06999969
01-10-2019,53.61999893
02-10-2019,52.63999939
03-10-2019,52.45000076
04-10-2019,52.81000137
07-10-2019,52.75
08-10-2019,52.63000107
09-10-2019,52.59000015
10-10-2019,53.54999924
11-10-2019,54.70000076
14-10-2019,53.59000015
15-10-2019,52.81000137
16-10-2019,53.36000061
17-10-2019,53.93000031
18-10-2019,53.77999878
21-10-2019,53.31000137
22-10-2019,54.15999985
23-10-2019,55.97000122
24-10-2019,56.22999954
25-10-2019,56.65999985
28-10-2019,55.81000137
29-10-2019,55.54000092
30-10-2019,55.06000137
31-10-2019,54.18000031
01-11-2019,56.20000076
04-11-2019,56.54000092
05-11-2019,57.22999954
06-11-2019,56.34999847
07-11-2019,57.15000153
08-11-2019,57.24000168
11-11-2019,56.86000061
12-11-2019,56.79999924
13-11-2019,57.11999893
14-11-2019,56.77000046
15-11-2019,57.72000122
18-11-2019,57.04999924
19-11-2019,55.20999908
20-11-2019,57.11000061
21-11-2019,58.58000183
22-11-2019,57.77000046
25-11-2019,58.00999832
26-11-2019,58.40999985
27-11-2019,58.11000061
29-11-2019,55.16999817
02-12-2019,55.95999908
03-12-2019,56.09999847
04-12-2019,58.43000031
05-12-2019,58.43000031
06-12-2019,59.20000076
09-12-2019,59.02000046
10-12-2019,59.24000168
11-12-2019,58.75999832
12-12-2019,59.18000031
13-12-2019,60.06999969
16-12-2019,60.20999908
17-12-2019,60.93999863
18-12-2019,60.93000031
19-12-2019,61.22000122
20-12-2019,60.43999863
23-12-2019,60.52000046
24-12-2019,61.11000061
26-12-2019,61.68000031
27-12-2019,61.72000122
30-12-2019,61.68000031
31-12-2019,61.06000137
02-01-2020,61.18000031
03-01-2020,63.04999924
06-01-2020,63.27000046
07-01-2020,62.70000076
08-01-2020,59.61000061
09-01-2020,59.56000137
10-01-2020,59.04000092
13-01-2020,58.08000183
14-01-2020,58.22999954
15-01-2020,57.81000137
16-01-2020,58.52000046
17-01-2020,58.54000092
21-01-2020,58.34000015
22-01-2020,56.74000168
23-01-2020,55.59000015
24-01-2020,54.18999863
27-01-2020,53.13999939
28-01-2020,53.47999954
29-01-2020,53.33000183
30-01-2020,52.13999939
31-01-2020,51.56000137
03-02-2020,50.11000061
04-02-2020,49.61000061
05-02-2020,50.75
06-02-2020,50.95000076
07-02-2020,50.31999969
10-02-2020,49.56999969
11-02-2020,49.93999863
12-02-2020,51.16999817
13-02-2020,51.41999817
14-02-2020,52.04999924
18-02-2020,52.04999924
19-02-2020,53.29000092
20-02-2020,53.77999878
21-02-2020,53.38000107
24-02-2020,51.43000031
25-02-2020,49.90000153
26-02-2020,48.72999954
27-02-2020,47.09000015
28-02-2020,44.75999832
02-03-2020,46.75
03-03-2020,47.18000031
04-03-2020,46.77999878
05-03-2020,45.90000153
06-03-2020,41.27999878
09-03-2020,31.12999916
10-03-2020,34.36000061
11-03-2020,32.97999954
12-03-2020,31.5
13-03-2020,31.72999954
16-03-2020,28.70000076
17-03-2020,26.95000076
18-03-2020,20.37000084
19-03-2020,25.21999931
20-03-2020,22.43000031
23-03-2020,23.36000061
24-03-2020,24.01000023
25-03-2020,24.48999977
26-03-2020,22.60000038
27-03-2020,21.51000023
30-03-2020,20.09000015
31-03-2020,20.47999954
01-04-2020,20.30999947
02-04-2020,25.31999969
03-04-2020,28.34000015
06-04-2020,26.07999992
07-04-2020,23.62999916
08-04-2020,25.09000015
09-04-2020,22.76000023
13-04-2020,22.40999985
14-04-2020,20.11000061
15-04-2020,19.87000084
16-04-2020,19.87000084
17-04-2020,18.27000046
20-04-2020,-37.63000107
21-04-2020,10.01000023
22-04-2020,13.77999973
23-04-2020,16.5
24-04-2020,16.94000053
27-04-2020,12.77999973
28-04-2020,12.34000015
29-04-2020,15.06000042
30-04-2020,18.84000015
01-05-2020,19.78000069
04-05-2020,20.38999939
05-05-2020,24.55999947
06-05-2020,23.98999977
07-05-2020,23.54999924
08-05-2020,24.73999977
11-05-2020,24.13999939
12-05-2020,25.78000069
13-05-2020,25.29000092
14-05-2020,27.55999947
15-05-2020,29.43000031
18-05-2020,31.81999969
19-05-2020,32.5
20-05-2020,33.49000168
21-05-2020,33.91999817
22-05-2020,33.25
26-05-2020,34.34999847
27-05-2020,32.81000137
28-05-2020,33.70999908
29-05-2020,35.49000168
01-06-2020,35.43999863
02-06-2020,36.81000137
03-06-2020,37.29000092
04-06-2020,37.40999985
05-06-2020,39.54999924
08-06-2020,38.18999863
09-06-2020,38.93999863
10-06-2020,39.59999847
11-06-2020,36.34000015
12-06-2020,36.25999832
15-06-2020,37.11999893
16-06-2020,38.38000107
17-06-2020,37.95999908
18-06-2020,38.84000015
19-06-2020,39.75
22-06-2020,40.45999908
23-06-2020,40.36999893
24-06-2020,38.00999832
25-06-2020,38.72000122
26-06-2020,38.49000168
29-06-2020,39.70000076
30-06-2020,39.27000046
01-07-2020,39.81999969
02-07-2020,40.65000153
06-07-2020,40.63000107
07-07-2020,40.61999893
08-07-2020,40.90000153
09-07-2020,39.61999893
10-07-2020,40.54999924
13-07-2020,40.09999847
14-07-2020,40.29000092
15-07-2020,41.20000076
16-07-2020,40.75
17-07-2020,40.59000015
20-07-2020,40.81000137
21-07-2020,41.95999908
22-07-2020,41.90000153
23-07-2020,41.06999969
24-07-2020,41.29000092
27-07-2020,41.59999847
28-07-2020,41.04000092
29-07-2020,41.27000046
30-07-2020,39.91999817
31-07-2020,40.27000046
03-08-2020,41.00999832
04-08-2020,41.70000076
05-08-2020,42.18999863
06-08-2020,41.95000076
07-08-2020,41.22000122
10-08-2020,41.93999863
11-08-2020,41.61000061
12-08-2020,42.66999817
13-08-2020,42.24000168
14-08-2020,42.00999832
17-08-2020,42.88999939
18-08-2020,42.88999939
19-08-2020,42.93000031
20-08-2020,42.58000183
21-08-2020,42.34000015
24-08-2020,42.61999893
25-08-2020,43.34999847
26-08-2020,43.38999939
27-08-2020,43.04000092
28-08-2020,42.97000122
31-08-2020,42.61000061
01-09-2020,42.75999832
02-09-2020,41.50999832
03-09-2020,41.36999893
04-09-2020,39.77000046
08-09-2020,36.75999832
09-09-2020,38.04999924
10-09-2020,37.29999924
11-09-2020,37.33000183
14-09-2020,37.25999832
15-09-2020,38.27999878
16-09-2020,40.15999985
17-09-2020,40.97000122
18-09-2020,41.11000061
21-09-2020,39.31000137
22-09-2020,39.59999847
23-09-2020,39.93000031
24-09-2020,40.31000137
25-09-2020,40.25
28-09-2020,40.59999847
29-09-2020,39.29000092
30-09-2020,40.22000122
01-10-2020,38.72000122
02-10-2020,37.04999924
05-10-2020,39.22000122
06-10-2020,40.66999817
07-10-2020,39.95000076
08-10-2020,41.18999863
09-10-2020,40.59999847
12-10-2020,39.43000031
13-10-2020,40.20000076
14-10-2020,41.04000092
15-10-2020,40.95999908
16-10-2020,40.88000107
19-10-2020,40.83000183
20-10-2020,41.45999908
21-10-2020,40.02999878
22-10-2020,40.63999939
23-10-2020,39.84999847
26-10-2020,38.56000137
27-10-2020,39.56999969
28-10-2020,37.38999939
29-10-2020,36.16999817
30-10-2020,35.79000092
02-11-2020,36.81000137
03-11-2020,37.65999985
04-11-2020,39.15000153
05-11-2020,38.79000092
06-11-2020,37.13999939
09-11-2020,40.29000092
10-11-2020,41.36000061
11-11-2020,41.45000076
12-11-2020,41.11999893
13-11-2020,40.13000107
16-11-2020,41.34000015
17-11-2020,41.43000031
18-11-2020,41.81999969
19-11-2020,41.74000168
20-11-2020,42.15000153
23-11-2020,43.06000137
24-11-2020,44.90999985
25-11-2020,45.70999908
27-11-2020,45.52999878
30-11-2020,45.34000015
01-12-2020,44.54999924
02-12-2020,45.27999878
03-12-2020,45.63999939
04-12-2020,46.25999832
07-12-2020,45.75999832
08-12-2020,45.59999847
09-12-2020,45.52000046
10-12-2020,46.77999878
11-12-2020,46.56999969
14-12-2020,46.99000168
15-12-2020,47.61999893
16-12-2020,47.81999969
17-12-2020,48.36000061
18-12-2020,49.09999847
21-12-2020,47.74000168
22-12-2020,47.02000046
23-12-2020,48.11999893
24-12-2020,48.22999954
28-12-2020,47.61999893
29-12-2020,48
30-12-2020,48.40000153
31-12-2020,48.52000046
04-01-2021,47.61999893
05-01-2021,49.93000031
06-01-2021,50.63000107
07-01-2021,50.83000183
08-01-2021,52.24000168
11-01-2021,52.25
12-01-2021,53.20999908
13-01-2021,52.90999985
14-01-2021,53.56999969
15-01-2021,52.36000061
19-01-2021,52.97999954
20-01-2021,53.24000168
21-01-2021,53.13000107
22-01-2021,52.27000046
25-01-2021,52.77000046
26-01-2021,52.61000061
27-01-2021,52.84999847
28-01-2021,52.34000015
29-01-2021,52.20000076
01-02-2021,53.54999924
02-02-2021,54.75999832
03-02-2021,55.68999863
04-02-2021,56.22999954
05-02-2021,56.84999847
08-02-2021,57.97000122
09-02-2021,58.36000061
10-02-2021,58.68000031
11-02-2021,58.24000168
12-02-2021,59.47000122
16-02-2021,60.04999924
17-02-2021,61.13999939
18-02-2021,60.52000046
19-02-2021,59.24000168
22-02-2021,61.49000168
23-02-2021,61.66999817
24-02-2021,63.22000122
25-02-2021,63.52999878
26-02-2021,61.5
01-03-2021,60.63999939
02-03-2021,59.75
03-03-2021,61.27999878
04-03-2021,63.83000183
05-03-2021,66.08999634
08-03-2021,65.05000305
09-03-2021,64.01000214
10-03-2021,64.44000244
11-03-2021,66.01999664
12-03-2021,65.61000061
15-03-2021,65.38999939
16-03-2021,64.80000305
17-03-2021,64.59999847
18-03-2021,60
19-03-2021,61.41999817
22-03-2021,61.54999924
23-03-2021,57.75999832
24-03-2021,61.18000031
25-03-2021,58.56000137
26-03-2021,60.97000122
29-03-2021,61.56000137
30-03-2021,60.54999924
31-03-2021,59.15999985
01-04-2021,61.45000076
05-04-2021,58.65000153
06-04-2021,59.33000183
07-04-2021,59.77000046
08-04-2021,59.59999847
09-04-2021,59.31999969
12-04-2021,59.70000076
13-04-2021,60.18000031
14-04-2021,63.15000153
15-04-2021,63.45999908
16-04-2021,63.13000107
19-04-2021,63.38000107
20-04-2021,62.43999863
21-04-2021,61.34999847
22-04-2021,61.43000031
23-04-2021,62.13999939
26-04-2021,61.90999985
27-04-2021,62.93999863
28-04-2021,63.86000061
29-04-2021,65.01000214
30-04-2021,63.58000183
03-05-2021,64.48999786
04-05-2021,65.69000244
05-05-2021,65.62999725
06-05-2021,64.70999908
07-05-2021,64.90000153
10-05-2021,64.91999817
11-05-2021,65.27999878
12-05-2021,66.08000183
13-05-2021,63.81999969
14-05-2021,65.37000275
17-05-2021,66.26999664
18-05-2021,65.48999786
19-05-2021,63.36000061
20-05-2021,62.04999924
21-05-2021,63.58000183
24-05-2021,66.05000305
25-05-2021,66.06999969
26-05-2021,66.20999908
27-05-2021,66.84999847
28-05-2021,66.31999969
01-06-2021,67.72000122
02-06-2021,68.83000183
03-06-2021,68.80999756
04-06-2021,69.62000275
07-06-2021,69.23000336
08-06-2021,70.05000305
09-06-2021,69.95999908
10-06-2021,70.29000092
11-06-2021,70.91000366
14-06-2021,70.87999725
15-06-2021,72.12000275
16-06-2021,72.15000153
17-06-2021,71.04000092
18-06-2021,71.63999939
21-06-2021,73.66000366
22-06-2021,73.05999756
23-06-2021,73.08000183
24-06-2021,73.30000305
25-06-2021,74.05000305
28-06-2021,72.91000366
29-06-2021,72.98000336
30-06-2021,73.47000122
01-07-2021,75.23000336
02-07-2021,75.16000366
06-07-2021,73.37000275
07-07-2021,72.19999695
08-07-2021,72.94000244
09-07-2021,74.55999756
12-07-2021,74.09999847
13-07-2021,75.25
14-07-2021,73.12999725
15-07-2021,71.65000153
16-07-2021,71.80999756
19-07-2021,66.41999817
20-07-2021,67.41999817
21-07-2021,70.30000305
22-07-2021,71.91000366
23-07-2021,72.06999969
26-07-2021,71.91000366
27-07-2021,71.65000153
28-07-2021,72.38999939
29-07-2021,73.62000275
30-07-2021,73.94999695
02-08-2021,71.26000214
03-08-2021,70.55999756
04-08-2021,68.15000153
05-08-2021,69.08999634
06-08-2021,68.27999878
09-08-2021,66.48000336
10-08-2021,68.29000092
11-08-2021,69.25
12-08-2021,69.08999634
13-08-2021,68.44000244
16-08-2021,67.29000092
17-08-2021,66.58999634
18-08-2021,65.45999908
19-08-2021,63.68999863
20-08-2021,62.31999969
23-08-2021,65.63999939
24-08-2021,67.54000092
25-08-2021,68.36000061
26-08-2021,67.41999817
27-08-2021,68.73999786
30-08-2021,69.20999908
31-08-2021,68.5
01-09-2021,68.58999634
02-09-2021,69.98999786
03-09-2021,69.29000092
07-09-2021,68.34999847
08-09-2021,69.30000305
09-09-2021,68.13999939
10-09-2021,69.72000122
13-09-2021,70.44999695
14-09-2021,70.45999908
15-09-2021,72.61000061
16-09-2021,72.61000061
17-09-2021,71.97000122
20-09-2021,70.29000092
21-09-2021,70.55999756
22-09-2021,72.23000336
23-09-2021,73.30000305
24-09-2021,73.98000336
27-09-2021,75.44999695
28-09-2021,75.29000092
29-09-2021,74.83000183
30-09-2021,75.02999878
01-10-2021,75.87999725
04-10-2021,77.62000275
05-10-2021,78.93000031
06-10-2021,77.43000031
07-10-2021,78.30000305
08-10-2021,79.34999847
11-10-2021,80.51999664
12-10-2021,80.63999939
13-10-2021,80.44000244
14-10-2021,81.30999756
15-10-2021,82.27999878
18-10-2021,82.44000244
19-10-2021,82.95999908
20-10-2021,83.87000275
21-10-2021,82.5
22-10-2021,83.76000214
25-10-2021,83.76000214
26-10-2021,84.65000153
27-10-2021,82.66000366
28-10-2021,82.80999756
29-10-2021,83.56999969
01-11-2021,84.05000305
02-11-2021,83.91000366
03-11-2021,80.86000061
04-11-2021,78.80999756
05-11-2021,81.26999664
08-11-2021,81.93000031
09-11-2021,84.15000153
10-11-2021,81.33999634
11-11-2021,81.58999634
12-11-2021,80.79000092
15-11-2021,80.87999725
16-11-2021,80.76000214
17-11-2021,78.36000061
18-11-2021,79.01000214
19-11-2021,76.09999847
22-11-2021,76.75
23-11-2021,78.5
24-11-2021,78.38999939
26-11-2021,68.15000153
29-11-2021,69.94999695
30-11-2021,66.18000031
01-12-2021,65.56999969
02-12-2021,66.5
03-12-2021,66.26000214
06-12-2021,69.48999786
07-12-2021,72.05000305
08-12-2021,72.36000061
09-12-2021,70.94000244
10-12-2021,71.66999817
13-12-2021,71.29000092
14-12-2021,70.73000336
15-12-2021,70.87000275
16-12-2021,72.37999725
17-12-2021,70.86000061
20-12-2021,68.23000336
21-12-2021,71.12000275
22-12-2021,72.76000214
23-12-2021,73.79000092
27-12-2021,75.56999969
28-12-2021,75.98000336
29-12-2021,76.55999756
30-12-2021,76.98999786
31-12-2021,75.20999908
03-01-2022,76.08000183
04-01-2022,76.98999786
05-01-2022,77.84999847
06-01-2022,79.45999908
07-01-2022,78.90000153
10-01-2022,78.23000336
11-01-2022,81.22000122
12-01-2022,82.63999939
13-01-2022,82.12000275
14-01-2022,83.81999969
18-01-2022,85.43000031
19-01-2022,86.95999908
20-01-2022,86.90000153
21-01-2022,85.13999939
24-01-2022,83.30999756
25-01-2022,85.59999847
26-01-2022,87.34999847
27-01-2022,86.61000061
28-01-2022,86.81999969
31-01-2022,88.15000153
01-02-2022,88.19999695
02-02-2022,88.26000214
03-02-2022,90.26999664
04-02-2022,92.30999756
07-02-2022,91.31999969
08-02-2022,89.36000061
09-02-2022,89.66000366
10-02-2022,89.87999725
11-02-2022,93.09999847
14-02-2022,95.45999908
15-02-2022,92.06999969
16-02-2022,93.66000366
17-02-2022,91.76000214
18-02-2022,91.06999969
22-02-2022,92.34999847
23-02-2022,92.09999847
24-02-2022,92.80999756
25-02-2022,91.58999634
28-02-2022,95.72000122
01-03-2022,103.4100037
02-03-2022,110.5999985
03-03-2022,107.6699982
04-03-2022,115.6800003
07-03-2022,119.4000015
08-03-2022,123.6999969
09-03-2022,108.6999969
10-03-2022,106.0199966
11-03-2022,109.3300018
14-03-2022,103.0100021
15-03-2022,96.44000244
16-03-2022,95.04000092
17-03-2022,102.9800034
18-03-2022,104.6999969
21-03-2022,112.1200027
22-03-2022,111.7600021
23-03-2022,114.9300003
24-03-2022,112.3399963
25-03-2022,113.9000015
28-03-2022,105.9599991
29-03-2022,104.2399979
30-03-2022,107.8199997
31-03-2022,100.2799988
01-04-2022,99.26999664
04-04-2022,103.2799988
05-04-2022,101.9599991
06-04-2022,96.23000336
07-04-2022,96.02999878
08-04-2022,98.26000214
11-04-2022,94.29000092
12-04-2022,100.5999985
13-04-2022,104.25
14-04-2022,106.9499969
18-04-2022,108.2099991
19-04-2022,102.5599976
20-04-2022,102.75
21-04-2022,103.7900009
22-04-2022,102.0699997
25-04-2022,98.54000092
26-04-2022,101.6999969
27-04-2022,102.0199966
28-04-2022,105.3600006
29-04-2022,104.6900024
02-05-2022,105.1699982
03-05-2022,102.4100037
04-05-2022,107.8099976
05-05-2022,108.2600021
06-05-2022,109.7699966
09-05-2022,103.0899963
10-05-2022,99.76000214
11-05-2022,105.7099991
12-05-2022,106.1299973
13-05-2022,110.4899979
16-05-2022,114.1999969
17-05-2022,112.4000015
18-05-2022,109.5899963
19-05-2022,112.2099991
20-05-2022,113.2300034
23-05-2022,110.2900009
24-05-2022,109.7699966
25-05-2022,110.3300018
26-05-2022,114.0899963
27-05-2022,115.0699997
31-05-2022,114.6699982
01-06-2022,115.2600021
02-06-2022,116.8700027
03-06-2022,118.8700027
06-06-2022,118.5
07-06-2022,119.4100037
08-06-2022,122.1100006
09-06-2022,121.5100021
10-06-2022,120.6699982
13-06-2022,120.9300003
14-06-2022,118.9300003
15-06-2022,115.3099976
16-06-2022,117.5899963
17-06-2022,109.5599976
21-06-2022,110.6500015
22-06-2022,106.1900024
23-06-2022,104.2699966
24-06-2022,107.6200027
27-06-2022,109.5699997
28-06-2022,111.7600021
29-06-2022,109.7799988
30-06-2022,105.7600021
01-07-2022,108.4300003
05-07-2022,99.5
06-07-2022,98.52999878
07-07-2022,102.7300034
08-07-2022,104.7900009
11-07-2022,104.0899963
12-07-2022,95.83999634
13-07-2022,96.30000305
14-07-2022,95.77999878
15-07-2022,97.58999634
18-07-2022,102.5999985
19-07-2022,104.2200012
20-07-2022,102.2600021
21-07-2022,96.34999847
22-07-2022,94.69999695
25-07-2022,96.69999695
26-07-2022,94.98000336
27-07-2022,97.26000214
28-07-2022,96.41999817
29-07-2022,98.62000275
01-08-2022,93.88999939
02-08-2022,94.41999817
03-08-2022,90.66000366
04-08-2022,88.54000092
05-08-2022,89.01000214
08-08-2022,90.76000214
09-08-2022,90.5
10-08-2022,91.93000031
11-08-2022,94.33999634
12-08-2022,92.08999634
15-08-2022,89.41000366
16-08-2022,86.52999878
17-08-2022,88.11000061
18-08-2022,90.5
19-08-2022,90.76999664
22-08-2022,90.23000336
23-08-2022,93.73999786
24-08-2022,94.88999939
25-08-2022,92.51999664
26-08-2022,93.05999756
29-08-2022,97.01000214
30-08-2022,91.63999939
31-08-2022,89.55000305
01-09-2022,86.61000061
02-09-2022,86.87000275
06-09-2022,86.87999725
07-09-2022,81.94000244
08-09-2022,83.54000092
09-09-2022,86.79000092
12-09-2022,87.77999878
13-09-2022,87.30999756
14-09-2022,88.48000336
15-09-2022,85.09999847
16-09-2022,85.11000061
19-09-2022,85.73000336
20-09-2022,84.44999695
21-09-2022,82.94000244
22-09-2022,83.48999786
23-09-2022,78.73999786
26-09-2022,76.70999908
27-09-2022,78.5
28-09-2022,82.15000153
29-09-2022,81.23000336
30-09-2022,79.48999786
03-10-2022,83.62999725
04-10-2022,86.51999664
05-10-2022,87.76000214
06-10-2022,88.44999695
07-10-2022,92.63999939
10-10-2022,91.12999725
11-10-2022,89.34999847
12-10-2022,87.26999664
13-10-2022,89.11000061
14-10-2022,85.61000061
17-10-2022,85.45999908
18-10-2022,82.81999969
19-10-2022,85.55000305
20-10-2022,85.98000336
21-10-2022,85.05000305
24-10-2022,84.58000183
25-10-2022,85.31999969
26-10-2022,87.91000366
27-10-2022,89.08000183
28-10-2022,87.90000153
31-10-2022,86.52999878
01-11-2022,88.37000275
02-11-2022,90
03-11-2022,88.16999817
04-11-2022,92.61000061
07-11-2022,91.79000092
08-11-2022,88.91000366
09-11-2022,85.83000183
10-11-2022,86.47000122
11-11-2022,88.95999908
14-11-2022,85.87000275
15-11-2022,86.91999817
16-11-2022,85.58999634
17-11-2022,81.63999939
18-11-2022,80.08000183
21-11-2022,79.73000336
22-11-2022,80.94999695
23-11-2022,77.94000244
25-11-2022,76.27999878
28-11-2022,77.23999786
29-11-2022,78.19999695
30-11-2022,80.55000305
01-12-2022,81.22000122
02-12-2022,79.98000336
05-12-2022,76.93000031
06-12-2022,74.25
07-12-2022,72.01000214
08-12-2022,71.45999908
09-12-2022,71.01999664
12-12-2022,73.16999817
13-12-2022,75.38999939
14-12-2022,77.27999878
15-12-2022,76.11000061
16-12-2022,74.29000092
19-12-2022,75.19000244
20-12-2022,76.08999634
21-12-2022,78.29000092
22-12-2022,77.48999786
23-12-2022,79.55999756
27-12-2022,79.52999878
28-12-2022,78.95999908
29-12-2022,78.40000153
30-12-2022,80.26000214
03-01-2023,76.93000031
04-01-2023,72.83999634
05-01-2023,73.66999817
06-01-2023,73.76999664
09-01-2023,74.62999725
10-01-2023,75.12000275
11-01-2023,77.41000366
12-01-2023,78.38999939
13-01-2023,79.86000061
17-01-2023,80.18000031
18-01-2023,79.48000336
19-01-2023,80.33000183
20-01-2023,81.30999756
23-01-2023,81.62000275
24-01-2023,80.12999725
25-01-2023,80.15000153
26-01-2023,81.01000214
27-01-2023,79.68000031
30-01-2023,77.90000153
31-01-2023,78.87000275
01-02-2023,76.41000366
02-02-2023,75.87999725
03-02-2023,73.38999939
06-02-2023,74.11000061
07-02-2023,77.13999939
08-02-2023,78.47000122
09-02-2023,78.05999756
10-02-2023,79.72000122
13-02-2023,80.13999939
14-02-2023,79.05999756
15-02-2023,78.58999634
16-02-2023,78.48999786
17-02-2023,76.33999634
21-02-2023,76.16000366
22-02-2023,73.94999695
23-02-2023,75.38999939
24-02-2023,76.31999969
27-02-2023,75.68000031
28-02-2023,77.05000305
01-03-2023,77.69000244
02-03-2023,78.16000366
03-03-2023,79.68000031
06-03-2023,80.45999908
07-03-2023,77.58000183
08-03-2023,76.66000366
09-03-2023,75.72000122
10-03-2023,76.68000031
13-03-2023,74.80000305
14-03-2023,71.33000183
15-03-2023,67.61000061
16-03-2023,68.34999847
17-03-2023,66.73999786
20-03-2023,67.63999939
21-03-2023,69.33000183
22-03-2023,70.90000153
23-03-2023,69.95999908
24-03-2023,69.26000214
27-03-2023,72.80999756
28-03-2023,73.19999695
29-03-2023,72.97000122
30-03-2023,74.37000275
31-03-2023,75.66999817
03-04-2023,80.41999817
04-04-2023,80.70999908
05-04-2023,80.61000061
06-04-2023,80.69999695
10-04-2023,79.73999786
11-04-2023,81.52999878
12-04-2023,83.26000214
13-04-2023,82.16000366
14-04-2023,82.51999664
17-04-2023,80.83000183
18-04-2023,80.86000061
19-04-2023,79.16000366
20-04-2023,77.29000092
21-04-2023,77.87000275
24-04-2023,78.76000214
25-04-2023,77.06999969
26-04-2023,74.30000305
27-04-2023,74.76000214
28-04-2023,76.77999878
01-05-2023,75.66000366
02-05-2023,71.66000366
03-05-2023,68.59999847
04-05-2023,68.55999756
05-05-2023,71.33999634
08-05-2023,73.16000366
09-05-2023,73.70999908
10-05-2023,72.55999756
11-05-2023,70.87000275
12-05-2023,70.04000092
15-05-2023,71.11000061
16-05-2023,70.86000061
17-05-2023,72.83000183
18-05-2023,71.86000061
19-05-2023,71.55000305
22-05-2023,71.98999786
23-05-2023,72.91000366
24-05-2023,74.33999634
25-05-2023,71.83000183
26-05-2023,72.66999817
30-05-2023,69.45999908
31-05-2023,68.08999634
01-06-2023,70.09999847
02-06-2023,71.73999786
05-06-2023,72.15000153
06-06-2023,71.73999786
07-06-2023,72.52999878
08-06-2023,71.29000092
09-06-2023,70.16999817
12-06-2023,67.12000275
13-06-2023,69.41999817
14-06-2023,68.26999664
15-06-2023,70.62000275
16-06-2023,71.77999878
20-06-2023,70.5
21-06-2023,72.52999878
22-06-2023,69.51000214
23-06-2023,69.16000366
26-06-2023,69.37000275
27-06-2023,67.69999695
28-06-2023,69.55999756
29-06-2023,69.86000061
30-06-2023,70.63999939
03-07-2023,69.79000092
05-07-2023,71.79000092
06-07-2023,71.80000305
07-07-2023,73.86000061
10-07-2023,72.98999786
11-07-2023,74.83000183
12-07-2023,75.75
13-07-2023,76.88999939
14-07-2023,75.41999817
17-07-2023,74.15000153
18-07-2023,75.75
19-07-2023,75.34999847
20-07-2023,75.62999725
21-07-2023,77.06999969
24-07-2023,78.73999786
25-07-2023,79.62999725
26-07-2023,78.77999878
27-07-2023,80.08999634
28-07-2023,80.58000183
31-07-2023,81.80000305
01-08-2023,81.37000275
02-08-2023,79.48999786
03-08-2023,81.55000305
04-08-2023,82.81999969
07-08-2023,81.94000244
08-08-2023,82.91999817
09-08-2023,84.40000153
10-08-2023,82.81999969
11-08-2023,83.19000244
14-08-2023,82.51000214
15-08-2023,80.98999786
16-08-2023,79.37999725
17-08-2023,80.38999939
18-08-2023,81.25
21-08-2023,80.72000122
22-08-2023,80.34999847
23-08-2023,78.88999939
24-08-2023,79.05000305
25-08-2023,79.83000183
28-08-2023,80.09999847
29-08-2023,81.16000366
30-08-2023,81.62999725
31-08-2023,83.62999725
01-09-2023,85.55000305
05-09-2023,86.69000244
06-09-2023,87.54000092
07-09-2023,86.87000275
08-09-2023,87.51000214
11-09-2023,87.29000092
12-09-2023,88.83999634
13-09-2023,88.51999664
14-09-2023,90.16000366
15-09-2023,90.76999664
18-09-2023,91.48000336
19-09-2023,91.19999695
20-09-2023,90.27999878
21-09-2023,89.62999725
22-09-2023,90.02999878
25-09-2023,89.68000031
26-09-2023,90.38999939
27-09-2023,93.68000031
28-09-2023,91.70999908
29-09-2023,90.79000092
02-10-2023,88.81999969
03-10-2023,89.23000336
04-10-2023,84.22000122
05-10-2023,82.30999756
06-10-2023,82.79000092
09-10-2023,86.37999725
10-10-2023,85.97000122
11-10-2023,83.48999786
12-10-2023,82.91000366
13-10-2023,87.69000244
16-10-2023,86.66000366
17-10-2023,86.66000366
18-10-2023,88.31999969
19-10-2023,89.37000275
20-10-2023,88.75
23-10-2023,85.48999786
24-10-2023,83.73999786
25-10-2023,85.38999939
26-10-2023,83.20999908
27-10-2023,85.54000092
30-10-2023,82.30999756
31-10-2023,81.01999664
01-11-2023,80.44000244
02-11-2023,82.45999908
03-11-2023,80.51000214
06-11-2023,80.81999969
07-11-2023,77.37000275
08-11-2023,75.33000183
09-11-2023,75.73999786
10-11-2023,77.16999817
13-11-2023,78.26000214
14-11-2023,78.26000214
15-11-2023,76.66000366
16-11-2023,72.90000153
17-11-2023,75.88999939
20-11-2023,77.59999847
21-11-2023,77.76999664
22-11-2023,77.09999847
24-11-2023,75.54000092
27-11-2023,74.86000061
28-11-2023,76.41000366
29-11-2023,77.86000061
30-11-2023,75.95999908
01-12-2023,74.06999969
04-12-2023,73.04000092
05-12-2023,72.31999969
06-12-2023,69.37999725
07-12-2023,69.33999634
08-12-2023,71.23000336
11-12-2023,71.31999969
12-12-2023,68.61000061
13-12-2023,69.47000122
14-12-2023,71.58000183
15-12-2023,71.43000031
18-12-2023,72.47000122
19-12-2023,73.44000244
20-12-2023,74.22000122
21-12-2023,73.88999939
22-12-2023,73.55999756
26-12-2023,75.56999969
27-12-2023,74.11000061
28-12-2023,71.76999664
