Date,EUR/USD
02-01-2009,1.392292261
05-01-2009,1.364591599
06-01-2009,1.351004362
07-01-2009,1.36109972
08-01-2009,1.369900584
09-01-2009,1.345496655
12-01-2009,1.33600533
13-01-2009,1.320201755
14-01-2009,1.321702361
15-01-2009,1.315806866
16-01-2009,1.329203963
19-01-2009,1.309397459
20-01-2009,1.288493752
21-01-2009,1.300508499
22-01-2009,1.300677657
23-01-2009,1.296495676
26-01-2009,1.319191575
27-01-2009,1.321597576
28-01-2009,1.315322161
29-01-2009,1.29379499
30-01-2009,1.283697128
02-02-2009,1.28149271
03-02-2009,1.301286936
04-02-2009,1.2855618
05-02-2009,1.279115796
06-02-2009,1.292707801
09-02-2009,1.295907617
10-02-2009,1.291405678
11-02-2009,1.28680253
12-02-2009,1.289091706
13-02-2009,1.286603928
16-02-2009,1.279901624
17-02-2009,1.25819397
18-02-2009,1.256897211
19-02-2009,1.265902877
20-02-2009,1.293292999
23-02-2009,1.267812729
24-02-2009,1.287398934
25-02-2009,1.272426486
26-02-2009,1.272054195
27-02-2009,1.267893195
02-03-2009,1.256407619
03-03-2009,1.253179908
04-03-2009,1.263807058
05-03-2009,1.2546736
06-03-2009,1.263807058
09-03-2009,1.262275577
10-03-2009,1.27166605
11-03-2009,1.280672073
12-03-2009,1.289889932
13-03-2009,1.292991996
16-03-2009,1.297605872
17-03-2009,1.303322077
18-03-2009,1.348399401
19-03-2009,1.366194844
20-03-2009,1.358197331
23-03-2009,1.362045288
24-03-2009,1.348126769
25-03-2009,1.357699513
26-03-2009,1.35307014
27-03-2009,1.329203963
30-03-2009,1.318617582
31-03-2009,1.324696302
01-04-2009,1.324099898
02-04-2009,1.346692443
03-04-2009,1.348908782
06-04-2009,1.340572476
07-04-2009,1.32773912
08-04-2009,1.325135231
09-04-2009,1.315997243
10-04-2009,1.317592502
13-04-2009,1.336398125
14-04-2009,1.327404261
15-04-2009,1.322593927
16-04-2009,1.318043947
17-04-2009,1.304495335
20-04-2009,1.292891741
21-04-2009,1.293493748
22-04-2009,1.300576091
23-04-2009,1.31409502
24-04-2009,1.325802803
27-04-2009,1.30189693
28-04-2009,1.313094139
29-04-2009,1.326594234
30-04-2009,1.323521614
01-05-2009,1.326805472
04-05-2009,1.341867566
05-05-2009,1.331593394
06-05-2009,1.331292033
07-05-2009,1.339208007
08-05-2009,1.363902926
11-05-2009,1.358991027
12-05-2009,1.364498496
13-05-2009,1.358861804
14-05-2009,1.36360538
15-05-2009,1.350201964
18-05-2009,1.35580349
19-05-2009,1.363233566
20-05-2009,1.377296686
21-05-2009,1.390607834
22-05-2009,1.400305271
25-05-2009,1.40069747
26-05-2009,1.399403811
27-05-2009,1.383393764
28-05-2009,1.393106937
29-05-2009,1.41570878
01-06-2009,1.416390419
02-06-2009,1.430860758
03-06-2009,1.414967537
04-06-2009,1.417796135
05-06-2009,1.397194386
08-06-2009,1.390298486
09-06-2009,1.406331301
10-06-2009,1.39838624
11-06-2009,1.41109395
12-06-2009,1.400109172
15-06-2009,1.378492713
16-06-2009,1.38299191
17-06-2009,1.393805981
18-06-2009,1.39149797
19-06-2009,1.39470017
22-06-2009,1.386520267
23-06-2009,1.407202005
24-06-2009,1.394097328
25-06-2009,1.398562312
26-06-2009,1.405303597
29-06-2009,1.40860939
30-06-2009,1.4038831
01-07-2009,1.414087176
02-07-2009,1.395751357
03-07-2009,1.396004677
06-07-2009,1.397702217
07-07-2009,1.391594768
08-07-2009,1.387905836
09-07-2009,1.402799964
10-07-2009,1.393398046
13-07-2009,1.399012327
14-07-2009,1.397155285
15-07-2009,1.410198569
16-07-2009,1.414107084
17-07-2009,1.41049695
20-07-2009,1.421181321
21-07-2009,1.419849515
22-07-2009,1.420595765
23-07-2009,1.416330338
24-07-2009,1.421201587
27-07-2009,1.424704313
28-07-2009,1.414607167
29-07-2009,1.401463151
30-07-2009,1.4084903
31-07-2009,1.426004648
03-08-2009,1.44119215
04-08-2009,1.44196105
05-08-2009,1.441171288
06-08-2009,1.43729794
07-08-2009,1.41910398
10-08-2009,1.413107991
11-08-2009,1.415007591
12-08-2009,1.421706676
13-08-2009,1.427592516
14-08-2009,1.420696735
17-08-2009,1.410596371
18-08-2009,1.41651094
19-08-2009,1.425394773
20-08-2009,1.426004648
21-08-2009,1.432090282
24-08-2009,1.429306507
25-08-2009,1.428408265
26-08-2009,1.423629403
27-08-2009,1.43729794
28-08-2009,1.435997605
31-08-2009,1.434267521
01-09-2009,1.421201587
02-09-2009,1.427409172
03-09-2009,1.425638676
04-09-2009,1.42940855
07-09-2009,1.433198571
08-09-2009,1.450410485
09-09-2009,1.454799294
10-09-2009,1.458129764
11-09-2009,1.45800221
14-09-2009,1.464321733
15-09-2009,1.46709311
16-09-2009,1.471194029
17-09-2009,1.473296523
18-09-2009,1.471605301
21-09-2009,1.468407154
22-09-2009,1.481196165
23-09-2009,1.472602248
24-09-2009,1.46509409
25-09-2009,1.468493462
28-09-2009,1.462159276
29-09-2009,1.459172368
30-09-2009,1.465502143
01-10-2009,1.451589465
02-10-2009,1.459002018
05-10-2009,1.465996265
06-10-2009,1.472168565
07-10-2009,1.471150756
08-10-2009,1.478131056
09-10-2009,1.473405123
12-10-2009,1.479289889
13-10-2009,1.484604716
14-10-2009,1.493205905
15-10-2009,1.495595455
16-10-2009,1.490801692
19-10-2009,1.496490717
20-10-2009,1.493451238
21-10-2009,1.500690222
22-10-2009,1.504189134
23-10-2009,1.50100565
26-10-2009,1.486171246
27-10-2009,1.481701016
28-10-2009,1.471800208
29-10-2009,1.484009743
30-10-2009,1.473296523
02-11-2009,1.477410436
03-11-2009,1.473101258
04-11-2009,1.48690033
05-11-2009,1.487807393
06-11-2009,1.484891295
09-11-2009,1.500802875
10-11-2009,1.498980761
11-11-2009,1.498396754
12-11-2009,1.485685468
13-11-2009,1.490890622
16-11-2009,1.498374343
17-11-2009,1.487696767
18-11-2009,1.49539423
19-11-2009,1.491624594
20-11-2009,1.486392021
23-11-2009,1.496199608
24-11-2009,1.496669888
25-11-2009,1.51279068
26-11-2009,1.497297406
27-11-2009,1.499093056
30-11-2009,1.503895044
01-12-2009,1.509001255
02-12-2009,1.50697732
03-12-2009,1.506545901
04-12-2009,1.485707402
07-12-2009,1.484119892
08-12-2009,1.469702005
09-12-2009,1.473795891
10-12-2009,1.472949266
11-12-2009,1.461902738
14-12-2009,1.465695381
15-12-2009,1.454207063
16-12-2009,1.452601671
17-12-2009,1.434699655
18-12-2009,1.43490541
21-12-2009,1.428673506
22-12-2009,1.425435543
23-12-2009,1.433609605
24-12-2009,1.438497066
25-12-2009,1.439905524
28-12-2009,1.43750453
29-12-2009,1.434308648
30-12-2009,1.43420577
31-12-2009,1.432705879
01-01-2010,1.438993812
04-01-2010,1.442397833
05-01-2010,1.436595917
06-01-2010,1.440403342
07-01-2010,1.431803226
08-01-2010,1.441109061
11-01-2010,1.451126099
12-01-2010,1.447659969
13-01-2010,1.452390552
14-01-2010,1.449989796
15-01-2010,1.439097404
18-01-2010,1.440673113
19-01-2010,1.428102136
20-01-2010,1.411034226
21-01-2010,1.409701586
22-01-2010,1.414107084
25-01-2010,1.415007591
26-01-2010,1.40823245
27-01-2010,1.403095126
28-01-2010,1.396804214
29-01-2010,1.386693239
01-02-2010,1.39269948
02-02-2010,1.397624016
03-02-2010,1.390105247
04-02-2010,1.374494791
05-02-2010,1.368007779
08-02-2010,1.36546731
09-02-2010,1.378207803
10-02-2010,1.375326633
11-02-2010,1.368176222
12-02-2010,1.3634938
15-02-2010,1.36030364
16-02-2010,1.376708865
17-02-2010,1.360692263
18-02-2010,1.34614861
19-02-2010,1.361507416
22-02-2010,1.360562682
23-02-2010,1.352704048
24-02-2010,1.354316235
25-02-2010,1.353601217
26-02-2010,1.363103509
01-03-2010,1.356208086
02-03-2010,1.362063885
03-03-2010,1.370163321
04-03-2010,1.358400345
05-03-2010,1.362899184
08-03-2010,1.361692786
09-03-2010,1.360692263
10-03-2010,1.364331007
11-03-2010,1.368531942
12-03-2010,1.376993179
15-03-2010,1.367745757
16-03-2010,1.376879454
17-03-2010,1.373833895
18-03-2010,1.361396313
19-03-2010,1.353692889
22-03-2010,1.356704831
23-03-2010,1.346801281
24-03-2010,1.333102226
25-03-2010,1.330707431
26-03-2010,1.341003895
29-03-2010,1.348108649
30-03-2010,1.342407942
31-03-2010,1.350803733
01-04-2010,1.358400345
02-04-2010,1.35049367
05-04-2010,1.348908782
06-04-2010,1.340195179
07-04-2010,1.334846139
08-04-2010,1.33611238
09-04-2010,1.35009253
12-04-2010,1.359600782
13-04-2010,1.360858917
14-04-2010,1.365597844
15-04-2010,1.35740459
16-04-2010,1.350402474
19-04-2010,1.348726749
20-04-2010,1.343508244
21-04-2010,1.338992834
22-04-2010,1.326999187
23-04-2010,1.338401437
26-04-2010,1.340123296
27-04-2010,1.317071915
28-04-2010,1.321283221
29-04-2010,1.326295137
30-04-2010,1.329804897
03-05-2010,1.319992661
04-05-2010,1.296394706
05-05-2010,1.28149271
06-05-2010,1.263296127
07-05-2010,1.275607824
10-05-2010,1.27792263
11-05-2010,1.262993097
12-05-2010,1.263902903
13-05-2010,1.254107237
14-05-2010,1.236002326
17-05-2010,1.239295602
18-05-2010,1.217893362
19-05-2010,1.239341617
20-05-2010,1.247894168
21-05-2010,1.256707668
24-05-2010,1.234994888
25-05-2010,1.234598398
26-05-2010,1.217300296
27-05-2010,1.234796643
28-05-2010,1.227400541
31-05-2010,1.228788018
01-06-2010,1.223301411
02-06-2010,1.223900318
03-06-2010,1.216944695
04-06-2010,1.197103024
07-06-2010,1.192292929
08-06-2010,1.197203279
09-06-2010,1.199198961
10-06-2010,1.210903049
11-06-2010,1.211401701
14-06-2010,1.221806884
15-06-2010,1.231906414
16-06-2010,1.231193542
17-06-2010,1.238206148
18-06-2010,1.239295602
21-06-2010,1.231602907
22-06-2010,1.227505922
23-06-2010,1.231906414
24-06-2010,1.233745337
25-06-2010,1.237302184
28-06-2010,1.227701783
29-06-2010,1.218635321
30-06-2010,1.223002315
01-07-2010,1.250750422
02-07-2010,1.257102609
05-07-2010,1.253698349
06-07-2010,1.262403131
07-07-2010,1.263312101
08-07-2010,1.26940608
09-07-2010,1.264398336
12-07-2010,1.259001851
13-07-2010,1.27208662
14-07-2010,1.274047613
15-07-2010,1.292858243
16-07-2010,1.293192625
19-07-2010,1.29394567
20-07-2010,1.289307714
21-07-2010,1.276796818
22-07-2010,1.290305972
23-07-2010,1.291305661
26-07-2010,1.299899936
27-07-2010,1.299089313
28-07-2010,1.299224377
29-07-2010,1.307805061
30-07-2010,1.303900003
02-08-2010,1.317592502
03-08-2010,1.322506428
04-08-2010,1.322506428
05-08-2010,1.315806866
06-08-2010,1.318130851
09-08-2010,1.32856822
10-08-2010,1.322996378
11-08-2010,1.31849587
12-08-2010,1.284406066
13-08-2010,1.282988906
16-08-2010,1.277090311
17-08-2010,1.281197071
18-08-2010,1.287995815
19-08-2010,1.285644531
20-08-2010,1.280803323
23-08-2010,1.271003366
24-08-2010,1.263503671
25-08-2010,1.263296127
26-08-2010,1.26639986
27-08-2010,1.270648003
30-08-2010,1.275396347
31-08-2010,1.266592264
01-09-2010,1.268729568
02-09-2010,1.280295014
03-09-2010,1.282593966
06-09-2010,1.289407492
07-09-2010,1.28683567
08-09-2010,1.267796636
09-09-2010,1.273204088
10-09-2010,1.269309402
13-09-2010,1.271698356
14-09-2010,1.287200093
15-09-2010,1.299173713
16-09-2010,1.301507115
17-09-2010,1.307599783
20-09-2010,1.304393172
21-09-2010,1.30669415
22-09-2010,1.325697303
23-09-2010,1.339100361
24-09-2010,1.331912637
27-09-2010,1.347908735
28-09-2010,1.343905449
29-09-2010,1.357091546
30-09-2010,1.362806201
01-10-2010,1.3622123
04-10-2010,1.377695084
05-10-2010,1.36740911
06-10-2010,1.383393764
07-10-2010,1.392001629
08-10-2010,1.392796397
11-10-2010,1.397760749
12-10-2010,1.38802135
13-10-2010,1.391691566
14-10-2010,1.396726012
15-10-2010,1.407202005
18-10-2010,1.396433473
19-10-2010,1.393592238
20-10-2010,1.373909473
21-10-2010,1.396316528
22-10-2010,1.391691566
25-10-2010,1.394408464
26-10-2010,1.394894719
27-10-2010,1.38542521
28-10-2010,1.377808928
29-10-2010,1.377808928
01-11-2010,1.397506833
02-11-2010,1.391091466
03-11-2010,1.403607249
04-11-2010,1.412728667
05-11-2010,1.422798991
08-11-2010,1.407578468
09-11-2010,1.386962533
10-11-2010,1.377201796
11-11-2010,1.377562284
12-11-2010,1.36210084
15-11-2010,1.369319081
16-11-2010,1.35747838
17-11-2010,1.349054337
18-11-2010,1.355399251
19-11-2010,1.365728498
22-11-2010,1.374438167
23-11-2010,1.360192657
24-11-2010,1.338634253
25-11-2010,1.33579123
26-11-2010,1.333973646
29-11-2010,1.323801994
30-11-2010,1.310392737
01-12-2010,1.299207449
02-12-2010,1.31249094
03-12-2010,1.321597576
06-12-2010,1.341597557
07-12-2010,1.32869184
08-12-2010,1.324468136
09-12-2010,1.325082421
10-12-2010,1.32420516
13-12-2010,1.319713831
14-12-2010,1.339548826
15-12-2010,1.336094618
16-12-2010,1.322401404
17-12-2010,1.323994756
20-12-2010,1.316499591
21-12-2010,1.311802268
22-12-2010,1.309003353
23-12-2010,1.31154418
24-12-2010,1.312714934
27-12-2010,1.307976007
28-12-2010,1.318965435
29-12-2010,1.308626533
30-12-2010,1.322453976
31-12-2010,1.330123305
03-01-2011,1.33579123
04-01-2011,1.33568418
05-01-2011,1.332107782
06-01-2011,1.31568563
07-01-2011,1.297993302
10-01-2011,1.28950727
11-01-2011,1.296495676
12-01-2011,1.298397779
13-01-2011,1.312835574
14-01-2011,1.335327387
17-01-2011,1.338025331
18-01-2011,1.32839179
19-01-2011,1.337810516
20-01-2011,1.345206976
21-01-2011,1.346801281
24-01-2011,1.361952543
25-01-2011,1.364405394
26-01-2011,1.368606925
27-01-2011,1.371008635
28-01-2011,1.372306824
31-01-2011,1.357275724
01-02-2011,1.37138474
02-02-2011,1.38299191
03-02-2011,1.381788015
04-02-2011,1.36245358
07-02-2011,1.357496738
08-02-2011,1.359194279
09-02-2011,1.36269486
10-02-2011,1.372099757
11-02-2011,1.360192657
14-02-2011,1.351004362
15-02-2011,1.348108649
16-02-2011,1.349855542
17-02-2011,1.357533574
18-02-2011,1.362601995
21-02-2011,1.37134707
22-02-2011,1.368232369
23-02-2011,1.367371798
24-02-2011,1.376405597
25-02-2011,1.381998062
28-02-2011,1.373437762
01-03-2011,1.382150888
02-03-2011,1.377182841
03-03-2011,1.386654854
04-03-2011,1.395887733
07-03-2011,1.399070978
08-03-2011,1.396394491
09-03-2011,1.389796138
10-03-2011,1.390221238
11-03-2011,1.38012898
14-03-2011,1.39345634
15-03-2011,1.39920795
16-03-2011,1.398620963
17-03-2011,1.388483882
18-03-2011,1.40329206
21-03-2011,1.417052746
22-03-2011,1.421706676
23-03-2011,1.416811824
24-03-2011,1.410596371
25-03-2011,1.417193413
28-03-2011,1.402603269
29-03-2011,1.40797472
30-03-2011,1.411113977
31-03-2011,1.412130117
01-04-2011,1.415869117
04-04-2011,1.422333479
05-04-2011,1.422009826
06-04-2011,1.421908855
07-04-2011,1.43352735
08-04-2011,1.43020606
11-04-2011,1.446215272
12-04-2011,1.443793178
13-04-2011,1.447638988
14-04-2011,1.444210172
15-04-2011,1.443209648
18-04-2011,1.441295981
19-04-2011,1.422394156
20-04-2011,1.433794618
21-04-2011,1.451399922
22-04-2011,1.455498219
25-04-2011,1.455709934
26-04-2011,1.457895994
27-04-2011,1.468795419
28-04-2011,1.477999926
29-04-2011,1.484406352
02-05-2011,1.479399443
03-05-2011,1.48238194
04-05-2011,1.483327389
05-05-2011,1.482975483
06-05-2011,1.45443964
09-05-2011,1.435296774
10-05-2011,1.437607884
11-05-2011,1.441109061
12-05-2011,1.421100497
13-05-2011,1.423791528
16-05-2011,1.407796383
17-05-2011,1.415808916
18-05-2011,1.42689991
19-05-2011,1.425516725
20-05-2011,1.43161869
23-05-2011,1.410576463
24-05-2011,1.403666377
25-05-2011,1.409900308
26-05-2011,1.4084903
27-05-2011,1.413507462
30-05-2011,1.429735661
31-05-2011,1.43223381
01-06-2011,1.44279325
02-06-2011,1.434493899
03-06-2011,1.448603511
06-06-2011,1.465502143
07-06-2011,1.458299994
08-06-2011,1.468601346
09-06-2011,1.460195065
10-06-2011,1.451568365
13-06-2011,1.433260322
14-06-2011,1.441690803
15-06-2011,1.445003152
16-06-2011,1.418198228
17-06-2011,1.419909954
20-06-2011,1.428510189
21-06-2011,1.432541609
22-06-2011,1.438166022
23-06-2011,1.431434274
24-06-2011,1.427001715
27-06-2011,1.417133212
28-06-2011,1.431680202
29-06-2011,1.435791492
30-06-2011,1.447890401
01-07-2011,1.449695468
04-07-2011,1.453995585
05-07-2011,1.455307484
06-07-2011,1.442813993
07-07-2011,1.433157563
08-07-2011,1.436451316
11-07-2011,1.420192361
12-07-2011,1.404060483
13-07-2011,1.396901608
14-07-2011,1.423426747
15-07-2011,1.415728688
18-07-2011,1.412309647
19-07-2011,1.411193609
20-07-2011,1.417293906
21-07-2011,1.427001715
22-07-2011,1.442002654
25-07-2011,1.438848972
26-07-2011,1.437153339
27-07-2011,1.450810194
28-07-2011,1.43729794
29-07-2011,1.433198571
01-08-2011,1.436368823
02-08-2011,1.426208019
03-08-2011,1.417333961
04-08-2011,1.435296774
05-08-2011,1.406707168
08-08-2011,1.42940855
09-08-2011,1.417072892
10-08-2011,1.438310862
11-08-2011,1.412469268
12-08-2011,1.422636986
15-08-2011,1.427409172
16-08-2011,1.443834782
17-08-2011,1.439801812
18-08-2011,1.442918181
19-08-2011,1.432439089
22-08-2011,1.436926126
23-08-2011,1.436100721
24-08-2011,1.44370985
25-08-2011,1.441233754
26-08-2011,1.43729794
29-08-2011,1.449506402
30-08-2011,1.452432871
31-08-2011,1.443313837
01-09-2011,1.437463164
02-09-2011,1.426208019
05-09-2011,1.415768862
06-09-2011,1.406311512
07-09-2011,1.400324941
08-09-2011,1.408569694
09-09-2011,1.390414476
12-09-2011,1.360081553
13-09-2011,1.366026878
14-09-2011,1.368606925
15-09-2011,1.374608278
16-09-2011,1.386904836
19-09-2011,1.370144606
20-09-2011,1.360562682
21-09-2011,1.369394064
22-09-2011,1.358603358
23-09-2011,1.34809041
26-09-2011,1.3547014
27-09-2011,1.351807952
28-09-2011,1.358234286
29-09-2011,1.353766203
30-09-2011,1.358584881
03-10-2011,1.336094618
04-10-2011,1.319504857
05-10-2011,1.333013415
06-10-2011,1.333991528
07-10-2011,1.342894673
10-10-2011,1.33859849
11-10-2011,1.36354959
12-10-2011,1.364573002
13-10-2011,1.379196286
14-10-2011,1.373550892
17-10-2011,1.387905836
18-10-2011,1.374400377
19-10-2011,1.374003768
20-10-2011,1.376500368
21-10-2011,1.377903938
24-10-2011,1.384773016
25-10-2011,1.392234087
26-10-2011,1.3904531
27-10-2011,1.387694001
28-10-2011,1.41739428
31-10-2011,1.414007187
01-11-2011,1.386001468
02-11-2011,1.365597844
03-11-2011,1.369000435
04-11-2011,1.38299191
07-11-2011,1.378929973
08-11-2011,1.376007915
09-11-2011,1.382647872
10-11-2011,1.352667451
11-11-2011,1.361007214
14-11-2011,1.378701806
15-11-2011,1.362416387
16-11-2011,1.350712538
17-11-2011,1.344104052
18-11-2011,1.345804453
21-11-2011,1.352996945
22-11-2011,1.348435879
23-11-2011,1.352191925
24-11-2011,1.335202575
25-11-2011,1.333102226
28-11-2011,1.331345201
29-11-2011,1.331699729
30-11-2011,1.332409501
01-12-2011,1.344393134
02-12-2011,1.346692443
05-12-2011,1.341903687
06-12-2011,1.338670135
07-12-2011,1.341201782
08-12-2011,1.340374708
09-12-2011,1.334543347
12-12-2011,1.337166548
13-12-2011,1.317106605
14-12-2011,1.301913738
15-12-2011,1.298802495
16-12-2011,1.302965522
19-12-2011,1.303695917
20-12-2011,1.300779223
21-12-2011,1.308797717
22-12-2011,1.304001927
23-12-2011,1.305602312
26-12-2011,1.304495335
27-12-2011,1.305057049
28-12-2011,1.307206631
29-12-2011,1.292724609
30-12-2011,1.295605302
02-01-2012,1.296008229
03-01-2012,1.294096351
04-01-2012,1.305602312
05-01-2012,1.293142438
06-01-2012,1.279606819
09-01-2012,1.268037796
10-01-2012,1.277595997
11-01-2012,1.27518487
12-01-2012,1.272394061
13-01-2012,1.282051325
16-01-2012,1.264702082
17-01-2012,1.266704679
18-01-2012,1.274599791
19-01-2012,1.286603928
20-01-2012,1.296495676
23-01-2012,1.288477182
24-01-2012,1.302693963
25-01-2012,1.304103971
26-01-2012,1.310736299
27-01-2012,1.309277534
30-01-2012,1.320794582
31-01-2012,1.313956857
01-02-2012,1.307702422
02-02-2012,1.317002535
03-02-2012,1.313715219
06-02-2012,1.312714934
07-02-2012,1.31216383
08-02-2012,1.324854255
09-02-2012,1.324854255
10-02-2012,1.327844977
13-02-2012,1.323679328
14-02-2012,1.315789461
15-02-2012,1.313370109
16-02-2012,1.305806875
17-02-2012,1.312680483
20-02-2012,1.322716355
21-02-2012,1.320480585
22-02-2012,1.324327826
23-02-2012,1.325574279
24-02-2012,1.337363362
27-02-2012,1.346710682
28-02-2012,1.34066236
29-02-2012,1.347799778
01-03-2012,1.33209002
02-03-2012,1.332267523
05-03-2012,1.318617582
06-03-2012,1.322576404
07-03-2012,1.312335968
08-03-2012,1.313991427
09-03-2012,1.327492356
12-03-2012,1.312508225
13-03-2012,1.316829085
14-03-2012,1.308044434
15-03-2012,1.302252889
16-03-2012,1.307873487
19-03-2012,1.317714095
20-03-2012,1.322926283
21-03-2012,1.323766828
22-03-2012,1.321877003
23-03-2012,1.320480585
26-03-2012,1.328303576
27-03-2012,1.33600533
28-03-2012,1.332871318
29-03-2012,1.332622647
30-03-2012,1.331380606
02-04-2012,1.335826874
03-04-2012,1.333333373
04-04-2012,1.322523952
05-04-2012,1.314405918
06-04-2012,1.306506395
09-04-2012,1.307907581
10-04-2012,1.311131477
11-04-2012,1.307360411
12-04-2012,1.311991572
13-04-2012,1.318913221
16-04-2012,1.305653453
17-04-2012,1.312680483
18-04-2012,1.313542604
19-04-2012,1.311991572
20-04-2012,1.314578652
23-04-2012,1.320480585
24-04-2012,1.315201163
25-04-2012,1.319783568
26-04-2012,1.323276401
27-04-2012,1.319087267
30-04-2012,1.32415247
01-05-2012,1.323977232
02-05-2012,1.323977232
03-05-2012,1.314751506
04-05-2012,1.315616369
07-05-2012,1.297033668
08-05-2012,1.306165099
09-05-2012,1.299545169
10-05-2012,1.293660998
11-05-2012,1.293493748
14-05-2012,1.28998971
15-05-2012,1.283202887
16-05-2012,1.273560882
17-05-2012,1.273074508
18-05-2012,1.269841194
21-05-2012,1.277302384
22-05-2012,1.281065822
23-05-2012,1.266463995
24-05-2012,1.256123543
25-05-2012,1.253604174
28-05-2012,1.256913066
29-05-2012,1.252505064
30-05-2012,1.247816324
31-05-2012,1.237470627
01-06-2012,1.236246705
04-06-2012,1.240233183
05-06-2012,1.250938296
06-06-2012,1.246261239
07-06-2012,1.257387161
08-06-2012,1.257071018
11-06-2012,1.264542222
12-06-2012,1.247816324
13-06-2012,1.25046885
14-06-2012,1.257387161
15-06-2012,1.262785792
18-06-2012,1.270486593
19-06-2012,1.259763122
20-06-2012,1.268069983
21-06-2012,1.268069983
22-06-2012,1.255177617
25-06-2012,1.253761292
26-06-2012,1.25046885
27-06-2012,1.248751163
28-06-2012,1.247349381
29-06-2012,1.244090557
02-07-2012,1.265518427
03-07-2012,1.258178234
04-07-2012,1.260557175
05-07-2012,1.251627207
06-07-2012,1.239157438
09-07-2012,1.22714448
10-07-2012,1.231830478
11-07-2012,1.225640297
12-07-2012,1.22472477
13-07-2012,1.219274282
16-07-2012,1.224889755
17-07-2012,1.226843357
18-07-2012,1.229558587
19-07-2012,1.227747083
20-07-2012,1.227686763
23-07-2012,1.212709188
24-07-2012,1.212415099
25-07-2012,1.206185341
26-07-2012,1.2140342
27-07-2012,1.228048682
30-07-2012,1.230466366
31-07-2012,1.225940943
01-08-2012,1.22940743
02-08-2012,1.224140048
03-08-2012,1.218026876
06-08-2012,1.242853642
07-08-2012,1.239003897
08-08-2012,1.238696933
09-08-2012,1.237332821
10-08-2012,1.22940743
13-08-2012,1.227716923
14-08-2012,1.232741594
15-08-2012,1.232589722
16-08-2012,1.228954077
17-08-2012,1.235788465
20-08-2012,1.233258605
21-08-2012,1.235330462
22-08-2012,1.247660637
23-08-2012,1.253446937
24-08-2012,1.256123543
27-08-2012,1.250437617
28-08-2012,1.250156283
29-08-2012,1.257228971
30-08-2012,1.25313282
31-08-2012,1.251094699
03-09-2012,1.257703424
04-09-2012,1.258653283
05-09-2012,1.253446937
06-09-2012,1.260239482
07-09-2012,1.263264298
10-09-2012,1.279590607
11-09-2012,1.276161313
12-09-2012,1.28518188
13-09-2012,1.290322661
14-09-2012,1.299376369
17-09-2012,1.311647534
18-09-2012,1.311011195
19-09-2012,1.304631472
20-09-2012,1.305823922
21-09-2012,1.297353387
24-09-2012,1.296848655
25-09-2012,1.294163346
26-09-2012,1.29000628
27-09-2012,1.288161755
28-09-2012,1.291322351
01-10-2012,1.28090167
02-10-2012,1.28882587
03-10-2012,1.291655898
04-10-2012,1.292323589
05-10-2012,1.301744342
08-10-2012,1.301574945
09-10-2012,1.297690034
10-10-2012,1.285842896
11-10-2012,1.285842896
12-10-2012,1.293326497
15-10-2012,1.294330835
16-10-2012,1.296848655
17-10-2012,1.310787797
18-10-2012,1.311647534
19-10-2012,1.306916118
22-10-2012,1.302252889
23-10-2012,1.307018638
24-10-2012,1.297353387
25-10-2012,1.296512365
26-10-2012,1.293828487
29-10-2012,1.292407155
30-10-2012,1.290822268
31-10-2012,1.296260357
01-11-2012,1.296512365
02-11-2012,1.29483366
05-11-2012,1.282791376
06-11-2012,1.2802459
07-11-2012,1.280803323
08-11-2012,1.275998473
09-11-2012,1.274534822
12-11-2012,1.272394061
13-11-2012,1.270970941
14-11-2012,1.270970941
15-11-2012,1.273236632
16-11-2012,1.278445482
19-11-2012,1.275949717
20-11-2012,1.276943564
21-11-2012,1.281443477
22-11-2012,1.286504626
23-11-2012,1.287514925
26-11-2012,1.296596408
27-11-2012,1.298701286
28-11-2012,1.293828487
29-11-2012,1.295336723
30-11-2012,1.297353387
03-12-2012,1.299680233
05-12-2012,1.309929252
06-12-2012,1.307018638
07-12-2012,1.296344399
10-12-2012,1.290605664
11-12-2012,1.293828487
12-12-2012,1.301320791
13-12-2012,1.306677103
14-12-2012,1.307873487
17-12-2012,1.316586375
18-12-2012,1.316482425
19-12-2012,1.323101282
20-12-2012,1.321527719
21-12-2012,1.323766828
24-12-2012,1.31820035
25-12-2012,1.318043947
26-12-2012,1.318043947
27-12-2012,1.322576404
28-12-2012,1.32502985
31-12-2012,1.322768807
01-01-2013,1.320132017
02-01-2013,1.319783568
03-01-2013,1.318217754
04-01-2013,1.303271174
07-01-2013,1.30674541
08-01-2013,1.312508225
09-01-2013,1.308232665
10-01-2013,1.305483103
11-01-2013,1.327316165
14-01-2013,1.336201668
15-01-2013,1.337792635
16-01-2013,1.330849051
17-01-2013,1.329080343
18-01-2013,1.337255955
21-01-2013,1.332001328
22-01-2013,1.331150293
23-01-2013,1.331398368
24-01-2013,1.330849051
25-01-2013,1.33693409
28-01-2013,1.346601844
29-01-2013,1.344628215
30-01-2013,1.349163532
31-01-2013,1.356833696
01-02-2013,1.36109972
04-02-2013,1.364870906
05-02-2013,1.351168752
06-02-2013,1.358142018
07-02-2013,1.352393031
08-02-2013,1.338938951
11-02-2013,1.336826921
12-02-2013,1.340356708
13-02-2013,1.345206976
14-02-2013,1.344447494
15-02-2013,1.335291743
18-02-2013,1.334400773
19-02-2013,1.334721446
20-02-2013,1.339584708
21-02-2013,1.327316165
22-02-2013,1.319435239
25-02-2013,1.319591999
26-02-2013,1.306506395
27-02-2013,1.306591749
28-02-2013,1.315097332
01-03-2013,1.305994511
04-03-2013,1.301693439
05-03-2013,1.30361104
06-03-2013,1.304852724
07-03-2013,1.297858477
08-03-2013,1.311131477
11-03-2013,1.298802495
12-03-2013,1.303271174
13-03-2013,1.302931666
14-03-2013,1.295840263
15-03-2013,1.301236272
18-03-2013,1.289274573
19-03-2013,1.294498444
20-03-2013,1.286388755
21-03-2013,1.294163346
22-03-2013,1.290489078
25-03-2013,1.302405596
26-03-2013,1.285842896
27-03-2013,1.286008239
28-03-2013,1.277791977
29-03-2013,1.281591177
01-04-2013,1.280573726
02-04-2013,1.285016775
03-04-2013,1.282051325
04-04-2013,1.285016775
05-04-2013,1.292824745
08-04-2013,1.299207449
09-04-2013,1.302931666
10-04-2013,1.308027387
11-04-2013,1.305534124
12-04-2013,1.311475396
15-04-2013,1.309929252
16-04-2013,1.305466056
17-04-2013,1.317870259
18-04-2013,1.303492069
19-04-2013,1.305312634
22-04-2013,1.305568218
23-04-2013,1.306165099
24-04-2013,1.299443841
25-04-2013,1.301744342
26-04-2013,1.300728321
29-04-2013,1.304257154
30-04-2013,1.309586167
01-05-2013,1.316829085
02-05-2013,1.318217754
03-05-2013,1.306506395
06-05-2013,1.312335968
07-05-2013,1.307018638
08-05-2013,1.307702422
09-05-2013,1.316135764
10-05-2013,1.303441048
13-05-2013,1.296529174
14-05-2013,1.298802495
15-05-2013,1.293711185
16-05-2013,1.288244724
17-05-2013,1.288327813
20-05-2013,1.283565283
21-05-2013,1.289108276
22-05-2013,1.291906238
23-05-2013,1.284208179
24-05-2013,1.29250741
27-05-2013,1.293778181
28-05-2013,1.293393373
29-05-2013,1.284637094
30-05-2013,1.294783354
31-05-2013,1.304393172
03-06-2013,1.299646497
04-06-2013,1.307291985
05-06-2013,1.307343364
06-06-2013,1.309328914
07-06-2013,1.324555874
10-06-2013,1.322401404
11-06-2013,1.322401404
12-06-2013,1.322401404
13-06-2013,1.333955884
14-06-2013,1.336791158
17-06-2013,1.334863901
18-06-2013,1.336308837
19-06-2013,1.338992834
20-06-2013,1.329186201
21-06-2013,1.323556662
24-06-2013,1.310530066
25-06-2013,1.313232183
26-06-2013,1.307976007
27-06-2013,1.301337719
28-06-2013,1.303593993
01-07-2013,1.301405549
02-07-2013,1.306762457
03-07-2013,1.297892213
04-07-2013,1.301083803
05-07-2013,1.2907722
08-07-2013,1.282906532
09-07-2013,1.287100673
10-07-2013,1.278183937
11-07-2013,1.318774104
12-07-2013,1.309774756
15-07-2013,1.305994511
16-07-2013,1.305875063
17-07-2013,1.315114617
18-07-2013,1.311699033
19-07-2013,1.311062694
22-07-2013,1.315997243
23-07-2013,1.319034934
24-07-2013,1.322331548
25-07-2013,1.319087267
26-07-2013,1.327421904
29-07-2013,1.328744769
30-07-2013,1.326365471
31-07-2013,1.326488614
01-08-2013,1.330140948
02-08-2013,1.32119596
05-08-2013,1.327897787
06-08-2013,1.325750113
07-08-2013,1.330813646
08-08-2013,1.33409822
09-08-2013,1.33800745
12-08-2013,1.333938003
13-08-2013,1.329292297
14-08-2013,1.326559067
15-08-2013,1.326418281
16-08-2013,1.335398793
19-08-2013,1.332906723
20-08-2013,1.33338666
21-08-2013,1.342101693
22-08-2013,1.334294081
23-08-2013,1.335505724
26-08-2013,1.338652253
27-08-2013,1.337917924
28-08-2013,1.339208007
29-08-2013,1.333493352
30-08-2013,1.323626757
02-09-2013,1.320829511
03-09-2013,1.319000244
04-09-2013,1.317401648
05-09-2013,1.32006228
06-09-2013,1.31183672
09-09-2013,1.317418814
10-09-2013,1.325802803
11-09-2013,1.3266294
12-09-2013,1.331557989
13-09-2013,1.329893351
16-09-2013,1.335933924
17-09-2013,1.333795667
18-09-2013,1.33579123
19-09-2013,1.352301598
20-09-2013,1.353417993
23-09-2013,1.353454709
24-09-2013,1.34989202
25-09-2013,1.347182274
26-09-2013,1.351698399
27-09-2013,1.348617673
30-09-2013,1.349545956
01-10-2013,1.352521181
02-10-2013,1.352338195
03-10-2013,1.359101892
04-10-2013,1.362416387
07-10-2013,1.356999397
09-10-2013,1.359804153
10-10-2013,1.352027416
11-10-2013,1.352667451
14-10-2013,1.355674863
15-10-2013,1.355858684
16-10-2013,1.352173686
17-10-2013,1.352246761
18-10-2013,1.36669898
21-10-2013,1.368194938
22-10-2013,1.367596149
23-10-2013,1.377846956
24-10-2013,1.378093839
25-10-2013,1.380395532
28-10-2013,1.380529046
29-10-2013,1.378929973
30-10-2013,1.374306083
31-10-2013,1.372401118
01-11-2013,1.357976079
04-11-2013,1.349400282
05-11-2013,1.351698399
06-11-2013,1.34730947
07-11-2013,1.351807952
08-11-2013,1.340913892
11-11-2013,1.334792614
12-11-2013,1.340931892
13-11-2013,1.34399569
14-11-2013,1.34896338
15-11-2013,1.344899416
18-11-2013,1.348399401
19-11-2013,1.350438952
20-11-2013,1.356741667
21-11-2013,1.343381763
22-11-2013,1.347182274
25-11-2013,1.355233908
26-11-2013,1.352759004
27-11-2013,1.356778502
28-11-2013,1.357367754
29-11-2013,1.360396147
02-12-2013,1.35851109
03-12-2013,1.354206204
04-12-2013,1.359064937
05-12-2013,1.358640313
06-12-2013,1.366997957
09-12-2013,1.370651603
10-12-2013,1.374022722
11-12-2013,1.376443624
12-12-2013,1.378606796
13-12-2013,1.375080705
16-12-2013,1.373928308
17-12-2013,1.37629199
18-12-2013,1.377125978
19-12-2013,1.368494511
20-12-2013,1.365579128
23-12-2013,1.367839336
24-12-2013,1.369994402
25-12-2013,1.368194938
26-12-2013,1.366848469
27-12-2013,1.369619131
30-12-2013,1.37502408
31-12-2013,1.381005645
01-01-2014,1.374494791
02-01-2014,1.376670957
03-01-2014,1.366661668
06-01-2014,1.359600782
07-01-2014,1.363196492
08-01-2014,1.361637235
09-01-2014,1.357201934
10-01-2014,1.360710859
13-01-2014,1.367184877
14-01-2014,1.366997957
15-01-2014,1.366848469
16-01-2014,1.359933615
17-01-2014,1.361804128
20-01-2014,1.352759004
21-01-2014,1.35490334
22-01-2014,1.355913758
23-01-2014,1.354224443
24-01-2014,1.368906617
27-01-2014,1.368794203
28-01-2014,1.367465258
29-01-2014,1.365504622
30-01-2014,1.365859032
31-01-2014,1.355877042
03-02-2014,1.348817825
04-02-2014,1.352502823
05-02-2014,1.351588726
06-02-2014,1.353509665
07-02-2014,1.359212756
10-02-2014,1.361933947
11-02-2014,1.364610195
12-02-2014,1.363902926
13-02-2014,1.359009504
14-02-2014,1.367876768
17-02-2014,1.369994402
18-02-2014,1.370445013
19-02-2014,1.376197338
20-02-2014,1.373041749
21-02-2014,1.372118592
24-02-2014,1.373796225
25-02-2014,1.373607516
26-02-2014,1.374608278
27-02-2014,1.368194938
28-02-2014,1.37074554
03-03-2014,1.377695084
04-03-2014,1.373701811
05-03-2014,1.374117136
06-03-2014,1.373418808
07-03-2014,1.386308789
10-03-2014,1.387867332
11-03-2014,1.387886524
12-03-2014,1.385809302
13-03-2014,1.3904531
14-03-2014,1.386539459
17-03-2014,1.391304374
18-03-2014,1.392660618
19-03-2014,1.393087506
20-03-2014,1.381921649
21-03-2014,1.378207803
24-03-2014,1.37955761
25-03-2014,1.383891582
26-03-2014,1.381902575
27-03-2014,1.378207803
28-03-2014,1.37413609
31-03-2014,1.375213146
01-04-2014,1.377505302
02-04-2014,1.379481554
03-04-2014,1.376822591
04-04-2014,1.372382164
07-04-2014,1.370407462
08-04-2014,1.374306083
09-04-2014,1.379329324
10-04-2014,1.3855021
11-04-2014,1.388638139
14-04-2014,1.384619594
15-04-2014,1.381711721
16-04-2014,1.38119638
17-04-2014,1.382705092
18-04-2014,1.381215572
21-04-2014,1.381520748
22-04-2014,1.379500628
23-04-2014,1.381005645
24-04-2014,1.381921649
25-04-2014,1.383202434
28-04-2014,1.384063959
29-04-2014,1.38529098
30-04-2014,1.38136816
01-05-2014,1.386924148
02-05-2014,1.387097239
05-05-2014,1.387270451
06-05-2014,1.38759768
07-05-2014,1.393068075
08-05-2014,1.391168952
09-05-2014,1.384427905
12-05-2014,1.376064658
13-05-2014,1.375667214
14-05-2014,1.370952249
15-05-2014,1.372005582
16-05-2014,1.371648073
19-05-2014,1.37033236
20-05-2014,1.37138474
21-05-2014,1.370407462
22-05-2014,1.368176222
23-05-2014,1.365448713
26-05-2014,1.362880588
27-05-2014,1.365131855
28-05-2014,1.363698363
29-05-2014,1.359342098
30-05-2014,1.360451579
02-06-2014,1.362806201
03-06-2014,1.35989666
04-06-2014,1.36210084
05-06-2014,1.360414624
06-06-2014,1.366194844
09-06-2014,1.364293694
10-06-2014,1.359268188
11-06-2014,1.354096174
12-06-2014,1.353711247
13-06-2014,1.355454326
16-06-2014,1.353802919
17-06-2014,1.357717991
18-06-2014,1.354793191
19-06-2014,1.359064937
20-06-2014,1.361136794
23-06-2014,1.359305143
24-06-2014,1.360192657
25-06-2014,1.360581279
26-06-2014,1.362899184
27-06-2014,1.361303568
30-06-2014,1.364442587
01-07-2014,1.369356513
02-07-2014,1.368082643
03-07-2014,1.365299582
04-07-2014,1.361007214
07-07-2014,1.358843327
08-07-2014,1.360618234
09-07-2014,1.361711383
10-07-2014,1.364293694
11-07-2014,1.36050725
14-07-2014,1.36037755
15-07-2014,1.362175107
16-07-2014,1.357201934
17-07-2014,1.352996945
18-07-2014,1.351881146
21-07-2014,1.353216648
22-07-2014,1.352704048
23-07-2014,1.346801281
24-07-2014,1.346293569
25-07-2014,1.346474886
28-07-2014,1.342894673
29-07-2014,1.343905449
30-07-2014,1.341111779
31-07-2014,1.339602709
01-08-2014,1.338992834
04-08-2014,1.342894673
05-08-2014,1.342209816
06-08-2014,1.337238073
07-08-2014,1.338294029
08-08-2014,1.335826874
11-08-2014,1.340518475
12-08-2014,1.338490963
13-08-2014,1.336612463
14-08-2014,1.336791158
15-08-2014,1.336398125
18-08-2014,1.339046597
19-08-2014,1.33611238
20-08-2014,1.332196593
21-08-2014,1.32604897
22-08-2014,1.327933073
25-08-2014,1.319870591
26-08-2014,1.318895817
27-08-2014,1.317019939
28-08-2014,1.319087267
29-08-2014,1.31849587
01-09-2014,1.312783837
02-09-2014,1.313197613
03-09-2014,1.313197613
04-09-2014,1.315097332
05-09-2014,1.293276191
08-09-2014,1.295336723
09-09-2014,1.289108276
10-09-2014,1.294196844
11-09-2014,1.291705966
12-09-2014,1.292356968
15-09-2014,1.296008229
16-09-2014,1.293979168
17-09-2014,1.295907617
18-09-2014,1.285000205
19-09-2014,1.292006373
22-09-2014,1.284142137
23-09-2014,1.285148859
24-09-2014,1.285396576
25-09-2014,1.277808309
26-09-2014,1.275705457
29-09-2014,1.267314672
30-09-2014,1.269083858
01-10-2014,1.262833595
02-10-2014,1.262419105
03-10-2014,1.267057776
06-10-2014,1.251360774
07-10-2014,1.264606237
08-10-2014,1.26680088
09-10-2014,1.274307489
10-10-2014,1.268906713
13-10-2014,1.263982892
14-10-2014,1.272394061
15-10-2014,1.263902903
16-10-2014,1.282166362
17-10-2014,1.280442476
20-10-2014,1.274957299
21-10-2014,1.279525042
22-10-2014,1.271471977
23-10-2014,1.264142513
24-10-2014,1.265406251
27-10-2014,1.267668128
28-10-2014,1.270147681
29-10-2014,1.273836613
30-10-2014,1.263280272
31-10-2014,1.261336207
03-11-2014,1.250312567
04-11-2014,1.249593854
05-11-2014,1.255256414
06-11-2014,1.248003125
07-11-2014,1.23800683
10-11-2014,1.246137023
11-11-2014,1.24299264
12-11-2014,1.247582912
13-11-2014,1.24299264
14-11-2014,1.24759829
17-11-2014,1.251846433
18-11-2014,1.244895935
19-11-2014,1.253337026
20-11-2014,1.254075766
21-11-2014,1.254500508
24-11-2014,1.237501264
25-11-2014,1.243317127
26-11-2014,1.248065472
27-11-2014,1.25059402
28-11-2014,1.246199131
01-12-2014,1.243827581
02-12-2014,1.247007132
03-12-2014,1.238850355
04-12-2014,1.231663704
05-12-2014,1.238666177
08-12-2014,1.22940743
09-12-2014,1.23151195
10-12-2014,1.239495277
11-12-2014,1.247395992
12-12-2014,1.239495277
15-12-2014,1.246354461
16-12-2014,1.244353771
17-12-2014,1.251204371
18-12-2014,1.233897686
19-12-2014,1.229044795
22-12-2014,1.222598553
23-12-2014,1.22237432
24-12-2014,1.217492938
25-12-2014,1.219854355
26-12-2014,1.221001267
29-12-2014,1.216944695
30-12-2014,1.215347409
31-12-2014,1.216204762
01-01-2015,1.209862828
02-01-2015,1.20894134
05-01-2015,1.194643259
06-01-2015,1.193901539
07-01-2015,1.187535644
08-01-2015,1.183600068
09-01-2015,1.179606915
12-01-2015,1.18707037
13-01-2015,1.18315196
14-01-2015,1.17782855
15-01-2015,1.178592086
16-01-2015,1.163737893
19-01-2015,1.156604171
20-01-2015,1.159796834
21-01-2015,1.154694438
22-01-2015,1.161534548
23-01-2015,1.134674549
26-01-2015,1.112545013
27-01-2015,1.12477088
28-01-2015,1.136738181
29-01-2015,1.128146172
30-01-2015,1.133555532
02-02-2015,1.130901933
03-02-2015,1.134172678
04-02-2015,1.145737886
05-02-2015,1.131874681
06-02-2015,1.147196889
09-02-2015,1.131439328
10-02-2015,1.132695317
11-02-2015,1.132195115
12-02-2015,1.131196141
13-02-2015,1.140393853
16-02-2015,1.14000392
17-02-2015,1.133401275
18-02-2015,1.140471935
19-02-2015,1.14000392
20-02-2015,1.13667357
23-02-2015,1.138148427
24-02-2015,1.133298516
25-02-2015,1.13390255
26-02-2015,1.136363626
27-02-2015,1.120536089
02-03-2015,1.116196036
03-03-2015,1.117905498
04-03-2015,1.118217945
05-03-2015,1.10820508
06-03-2015,1.103204846
09-03-2015,1.08459866
10-03-2015,1.083341479
11-03-2015,1.070870161
12-03-2015,1.054874539
13-03-2015,1.062631488
16-03-2015,1.048163056
17-03-2015,1.057294726
18-03-2015,1.059804797
19-03-2015,1.084998846
20-03-2015,1.066894293
23-03-2015,1.082661152
24-03-2015,1.094499111
25-03-2015,1.090203404
26-03-2015,1.096046567
27-03-2015,1.088636756
30-03-2015,1.088494658
31-03-2015,1.083024621
01-04-2015,1.073814034
02-04-2015,1.0769943
03-04-2015,1.087074637
06-04-2015,1.100134254
07-04-2015,1.093481779
08-04-2015,1.082415104
09-04-2015,1.07852757
10-04-2015,1.066905618
13-04-2015,1.060985446
14-04-2015,1.057294726
15-04-2015,1.06471324
16-04-2015,1.06768024
17-04-2015,1.075557947
20-04-2015,1.08102262
21-04-2015,1.074748755
22-04-2015,1.074171543
23-04-2015,1.07258153
24-04-2015,1.081501961
27-04-2015,1.086897373
28-04-2015,1.087795973
29-04-2015,1.096912146
30-04-2015,1.111432195
01-05-2015,1.121465921
04-05-2015,1.118593216
05-05-2015,1.114914179
06-05-2015,1.118630767
07-05-2015,1.134146929
08-05-2015,1.124694943
11-05-2015,1.119407177
12-05-2015,1.114441991
13-05-2015,1.122145534
14-05-2015,1.135048032
15-05-2015,1.140497923
18-05-2015,1.144505262
19-05-2015,1.132618308
20-05-2015,1.114665627
21-05-2015,1.110075116
22-05-2015,1.111185193
25-05-2015,1.099299788
26-05-2015,1.097116709
27-05-2015,1.088885784
28-05-2015,1.090001464
29-05-2015,1.096034527
01-06-2015,1.09579432
02-06-2015,1.092299342
03-06-2015,1.115001202
04-06-2015,1.125783801
05-06-2015,1.120787263
08-06-2015,1.110814929
09-06-2015,1.128095269
10-06-2015,1.129905224
11-06-2015,1.131196141
12-06-2015,1.124062777
15-06-2015,1.121994495
16-06-2015,1.127700806
17-06-2015,1.124201775
18-06-2015,1.136996746
19-06-2015,1.137074232
22-06-2015,1.137294173
23-06-2015,1.134906292
24-06-2015,1.117218614
25-06-2015,1.120699286
26-06-2015,1.120297551
29-06-2015,1.097502112
30-06-2015,1.122296691
01-07-2015,1.113498926
02-07-2015,1.103363037
03-07-2015,1.10869658
06-07-2015,1.099505186
07-07-2015,1.104899168
08-07-2015,1.100994229
09-07-2015,1.107100964
10-07-2015,1.106304884
13-07-2015,1.112904191
14-07-2015,1.099045992
15-07-2015,1.100800276
16-07-2015,1.094355345
17-07-2015,1.088601232
20-07-2015,1.083024621
21-07-2015,1.083541036
22-07-2015,1.093996167
23-07-2015,1.092705131
24-07-2015,1.098901033
27-07-2015,1.09723711
28-07-2015,1.109004021
29-07-2015,1.106598616
30-07-2015,1.098406196
31-07-2015,1.093924403
03-08-2015,1.096900105
04-08-2015,1.095602274
05-08-2015,1.088897586
06-08-2015,1.090310454
07-08-2015,1.092705131
10-08-2015,1.096503258
11-08-2015,1.101697683
12-08-2015,1.104203701
13-08-2015,1.116096377
14-08-2015,1.116096377
17-08-2015,1.109299302
18-08-2015,1.107800007
19-08-2015,1.103083134
20-08-2015,1.111802936
21-08-2015,1.123696566
24-08-2015,1.137695193
25-08-2015,1.158305645
26-08-2015,1.155094504
27-08-2015,1.134005427
28-08-2015,1.124796152
31-08-2015,1.121403098
01-09-2015,1.122586489
02-09-2015,1.129343748
03-09-2015,1.121604323
04-09-2015,1.112594604
07-09-2015,1.115200162
08-09-2015,1.116395473
09-09-2015,1.120736957
10-09-2015,1.122069955
11-09-2015,1.129088759
14-09-2015,1.134404302
15-09-2015,1.130761266
16-09-2015,1.127179623
17-09-2015,1.129203439
18-09-2015,1.140094876
21-09-2015,1.129203439
22-09-2015,1.119094014
23-09-2015,1.112074971
24-09-2015,1.118993759
25-09-2015,1.117892981
28-09-2015,1.120172024
29-09-2015,1.12310338
30-09-2015,1.125593781
01-10-2015,1.117206097
02-10-2015,1.119344473
05-10-2015,1.122699857
06-10-2015,1.119519949
07-10-2015,1.12679863
08-10-2015,1.123999596
09-10-2015,1.128693581
12-10-2015,1.136996746
13-10-2015,1.135550618
14-10-2015,1.138498306
15-10-2015,1.147552252
16-10-2015,1.136815786
19-10-2015,1.136105418
20-10-2015,1.132900596
21-10-2015,1.135396004
22-10-2015,1.134803295
23-10-2015,1.108094573
26-10-2015,1.102037668
27-10-2015,1.106598616
28-10-2015,1.103703976
29-10-2015,1.092896104
30-10-2015,1.099384308
02-11-2015,1.102596641
03-11-2015,1.101600647
04-11-2015,1.096395016
05-11-2015,1.086802959
06-11-2015,1.088399768
09-11-2015,1.07334137
10-11-2015,1.075951457
11-11-2015,1.073756337
12-11-2015,1.076298833
13-11-2015,1.081501961
16-11-2015,1.069999337
17-11-2015,1.068798542
18-11-2015,1.064384699
19-11-2015,1.066996694
20-11-2015,1.0726161
23-11-2015,1.064101458
24-11-2015,1.064203382
25-11-2015,1.064384699
26-11-2015,1.062496066
27-11-2015,1.060445309
30-11-2015,1.058301806
01-12-2015,1.057294726
02-12-2015,1.062586308
03-12-2015,1.061300755
04-12-2015,1.091595769
07-12-2015,1.088399768
08-12-2015,1.08340013
09-12-2015,1.089395761
10-12-2015,1.101794839
11-12-2015,1.094810605
14-12-2015,1.098394156
15-12-2015,1.099299788
16-12-2015,1.093625188
17-12-2015,1.087453008
18-12-2015,1.084410429
21-12-2015,1.086992025
22-12-2015,1.091297984
23-12-2015,1.095002413
24-12-2015,1.090916991
25-12-2015,1.096996427
28-12-2015,1.09659946
29-12-2015,1.097526193
30-12-2015,1.092800617
31-12-2015,1.093398094
01-01-2016,1.085906029
04-01-2016,1.085399151
05-01-2016,1.08275497
06-01-2016,1.075199366
07-01-2016,1.077899814
08-01-2016,1.092597604
11-01-2016,1.094103813
12-01-2016,1.085799932
13-01-2016,1.084398746
14-01-2016,1.088601232
15-01-2016,1.085894227
18-01-2016,1.092001081
19-01-2016,1.089502573
20-01-2016,1.091297984
21-01-2016,1.087701321
22-01-2016,1.086200953
25-01-2016,1.079901934
26-01-2016,1.085304976
27-01-2016,1.086495876
28-01-2016,1.09079802
29-01-2016,1.093697071
01-02-2016,1.082590818
02-02-2016,1.089728236
03-02-2016,1.092203856
04-02-2016,1.109102368
05-02-2016,1.119996428
08-02-2016,1.114504099
09-02-2016,1.118981242
10-02-2016,1.128999472
11-02-2016,1.128095269
12-02-2016,1.13179791
15-02-2016,1.122599006
16-02-2016,1.117405772
17-02-2016,1.11470294
18-02-2016,1.112297535
19-02-2016,1.111098766
22-02-2016,1.112396598
23-02-2016,1.102803349
24-02-2016,1.102706075
25-02-2016,1.101394415
26-02-2016,1.102499366
29-02-2016,1.09239471
01-03-2016,1.088897586
02-03-2016,1.087594867
03-03-2016,1.086897373
04-03-2016,1.094894528
07-03-2016,1.099396467
08-03-2016,1.101600647
09-03-2016,1.100400567
10-03-2016,1.098901033
11-03-2016,1.117843032
14-03-2016,1.116794348
15-03-2016,1.110198259
16-03-2016,1.110901237
17-03-2016,1.121893764
18-03-2016,1.13179791
21-03-2016,1.127904296
22-03-2016,1.123595476
23-03-2016,1.122296691
24-03-2016,1.118105412
25-03-2016,1.116794348
28-03-2016,1.115996718
29-03-2016,1.120272398
30-03-2016,1.129203439
31-03-2016,1.133465528
01-04-2016,1.13796711
04-04-2016,1.139003992
05-04-2016,1.13890028
06-04-2016,1.138200283
07-04-2016,1.140497923
08-04-2016,1.137397647
11-04-2016,1.140302896
12-04-2016,1.141291857
13-04-2016,1.138498306
14-04-2016,1.127904296
15-04-2016,1.127001762
18-04-2016,1.129994631
19-04-2016,1.130901933
20-04-2016,1.13596344
21-04-2016,1.130505562
22-04-2016,1.129203439
25-04-2016,1.123406172
26-04-2016,1.126900196
27-04-2016,1.129905224
28-04-2016,1.132900596
29-04-2016,1.135589361
02-05-2016,1.146302581
03-05-2016,1.152498603
04-05-2016,1.150403738
05-05-2016,1.149306417
06-05-2016,1.140601993
09-05-2016,1.138796568
10-05-2016,1.138796568
11-05-2016,1.13743639
12-05-2016,1.142700434
13-05-2016,1.137695193
16-05-2016,1.13169539
17-05-2016,1.131605744
18-05-2016,1.131605744
19-05-2016,1.122296691
20-05-2016,1.120598793
23-05-2016,1.122170806
24-05-2016,1.121604323
25-05-2016,1.113796592
26-05-2016,1.115897059
27-05-2016,1.119206667
30-05-2016,1.111000061
31-05-2016,1.114839673
01-06-2016,1.113598108
02-06-2016,1.11890614
03-06-2016,1.115200162
06-06-2016,1.13509953
07-06-2016,1.136402369
08-06-2016,1.135782838
09-06-2016,1.140706182
10-06-2016,1.131503344
13-06-2016,1.123999596
14-06-2016,1.129101515
15-06-2016,1.121302485
16-06-2016,1.126265645
17-06-2016,1.125201106
20-06-2016,1.134906292
21-06-2016,1.132297635
22-06-2016,1.12506187
23-06-2016,1.132823586
24-06-2016,1.132400274
27-06-2016,1.103594422
28-06-2016,1.101503491
29-06-2016,1.107395172
30-06-2016,1.112805009
01-07-2016,1.110605121
04-07-2016,1.113102317
05-07-2016,1.114603519
06-07-2016,1.106500745
07-07-2016,1.109902501
08-07-2016,1.106574178
11-07-2016,1.104398847
12-07-2016,1.105803251
13-07-2016,1.106292605
14-07-2016,1.109496117
15-07-2016,1.110605121
18-07-2016,1.105314374
19-07-2016,1.107186675
20-07-2016,1.101357937
21-07-2016,1.101952672
22-07-2016,1.103289962
25-07-2016,1.097044587
26-07-2016,1.099118471
27-07-2016,1.098780394
28-07-2016,1.107346058
29-07-2016,1.108438492
01-08-2016,1.116806865
02-08-2016,1.116806865
03-08-2016,1.121906281
04-08-2016,1.115150452
05-08-2016,1.113474131
08-08-2016,1.108954787
09-08-2016,1.10836482
10-08-2016,1.111580491
11-08-2016,1.118643403
12-08-2016,1.113908291
15-08-2016,1.11669457
16-08-2016,1.118405581
17-08-2016,1.12759912
18-08-2016,1.129892468
19-08-2016,1.134944916
22-08-2016,1.129815817
23-08-2016,1.13192606
24-08-2016,1.130083919
25-08-2016,1.126379848
26-08-2016,1.129050493
29-08-2016,1.119946241
30-08-2016,1.119281888
31-08-2016,1.115324497
01-09-2016,1.116071343
02-09-2016,1.120071769
05-09-2016,1.116196036
06-09-2016,1.115324497
07-09-2016,1.125365734
08-09-2016,1.124100804
09-09-2016,1.127141595
12-09-2016,1.124113321
13-09-2016,1.124353528
14-09-2016,1.12186861
15-09-2016,1.124732852
16-09-2016,1.124593735
19-09-2016,1.115847349
20-09-2016,1.11806798
21-09-2016,1.115399241
22-09-2016,1.119319439
23-09-2016,1.121013403
26-09-2016,1.123923898
27-09-2016,1.124985933
28-09-2016,1.121956706
29-09-2016,1.122498274
30-09-2016,1.121956706
03-10-2016,1.123469234
04-10-2016,1.121038556
05-10-2016,1.121076226
06-10-2016,1.120824933
07-10-2016,1.114454508
10-10-2016,1.119695425
11-10-2016,1.114081979
12-10-2016,1.106194735
13-10-2016,1.101188183
14-10-2016,1.104972363
17-10-2016,1.096779943
18-10-2016,1.101564169
19-10-2016,1.097694874
20-10-2016,1.097514153
21-10-2016,1.093039513
24-10-2016,1.08825767
25-10-2016,1.087547541
26-10-2016,1.088731647
27-10-2016,1.091202736
28-10-2016,1.090037107
31-10-2016,1.098466516
01-11-2016,1.097333431
02-11-2016,1.1057055
03-11-2016,1.109754801
04-11-2016,1.110247612
07-11-2016,1.11012435
08-11-2016,1.105216622
09-11-2016,1.101904154
10-11-2016,1.092060685
11-11-2016,1.088968754
14-11-2016,1.082485437
15-11-2016,1.075037599
16-11-2016,1.072731137
17-11-2016,1.07066381
18-11-2016,1.062304139
21-11-2016,1.058425069
22-11-2016,1.063886404
23-11-2016,1.063377261
24-11-2016,1.05451858
25-11-2016,1.056189299
28-11-2016,1.061233163
29-11-2016,1.062134862
30-11-2016,1.064849257
01-12-2016,1.059209824
02-12-2016,1.066314101
05-12-2016,1.058201075
06-12-2016,1.075731516
07-12-2016,1.072041154
08-12-2016,1.076194525
09-12-2016,1.062134862
12-12-2016,1.054741144
13-12-2016,1.064169407
14-12-2016,1.0629251
15-12-2016,1.051414132
16-12-2016,1.041883707
19-12-2016,1.044997573
20-12-2016,1.040582657
21-12-2016,1.03904736
22-12-2016,1.042861581
23-12-2016,1.043765068
26-12-2016,1.045478344
27-12-2016,1.045696974
28-12-2016,1.046233058
29-12-2016,1.041699171
30-12-2016,1.057529688
02-01-2017,1.052698016
03-01-2017,1.046003222
04-01-2017,1.041992307
05-01-2017,1.05008924
06-01-2017,1.060591578
09-01-2017,1.053185821
10-01-2017,1.05886209
11-01-2017,1.055241942
12-01-2017,1.059771061
13-01-2017,1.061683774
16-01-2017,1.062868714
17-01-2017,1.060299158
18-01-2017,1.069678903
19-01-2017,1.062778354
20-01-2017,1.065973043
23-01-2017,1.071375012
24-01-2017,1.076078773
25-01-2017,1.072869301
26-01-2017,1.075199366
27-01-2017,1.068296194
30-01-2017,1.07139802
31-01-2017,1.070858717
01-02-2017,1.080380321
02-02-2017,1.076739192
03-02-2017,1.076171398
06-02-2017,1.078294992
07-02-2017,1.074321628
08-02-2017,1.067805648
09-02-2017,1.069221377
10-02-2017,1.065859437
13-02-2017,1.061954379
14-02-2017,1.059849739
15-02-2017,1.057831645
16-02-2017,1.060737848
17-02-2017,1.067224503
20-02-2017,1.062665343
21-02-2017,1.060940385
22-02-2017,1.054207325
23-02-2017,1.055408955
24-02-2017,1.05844748
27-02-2017,1.055275321
28-02-2017,1.058425069
01-03-2017,1.056914806
02-03-2017,1.053585291
03-03-2017,1.050972104
06-03-2017,1.062044621
07-03-2017,1.057921171
08-03-2017,1.057015419
09-03-2017,1.054741144
10-03-2017,1.057842851
13-03-2017,1.069004178
14-03-2017,1.0651443
15-03-2017,1.061244369
16-03-2017,1.073790908
17-03-2017,1.077470064
20-03-2017,1.074298501
21-03-2017,1.0737679
22-03-2017,1.081244707
23-03-2017,1.079016447
24-03-2017,1.078388095
27-03-2017,1.084951758
28-03-2017,1.086094737
29-03-2017,1.081771135
30-03-2017,1.075962901
31-03-2017,1.068707228
03-04-2017,1.066882968
04-04-2017,1.067008138
05-04-2017,1.068033814
06-04-2017,1.067247272
07-04-2017,1.064463973
10-04-2017,1.058201075
11-04-2017,1.059759855
12-04-2017,1.061131835
13-04-2017,1.067065001
14-04-2017,1.061638713
17-04-2017,1.061053038
18-04-2017,1.064452529
19-04-2017,1.072869301
20-04-2017,1.071501255
21-04-2017,1.071489811
24-04-2017,1.08739388
25-04-2017,1.086484075
26-04-2017,1.092824578
27-04-2017,1.090893269
28-04-2017,1.086425185
01-05-2017,1.090750456
02-05-2017,1.090893269
03-05-2017,1.093565464
04-05-2017,1.088897586
05-05-2017,1.098152995
08-05-2017,1.096515298
09-05-2017,1.092776775
10-05-2017,1.088684201
11-05-2017,1.087074637
12-05-2017,1.086495876
15-05-2017,1.092728972
16-05-2017,1.098177075
17-05-2017,1.10939765
18-05-2017,1.115635633
19-05-2017,1.111358047
22-05-2017,1.120485783
23-05-2017,1.123885989
24-05-2017,1.117930532
25-05-2017,1.123090744
26-05-2017,1.121076226
29-05-2017,1.117605567
30-05-2017,1.112904191
31-05-2017,1.117168665
01-06-2017,1.124353528
02-06-2017,1.12157917
05-06-2017,1.128082514
06-06-2017,1.125682473
07-06-2017,1.127141595
08-06-2017,1.125517726
09-06-2017,1.118480563
12-06-2017,1.120197177
13-06-2017,1.119620204
14-06-2017,1.120887756
15-06-2017,1.12157917
16-06-2017,1.114690542
19-06-2017,1.120824933
20-06-2017,1.114454508
21-06-2017,1.11369741
22-06-2017,1.116719604
23-06-2017,1.114964008
26-06-2017,1.119883537
27-06-2017,1.118355632
28-06-2017,1.133915424
29-06-2017,1.138265014
30-06-2017,1.144164801
03-07-2017,1.142308831
04-07-2017,1.137138963
05-07-2017,1.136015058
06-07-2017,1.134687424
07-07-2017,1.142478466
10-07-2017,1.140380859
12-07-2017,1.1473943
13-07-2017,1.141891479
14-07-2017,1.140393853
17-07-2017,1.147539139
18-07-2017,1.147433758
19-07-2017,1.154974461
20-07-2017,1.152844071
21-07-2017,1.162871838
24-07-2017,1.168169737
25-07-2017,1.163886905
26-07-2017,1.164456129
27-07-2017,1.172800422
28-07-2017,1.168866038
31-07-2017,1.174729228
01-08-2017,1.182410479
02-08-2017,1.181125641
03-08-2017,1.18511498
04-08-2017,1.188495278
07-08-2017,1.177842498
08-08-2017,1.180094123
09-08-2017,1.175461054
10-08-2017,1.176152349
11-08-2017,1.177024484
14-08-2017,1.182550311
15-08-2017,1.177578926
16-08-2017,1.174122334
17-08-2017,1.177426457
18-08-2017,1.171550155
21-08-2017,1.175626874
22-08-2017,1.181195378
23-08-2017,1.17622149
24-08-2017,1.181655884
25-08-2017,1.180219531
28-08-2017,1.195185781
29-08-2017,1.196386933
30-08-2017,1.197045684
31-08-2017,1.189343452
01-09-2017,1.191043258
04-09-2017,1.188283563
05-09-2017,1.189343452
06-09-2017,1.192406774
07-09-2017,1.192776561
08-09-2017,1.202906251
11-09-2017,1.201764226
12-09-2017,1.195943356
13-09-2017,1.197461367
14-09-2017,1.189060569
15-09-2017,1.192165017
18-09-2017,1.193716288
19-09-2017,1.19592905
20-09-2017,1.19925642
21-09-2017,1.187211394
22-09-2017,1.194557548
25-09-2017,1.192719698
26-09-2017,1.185564637
27-09-2017,1.178605914
28-09-2017,1.174963832
29-09-2017,1.178175449
02-10-2017,1.180735111
03-10-2017,1.173378348
04-10-2017,1.174756885
05-10-2017,1.175723672
06-10-2017,1.171234488
09-10-2017,1.17424643
10-10-2017,1.174163699
11-10-2017,1.181488395
12-10-2017,1.186549306
13-10-2017,1.183179975
16-10-2017,1.18140471
17-10-2017,1.17945385
18-10-2017,1.177190781
19-10-2017,1.179523468
20-10-2017,1.184805989
23-10-2017,1.175364375
24-10-2017,1.175917268
25-10-2017,1.17590344
26-10-2017,1.182075024
27-10-2017,1.163724422
30-10-2017,1.1604563
31-10-2017,1.165270329
01-11-2017,1.1651752
02-11-2017,1.162871838
03-11-2017,1.16618073
06-11-2017,1.161494136
07-11-2017,1.161264896
08-11-2017,1.160106301
09-11-2017,1.159689188
10-11-2017,1.16468668
13-11-2017,1.166112781
14-11-2017,1.166493654
15-11-2017,1.179286957
17-11-2017,1.177745342
20-11-2017,1.173185706
21-11-2017,1.174122334
22-11-2017,1.173722744
23-11-2017,1.181474447
24-11-2017,1.185395956
27-11-2017,1.19264853
28-11-2017,1.190490365
29-11-2017,1.184805989
30-11-2017,1.185199261
01-12-2017,1.189824581
04-12-2017,1.1859864
05-12-2017,1.186774611
06-12-2017,1.183291912
07-12-2017,1.180428505
08-12-2017,1.177218437
11-12-2017,1.176996827
12-12-2017,1.177759171
13-12-2017,1.174260259
14-12-2017,1.183586001
15-12-2017,1.177495718
18-12-2017,1.174356699
19-12-2017,1.178425312
20-12-2017,1.184132576
21-12-2017,1.187817693
22-12-2017,1.185733199
25-12-2017,1.185606718
26-12-2017,1.187253714
27-12-2017,1.185789466
28-12-2017,1.190079451
29-12-2017,1.194172382
01-01-2018,1.200494647
02-01-2018,1.201157928
03-01-2018,1.206345439
04-01-2018,1.201042533
05-01-2018,1.206884027
08-01-2018,1.20374608
09-01-2018,1.197045684
10-01-2018,1.192933083
11-01-2018,1.195614457
12-01-2018,1.204209924
15-01-2018,1.219229698
16-01-2018,1.226843357
17-01-2018,1.22712934
18-01-2018,1.218397856
19-01-2018,1.223660707
22-01-2018,1.225550294
23-01-2018,1.225625396
24-01-2018,1.231026769
25-01-2018,1.239111304
26-01-2018,1.239234209
29-01-2018,1.242807269
30-01-2018,1.238114119
31-01-2018,1.240956545
01-02-2018,1.241865873
02-02-2018,1.251000881
05-02-2018,1.244694471
06-02-2018,1.236781836
07-02-2018,1.238129497
08-02-2018,1.226813316
09-02-2018,1.226076245
12-02-2018,1.225279927
13-02-2018,1.230375528
14-02-2018,1.235376239
15-02-2018,1.246727347
16-02-2018,1.250359535
19-02-2018,1.241187572
20-02-2018,1.239864111
21-02-2018,1.233532429
22-02-2018,1.228184342
23-02-2018,1.232665658
26-02-2018,1.228712559
27-02-2018,1.231557369
28-02-2018,1.223032117
01-03-2018,1.219125628
02-03-2018,1.227084279
05-03-2018,1.23154223
06-03-2018,1.233654141
07-03-2018,1.241665363
08-03-2018,1.241464972
09-03-2018,1.2306633
12-03-2018,1.230875254
13-03-2018,1.233958483
14-03-2018,1.239234209
15-03-2018,1.237562418
16-03-2018,1.230920792
19-03-2018,1.228078842
20-03-2018,1.23368454
21-03-2018,1.225189924
22-03-2018,1.234766126
23-03-2018,1.232498527
26-03-2018,1.235437274
27-03-2018,1.245748878
28-03-2018,1.240787148
29-03-2018,1.231026769
30-03-2018,1.230284691
02-04-2018,1.231420875
03-04-2018,1.229271412
04-04-2018,1.227852583
05-04-2018,1.22868228
06-04-2018,1.225159883
09-04-2018,1.22714448
10-04-2018,1.232240319
11-04-2018,1.236307859
12-04-2018,1.237164378
13-04-2018,1.232969642
16-04-2018,1.233258605
17-04-2018,1.238512754
18-04-2018,1.237317443
19-04-2018,1.237914801
20-04-2018,1.234552622
23-04-2018,1.227340221
24-04-2018,1.22089684
25-04-2018,1.224140048
26-04-2018,1.217166901
27-04-2018,1.210961699
30-04-2018,1.212282777
01-05-2018,1.208123446
02-05-2018,1.199155807
03-05-2018,1.195100188
04-05-2018,1.198925734
07-05-2018,1.195500135
08-05-2018,1.193374395
09-05-2018,1.186788678
10-05-2018,1.184721828
11-05-2018,1.19175303
14-05-2018,1.195214391
15-05-2018,1.193118095
16-05-2018,1.182088971
17-05-2018,1.181697845
18-05-2018,1.179523468
21-05-2018,1.176664352
22-05-2018,1.179245353
23-05-2018,1.178856015
24-05-2018,1.171015024
25-05-2018,1.172264218
28-05-2018,1.168893456
29-05-2018,1.162696123
30-05-2018,1.153934956
31-05-2018,1.166725039
01-06-2018,1.169317126
04-06-2018,1.166861176
05-06-2018,1.170055985
06-06-2018,1.172621608
07-06-2018,1.178550363
08-06-2018,1.179523468
11-06-2018,1.178397655
12-06-2018,1.17741251
13-06-2018,1.174825907
14-06-2018,1.180776954
15-06-2018,1.156657696
18-06-2018,1.159595013
19-06-2018,1.163074613
20-06-2018,1.158856034
21-06-2018,1.157903314
22-06-2018,1.160577536
25-06-2018,1.16613996
26-06-2018,1.170274973
27-06-2018,1.165025949
28-06-2018,1.156363487
29-06-2018,1.156296611
02-07-2018,1.167855859
03-07-2018,1.164212108
04-07-2018,1.165922403
05-07-2018,1.166235089
06-07-2018,1.169590592
09-07-2018,1.175226212
10-07-2018,1.175696015
11-07-2018,1.17270422
12-07-2018,1.167678595
13-07-2018,1.166588902
16-07-2018,1.167910457
17-07-2018,1.170946479
18-07-2018,1.165324688
19-07-2018,1.16456461
20-07-2018,1.165514708
23-07-2018,1.174191236
24-07-2018,1.169412851
25-07-2018,1.168551922
26-07-2018,1.173750281
27-07-2018,1.164293408
30-07-2018,1.166044831
31-07-2018,1.170740843
01-08-2018,1.168961763
02-08-2018,1.166588902
03-08-2018,1.158600807
06-08-2018,1.156229734
07-08-2018,1.155802131
08-08-2018,1.160294652
09-08-2018,1.161076069
10-08-2018,1.152392387
13-08-2018,1.139471292
14-08-2018,1.140250921
15-08-2018,1.134571552
16-08-2018,1.134429932
17-08-2018,1.137138963
20-08-2018,1.143772125
21-08-2018,1.149134636
22-08-2018,1.157675385
23-08-2018,1.158480048
24-08-2018,1.154334545
27-08-2018,1.16489017
28-08-2018,1.168360829
29-08-2018,1.169125676
30-08-2018,1.170973897
31-08-2018,1.166466355
03-09-2018,1.160106301
04-09-2018,1.161548138
05-09-2018,1.158654571
06-09-2018,1.16352129
07-09-2018,1.162006974
10-09-2018,1.156109452
11-09-2018,1.159595013
12-09-2018,1.159608483
13-09-2018,1.162925959
14-09-2018,1.169180393
17-09-2018,1.162898898
18-09-2018,1.166915655
19-09-2018,1.167992353
20-09-2018,1.167460561
21-09-2018,1.177592754
24-09-2018,1.175101995
25-09-2018,1.175295353
26-09-2018,1.176318407
27-09-2018,1.174853444
28-09-2018,1.163737893
01-10-2018,1.160537124
02-10-2018,1.157755733
03-10-2018,1.155174613
04-10-2018,1.147631288
05-10-2018,1.151808381
08-10-2018,1.152259588
09-10-2018,1.149412036
10-10-2018,1.150694966
11-10-2018,1.153336048
12-10-2018,1.159044027
15-10-2018,1.155134559
16-10-2018,1.158345819
17-10-2018,1.157527924
18-10-2018,1.150086284
19-10-2018,1.146000385
22-10-2018,1.150946617
23-10-2018,1.146789074
24-10-2018,1.147315264
25-10-2018,1.139925838
26-10-2018,1.137785912
29-10-2018,1.139873862
30-10-2018,1.137617588
31-10-2018,1.134635806
01-11-2018,1.13166976
02-11-2018,1.140328884
05-11-2018,1.139757037
06-11-2018,1.141291857
07-11-2018,1.143850684
08-11-2018,1.143405914
09-11-2018,1.136841536
12-11-2018,1.132502794
13-11-2018,1.123342991
14-11-2018,1.13111937
15-11-2018,1.131183386
16-11-2018,1.13248992
19-11-2018,1.141396165
20-11-2018,1.145501614
21-11-2018,1.137242436
22-11-2018,1.13883543
23-11-2018,1.14031589
26-11-2018,1.133735418
27-11-2018,1.133337021
28-11-2018,1.129879713
29-11-2018,1.136854529
30-11-2018,1.139276624
03-12-2018,1.134224057
04-12-2018,1.135486126
05-12-2018,1.13428843
06-12-2018,1.134906292
07-12-2018,1.137475252
10-12-2018,1.140094876
11-12-2018,1.135653853
12-12-2018,1.13231051
13-12-2018,1.13734591
14-12-2018,1.136363626
17-12-2018,1.130594969
18-12-2018,1.13498354
19-12-2018,1.137539983
20-12-2018,1.138952136
21-12-2018,1.145685315
24-12-2018,1.137281179
25-12-2018,1.140393853
26-12-2018,1.141552567
27-12-2018,1.136131287
28-12-2018,1.143105388
31-12-2018,1.14399457
01-01-2019,1.149306417
02-01-2019,1.146171212
03-01-2019,1.131810665
04-01-2019,1.139107823
07-01-2019,1.141044497
08-01-2019,1.147973776
09-01-2019,1.145606637
10-01-2019,1.155494928
11-01-2019,1.151012897
14-01-2019,1.146013618
15-01-2019,1.147288918
16-01-2019,1.141682863
17-01-2019,1.139808893
18-01-2019,1.13926363
21-01-2019,1.13655746
22-01-2019,1.136932135
23-01-2019,1.136402369
24-01-2019,1.138822436
25-01-2019,1.131349683
28-01-2019,1.14130497
29-01-2019,1.143000841
30-01-2019,1.143536687
31-01-2019,1.148765087
01-02-2019,1.144950747
04-02-2019,1.14552784
05-02-2019,1.143628359
06-02-2019,1.140992522
07-02-2019,1.136596084
08-02-2019,1.133876801
11-02-2019,1.132425904
12-02-2019,1.127904296
13-02-2019,1.133465528
14-02-2019,1.12649405
15-02-2019,1.129535079
18-02-2019,1.129803061
19-02-2019,1.131196141
20-02-2019,1.134301186
21-02-2019,1.134635806
22-02-2019,1.134301186
25-02-2019,1.134224057
26-02-2019,1.136751175
27-02-2019,1.139315486
28-02-2019,1.138018966
01-03-2019,1.13734591
04-03-2019,1.13759172
05-03-2019,1.133735418
06-03-2019,1.130710125
07-03-2019,1.131400943
08-03-2019,1.11983335
11-03-2019,1.12324214
12-03-2019,1.125923276
13-03-2019,1.128744602
14-03-2019,1.133105993
15-03-2019,1.130837917
18-03-2019,1.131977201
19-03-2019,1.133619785
20-03-2019,1.135486126
21-03-2019,1.142791867
22-03-2019,1.137501121
25-03-2019,1.129586101
26-03-2019,1.131580114
27-03-2019,1.127484679
28-03-2019,1.125175834
29-03-2019,1.12300241
01-04-2019,1.122384906
02-04-2019,1.120573759
03-04-2019,1.120385408
04-04-2019,1.124694943
05-04-2019,1.122586489
08-04-2019,1.121956706
09-04-2019,1.125644445
10-04-2019,1.126697063
11-04-2019,1.127650023
12-04-2019,1.126075387
15-04-2019,1.130505562
16-04-2019,1.130492806
17-04-2019,1.128502607
18-04-2019,1.129713774
19-04-2019,1.123595476
22-04-2019,1.124454618
23-04-2019,1.125897884
24-04-2019,1.122435212
25-04-2019,1.115349412
26-04-2019,1.113684893
29-04-2019,1.115026116
30-04-2019,1.118518233
01-05-2019,1.121604323
02-05-2019,1.120084167
03-05-2019,1.117355943
06-05-2019,1.118580818
07-05-2019,1.12018466
08-05-2019,1.119106531
09-05-2019,1.11983335
10-05-2019,1.122208476
13-05-2019,1.123646021
14-05-2019,1.123254776
15-05-2019,1.120448232
16-05-2019,1.12072444
17-05-2019,1.117355943
20-05-2019,1.116532445
21-05-2019,1.116856694
23-05-2019,1.115548491
24-05-2019,1.118455648
27-05-2019,1.120963097
28-05-2019,1.119382143
29-05-2019,1.117068768
30-05-2019,1.113734603
31-05-2019,1.113114715
03-06-2019,1.117405772
04-06-2019,1.124631643
05-06-2019,1.125403762
06-06-2019,1.122901559
07-06-2019,1.127650023
10-06-2019,1.132015705
11-06-2019,1.131810665
12-06-2019,1.132951856
13-06-2019,1.12956059
14-06-2019,1.128044367
17-06-2019,1.121705055
18-06-2019,1.122460365
19-06-2019,1.119820833
20-06-2019,1.123848081
21-06-2019,1.12956059
24-06-2019,1.138472438
25-06-2019,1.140029788
26-06-2019,1.136996746
27-06-2019,1.137475252
28-06-2019,1.137294173
01-07-2019,1.136492848
02-07-2019,1.128744602
03-07-2019,1.129305482
04-07-2019,1.128795505
05-07-2019,1.128579021
08-07-2019,1.122737646
09-07-2019,1.121604323
10-07-2019,1.120824933
11-07-2019,1.125885248
12-07-2019,1.125239134
15-07-2019,1.127205133
16-07-2019,1.126176834
17-07-2019,1.121227145
18-07-2019,1.122964621
19-07-2019,1.126151562
22-07-2019,1.121830821
23-07-2019,1.120611429
24-07-2019,1.115125537
25-07-2019,1.114243388
26-07-2019,1.114615917
29-07-2019,1.113213897
30-07-2019,1.114305496
31-07-2019,1.1157974
01-08-2019,1.107174516
02-08-2019,1.107885957
05-08-2019,1.110802531
06-08-2019,1.1243788
07-08-2019,1.120699286
08-08-2019,1.120435596
09-08-2019,1.118718386
12-08-2019,1.120849967
13-08-2019,1.121830821
14-08-2019,1.117705584
15-08-2019,1.114330292
16-08-2019,1.111358047
19-08-2019,1.109385371
20-08-2019,1.108315706
21-08-2019,1.109779358
22-08-2019,1.109077811
23-08-2019,1.108401656
26-08-2019,1.114305496
27-08-2019,1.110370874
28-08-2019,1.109004021
29-08-2019,1.108585954
30-08-2019,1.106194735
02-09-2019,1.09917891
03-09-2019,1.096852064
04-09-2019,1.097453952
05-09-2019,1.103497028
06-09-2019,1.10363102
09-09-2019,1.102061987
10-09-2019,1.104838133
11-09-2019,1.105033398
12-09-2019,1.101345778
13-09-2019,1.105827689
16-09-2019,1.108340263
17-09-2019,1.100594401
18-09-2019,1.107468724
19-09-2019,1.10314393
20-09-2019,1.104850292
23-09-2019,1.101904154
24-09-2019,1.099372268
25-09-2019,1.101685524
26-09-2019,1.095290303
27-09-2019,1.092275381
30-09-2019,1.094271421
01-10-2019,1.089965701
02-10-2019,1.0934937
03-10-2019,1.096370935
04-10-2019,1.097538233
07-10-2019,1.098659635
08-10-2019,1.09721303
09-10-2019,1.096010566
10-10-2019,1.098780394
11-10-2019,1.101103306
14-10-2019,1.103000402
15-10-2019,1.102900624
16-10-2019,1.10347271
17-10-2019,1.107493281
18-10-2019,1.112718344
21-10-2019,1.115573406
22-10-2019,1.115175366
23-10-2019,1.112928867
24-10-2019,1.113238573
25-10-2019,1.110395551
28-10-2019,1.108426213
29-10-2019,1.109914899
30-10-2019,1.111481667
31-10-2019,1.115448952
01-11-2019,1.115710258
04-11-2019,1.116657138
05-11-2019,1.1128546
06-11-2019,1.107419729
07-11-2019,1.10703969
08-11-2019,1.101969719
11-11-2019,1.102244258
12-11-2019,1.103545666
13-11-2019,1.101236701
14-11-2019,1.101321578
15-11-2019,1.102049828
18-11-2019,1.105509877
19-11-2019,1.107235789
20-11-2019,1.108000159
21-11-2019,1.107885957
22-11-2019,1.106586337
25-11-2019,1.102256298
26-11-2019,1.101442933
27-11-2019,1.102256298
28-11-2019,1.100485325
29-11-2019,1.101176143
02-12-2019,1.101904154
03-12-2019,1.107910514
04-12-2019,1.108524561
05-12-2019,1.108303428
06-12-2019,1.110543489
09-12-2019,1.105888844
10-12-2019,1.106499434
11-12-2019,1.109274626
12-12-2019,1.113585711
13-12-2019,1.118605733
16-12-2019,1.11244607
17-12-2019,1.11369741
18-12-2019,1.115138054
19-12-2019,1.11159277
20-12-2019,1.112594604
23-12-2019,1.107984066
24-12-2019,1.109385371
25-12-2019,1.109016299
26-12-2019,1.109545469
27-12-2019,1.110111952
30-12-2019,1.118230462
31-12-2019,1.120229721
01-01-2020,1.122082591
02-01-2020,1.122082591
03-01-2020,1.11714375
06-01-2020,1.116196036
07-01-2020,1.119799495
08-01-2020,1.115473866
09-01-2020,1.111321092
10-01-2020,1.111111164
13-01-2020,1.111666918
14-01-2020,1.113573313
15-01-2020,1.113089919
16-01-2020,1.115400434
17-01-2020,1.113957882
20-01-2020,1.109459281
21-01-2020,1.10969317
22-01-2020,1.108561397
23-01-2020,1.109643936
24-01-2020,1.105522037
27-01-2020,1.102535844
28-01-2020,1.101976991
29-01-2020,1.102256298
30-01-2020,1.101685524
31-01-2020,1.102912784
03-02-2020,1.108979464
04-02-2020,1.106292605
05-02-2020,1.104728222
06-02-2020,1.100231051
07-02-2020,1.098297596
10-02-2020,1.09493053
11-02-2020,1.091345668
12-02-2020,1.091941476
13-02-2020,1.087594867
14-02-2020,1.08459866
17-02-2020,1.084175348
18-02-2020,1.084010839
19-02-2020,1.079540491
20-02-2020,1.081009865
21-02-2020,1.078799844
24-02-2020,1.083905101
25-02-2020,1.08491993
26-02-2020,1.088199615
27-02-2020,1.08858943
28-02-2020,1.099722862
02-03-2020,1.105131149
03-03-2020,1.114404798
04-03-2020,1.11806798
05-03-2020,1.113908291
06-03-2020,1.122384906
09-03-2020,1.138602018
10-03-2020,1.139796019
11-03-2020,1.131650567
12-03-2020,1.126151562
13-03-2020,1.118493199
16-03-2020,1.115536094
17-03-2020,1.11632061
18-03-2020,1.101552129
19-03-2020,1.09615469
20-03-2020,1.065734506
23-03-2020,1.069438696
24-03-2020,1.076461077
25-03-2020,1.080263615
26-03-2020,1.088956952
27-03-2020,1.104825854
30-03-2020,1.113908291
31-03-2020,1.103046656
01-04-2020,1.102657437
02-04-2020,1.095362186
03-04-2020,1.084739923
06-04-2020,1.08069551
07-04-2020,1.080380321
08-04-2020,1.089514494
09-04-2020,1.086366177
10-04-2020,1.092740893
13-04-2020,1.093266606
14-04-2020,1.092299342
15-04-2020,1.098538876
16-04-2020,1.09051013
17-04-2020,1.085847139
20-04-2020,1.086696625
21-04-2020,1.086484075
22-04-2020,1.085646749
23-04-2020,1.080964208
24-04-2020,1.077702284
27-04-2020,1.082368255
28-04-2020,1.082485437
29-04-2020,1.083658457
30-04-2020,1.087725043
01-05-2020,1.094546914
04-05-2020,1.095962524
05-05-2020,1.090429306
06-05-2020,1.083858132
07-05-2020,1.079855323
08-05-2020,1.083717108
11-05-2020,1.083952069
12-05-2020,1.080940843
13-05-2020,1.084681034
14-05-2020,1.082368255
15-05-2020,1.08069551
18-05-2020,1.082134008
19-05-2020,1.091512442
20-05-2020,1.092776775
21-05-2020,1.098297596
22-05-2020,1.095290303
25-05-2020,1.090780139
26-05-2020,1.090299726
27-05-2020,1.098177075
28-05-2020,1.101685524
29-05-2020,1.107910514
01-06-2020,1.111852407
02-06-2020,1.112594604
03-06-2020,1.118943691
04-06-2020,1.123595476
05-06-2020,1.133786798
08-06-2020,1.131951571
09-06-2020,1.130556703
10-06-2020,1.133221507
11-06-2020,1.136544466
12-06-2020,1.12880826
15-06-2020,1.125201106
16-06-2020,1.133774042
17-06-2020,1.126570106
18-06-2020,1.124290228
19-06-2020,1.121100068
22-06-2020,1.117755532
23-06-2020,1.127967954
24-06-2020,1.131234527
25-06-2020,1.125087261
26-06-2020,1.122208476
29-06-2020,1.122586489
30-06-2020,1.124720216
01-07-2020,1.123595476
02-07-2020,1.125137806
03-07-2020,1.1237849
06-07-2020,1.124720216
07-07-2020,1.131285667
08-07-2020,1.127522826
09-07-2020,1.133915424
10-07-2020,1.128795505
13-07-2020,1.131004214
14-07-2020,1.134549618
15-07-2020,1.141070485
16-07-2020,1.141719341
17-07-2020,1.139211655
20-07-2020,1.144295692
21-07-2020,1.145869136
22-07-2020,1.153402567
23-07-2020,1.156871796
24-07-2020,1.159608483
27-07-2020,1.165256739
28-07-2020,1.176927567
29-07-2020,1.17187953
30-07-2020,1.178286552
31-07-2020,1.187225461
03-08-2020,1.178231001
04-08-2020,1.176332235
05-08-2020,1.181544304
06-08-2020,1.187281847
07-08-2020,1.187648416
10-08-2020,1.178272724
11-08-2020,1.173777819
12-08-2020,1.173653841
13-08-2020,1.179380178
14-08-2020,1.181655884
17-08-2020,1.185255408
18-08-2020,1.187648416
19-08-2020,1.194785953
20-08-2020,1.184350014
21-08-2020,1.187366486
24-08-2020,1.179801822
25-08-2020,1.17945385
26-08-2020,1.183501959
27-08-2020,1.184272885
28-08-2020,1.181963205
31-08-2020,1.191824079
01-09-2020,1.193901539
02-09-2020,1.19232142
03-09-2020,1.184735894
04-09-2020,1.183978438
07-09-2020,1.18344593
08-09-2020,1.182172775
09-09-2020,1.177024484
10-09-2020,1.180637598
11-09-2020,1.182438493
14-09-2020,1.184272885
15-09-2020,1.187000036
16-09-2020,1.184441209
17-09-2020,1.180344939
18-09-2020,1.184820056
21-09-2020,1.184553385
22-09-2020,1.176800013
23-09-2020,1.170836806
24-09-2020,1.165854454
25-09-2020,1.167324305
28-09-2020,1.16353488
29-09-2020,1.167883277
30-09-2020,1.174205065
01-10-2020,1.172607899
02-10-2020,1.174494624
05-10-2020,1.172044396
06-10-2020,1.179245353
07-10-2020,1.17376399
08-10-2020,1.176747441
09-10-2020,1.176700354
12-10-2020,1.181683898
13-10-2020,1.181614041
14-10-2020,1.174218893
15-10-2020,1.174398184
16-10-2020,1.170713425
19-10-2020,1.171550155
20-10-2020,1.176885962
21-10-2020,1.182983994
22-10-2020,1.185395956
23-10-2020,1.181502461
26-10-2020,1.18484807
27-10-2020,1.180944324
28-10-2020,1.178411484
29-10-2020,1.174867272
30-10-2020,1.167869568
02-11-2020,1.164212108
03-11-2020,1.164279938
04-11-2020,1.17622149
05-11-2020,1.173268199
06-11-2020,1.181753755
09-11-2020,1.189301014
10-11-2020,1.182732105
11-11-2020,1.181879401
12-11-2020,1.178029776
13-11-2020,1.180339336
16-11-2020,1.184525371
17-11-2020,1.1859442
18-11-2020,1.18636632
19-11-2020,1.184763908
20-11-2020,1.186647773
23-11-2020,1.186647773
24-11-2020,1.184272885
25-11-2020,1.190051198
26-11-2020,1.19200027
27-11-2020,1.191599727
30-11-2020,1.197146058
01-12-2020,1.193816066
02-12-2020,1.207437873
03-12-2020,1.211460352
04-12-2020,1.214565039
07-12-2020,1.212135911
08-12-2020,1.211313605
09-12-2020,1.211093664
10-12-2020,1.207875371
11-12-2020,1.214429379
14-12-2020,1.213340402
15-12-2020,1.214889646
16-12-2020,1.21543014
17-12-2020,1.219958544
18-12-2020,1.226271629
21-12-2020,1.221612811
22-12-2020,1.223690629
23-12-2020,1.218665123
24-12-2020,1.21914053
25-12-2020,1.218472004
28-12-2020,1.220509529
29-12-2020,1.222344518
30-12-2020,1.225295067
31-12-2020,1.229989648
01-01-2021,1.218026876
04-01-2021,1.225069761
05-01-2021,1.225159883
06-01-2021,1.230027437
07-01-2021,1.234110832
08-01-2021,1.22714448
11-01-2021,1.218620539
12-01-2021,1.216070175
13-01-2021,1.220889449
14-01-2021,1.216249108
15-01-2021,1.215125918
18-01-2021,1.206811309
19-01-2021,1.207729459
20-01-2021,1.213886857
21-01-2021,1.21156311
22-01-2021,1.216629386
25-01-2021,1.216944695
26-01-2021,1.214624047
27-01-2021,1.216299295
28-01-2021,1.210507274
29-01-2021,1.212003708
01-02-2021,1.212385774
02-02-2021,1.206869483
03-02-2021,1.203905463
04-02-2021,1.204238892
05-02-2021,1.196673155
08-02-2021,1.204877377
09-02-2021,1.205359578
10-02-2021,1.211999297
11-02-2021,1.212121248
12-02-2021,1.21315062
15-02-2021,1.212209344
16-02-2021,1.213219643
17-02-2021,1.209248304
18-02-2021,1.204800487
19-02-2021,1.209189773
22-02-2021,1.212635636
23-02-2021,1.216679692
24-02-2021,1.215214491
25-02-2021,1.217137218
26-02-2021,1.216042042
01-03-2021,1.208956003
02-03-2021,1.205109596
03-03-2021,1.208546758
04-03-2021,1.205066085
05-03-2021,1.196773529
08-03-2021,1.192563176
09-03-2021,1.185171127
10-03-2021,1.189790606
11-03-2021,1.192605853
12-03-2021,1.198609591
15-03-2021,1.195000052
16-03-2021,1.192577362
17-03-2021,1.190164566
18-03-2021,1.198279262
19-03-2021,1.191824079
22-03-2021,1.188311696
23-03-2021,1.193303108
24-03-2021,1.184020519
25-03-2021,1.181306958
26-03-2021,1.177662134
29-03-2021,1.178800464
30-03-2021,1.177100658
31-03-2021,1.17236042
01-04-2021,1.172883034
02-04-2021,1.177994967
05-04-2021,1.176816702
06-04-2021,1.181893468
07-04-2021,1.187422872
08-04-2021,1.187366486
09-04-2021,1.191568494
12-04-2021,1.190051198
13-04-2021,1.191469073
14-04-2021,1.195414305
15-04-2021,1.198609591
16-04-2021,1.197174668
19-04-2021,1.196945429
20-04-2021,1.204529047
21-04-2021,1.203239202
22-04-2021,1.203775048
23-04-2021,1.201475382
26-04-2021,1.208985209
27-04-2021,1.208167195
28-04-2021,1.209030509
29-04-2021,1.213592291
30-04-2021,1.212709188
03-05-2021,1.202776074
04-05-2021,1.206127167
05-05-2021,1.20150435
06-05-2021,1.200797319
07-05-2021,1.206854939
10-05-2021,1.217107654
11-05-2021,1.214093208
12-05-2021,1.214450002
13-05-2021,1.207850575
14-05-2021,1.207729459
17-05-2021,1.215037346
18-05-2021,1.215687275
19-05-2021,1.222399712
20-05-2021,1.217285395
21-05-2021,1.22253871
24-05-2021,1.218323588
25-05-2021,1.221463561
26-05-2021,1.224909306
27-05-2021,1.219259501
28-05-2021,1.219318867
31-05-2021,1.219006777
01-06-2021,1.22328651
02-06-2021,1.221776962
03-06-2021,1.220986247
04-06-2021,1.213300705
07-06-2021,1.216841102
08-06-2021,1.219363451
09-06-2021,1.217285395
10-06-2021,1.218200445
11-06-2021,1.217255831
14-06-2021,1.21102035
15-06-2021,1.212224007
16-06-2021,1.212709188
17-06-2021,1.199558616
18-06-2021,1.1913414
21-06-2021,1.187366486
22-06-2021,1.191256166
23-06-2021,1.193673491
24-06-2021,1.193317413
25-06-2021,1.193032742
28-06-2021,1.194215298
29-06-2021,1.192890406
30-06-2021,1.190192819
01-07-2021,1.185677052
02-07-2021,1.184623599
05-07-2021,1.185620785
06-07-2021,1.186380386
07-07-2021,1.182452321
08-07-2021,1.179339886
09-07-2021,1.184800386
12-07-2021,1.187295914
13-07-2021,1.186521053
14-07-2021,1.177537322
15-07-2021,1.183333874
16-07-2021,1.181181431
19-07-2021,1.181400537
20-07-2021,1.179384351
21-07-2021,1.178411484
22-07-2021,1.179273009
23-07-2021,1.17727387
26-07-2021,1.177343249
27-07-2021,1.180776954
28-07-2021,1.182312608
29-07-2021,1.184595585
30-07-2021,1.189299703
02-08-2021,1.186704159
03-08-2021,1.187465072
04-08-2021,1.18694365
05-08-2021,1.183740139
06-08-2021,1.183572054
09-08-2021,1.174950004
10-08-2021,1.173846722
11-08-2021,1.172333002
12-08-2021,1.174189925
13-08-2021,1.173626184
16-08-2021,1.179467797
17-08-2021,1.177994967
18-08-2021,1.170973897
19-08-2021,1.170329809
20-08-2021,1.167659521
23-08-2021,1.169754863
24-08-2021,1.174453378
25-08-2021,1.175309181
26-08-2021,1.177440166
27-08-2021,1.175640702
30-08-2021,1.179900646
31-08-2021,1.17969048
01-09-2021,1.181028008
02-09-2021,1.184090614
03-09-2021,1.187648416
06-09-2021,1.188594222
07-09-2021,1.187507391
08-09-2021,1.184356928
09-09-2021,1.181910157
10-09-2021,1.182592273
13-09-2021,1.181195378
14-09-2021,1.181195378
15-09-2021,1.180498123
16-09-2021,1.181999564
17-09-2021,1.176747441
20-09-2021,1.172993064
21-09-2021,1.173020482
22-09-2021,1.172291636
23-09-2021,1.168770432
24-09-2021,1.174025893
27-09-2021,1.172305465
28-09-2021,1.169679523
29-09-2021,1.168633819
30-09-2021,1.160160184
01-10-2021,1.157447577
04-10-2021,1.160725713
05-10-2021,1.161844969
06-10-2021,1.159608483
07-10-2021,1.155534983
08-10-2021,1.155975819
11-10-2021,1.156604171
12-10-2021,1.155374765
13-10-2021,1.153402567
14-10-2021,1.159958243
15-10-2021,1.159151554
18-10-2021,1.159702659
19-10-2021,1.161386251
20-10-2021,1.163196445
21-10-2021,1.165501237
22-10-2021,1.162533879
25-10-2021,1.164008856
26-10-2021,1.161170483
27-10-2021,1.159823656
28-10-2021,1.160012007
29-10-2021,1.168360829
01-11-2021,1.155668497
02-11-2021,1.159958243
03-11-2021,1.157943487
04-11-2021,1.161575079
05-11-2021,1.155534983
08-11-2021,1.156885147
09-11-2021,1.159151554
10-11-2021,1.15955472
11-11-2021,1.148593545
12-11-2021,1.145081878
15-11-2021,1.144164801
16-11-2021,1.13664782
17-11-2021,1.132118225
18-11-2021,1.132118225
19-11-2021,1.136841536
22-11-2021,1.127573729
23-11-2021,1.12421453
24-11-2021,1.124492645
25-11-2021,1.120297551
26-11-2021,1.120963097
29-11-2021,1.129318237
30-11-2021,1.129343748
01-12-2021,1.133028984
02-12-2021,1.131951571
03-12-2021,1.130620599
06-12-2021,1.130479932
07-12-2021,1.128668189
08-12-2021,1.127650023
09-12-2021,1.134558678
10-12-2021,1.129330993
13-12-2021,1.131183386
14-12-2021,1.128540754
15-12-2021,1.12612617
16-12-2021,1.129075885
17-12-2021,1.133414149
20-12-2021,1.124353528
21-12-2021,1.127751708
22-12-2021,1.128757358
23-12-2021,1.132887721
24-12-2021,1.132733703
27-12-2021,1.132425904
28-12-2021,1.133003235
29-12-2021,1.131477714
30-12-2021,1.136015058
31-12-2021,1.132502794
03-01-2022,1.13734591
04-01-2022,1.130224466
05-01-2022,1.128362536
06-01-2022,1.131349683
07-01-2022,1.129688144
10-01-2022,1.135396004
11-01-2022,1.133041739
12-01-2022,1.13664782
13-01-2022,1.144164801
14-01-2022,1.145711541
17-01-2022,1.141070485
18-01-2022,1.141057491
19-01-2022,1.13296473
20-01-2022,1.134339929
21-01-2022,1.131375313
24-01-2022,1.134146929
25-01-2022,1.13241303
26-01-2022,1.130454421
27-01-2022,1.124353528
28-01-2022,1.11470294
31-01-2022,1.115237474
01-02-2022,1.122964621
02-02-2022,1.12739563
03-02-2022,1.129994631
04-02-2022,1.143575907
07-02-2022,1.145514727
08-02-2022,1.144295692
09-02-2022,1.142126203
10-02-2022,1.14215219
11-02-2022,1.141552567
14-02-2022,1.136505723
15-02-2022,1.130633473
16-02-2022,1.135679603
17-02-2022,1.137526989
18-02-2022,1.13664782
21-02-2022,1.13172102
22-02-2022,1.130965829
23-02-2022,1.132913351
24-02-2022,1.130569458
25-02-2022,1.11906898
28-02-2022,1.118105412
01-03-2022,1.121591806
02-03-2022,1.113275886
03-03-2022,1.111234546
04-03-2022,1.106684446
07-03-2022,1.087453008
08-03-2022,1.086531281
09-03-2022,1.089823246
10-03-2022,1.107382894
11-03-2022,1.101394415
14-03-2022,1.093206763
15-03-2022,1.094319344
16-03-2022,1.096936345
17-03-2022,1.102195501
18-03-2022,1.109951854
21-03-2022,1.104313493
22-03-2022,1.101722002
23-03-2022,1.10297358
24-03-2022,1.100630641
25-03-2022,1.10095787
28-03-2022,1.098189116
29-03-2022,1.099384308
30-03-2022,1.109151602
31-03-2022,1.116183519
01-04-2022,1.107235789
04-04-2022,1.104728222
05-04-2022,1.097586393
06-04-2022,1.090643287
07-04-2022,1.089823246
08-04-2022,1.086484075
11-04-2022,1.088494658
12-04-2022,1.087795973
13-04-2022,1.082614303
14-04-2022,1.089656949
15-04-2022,1.082098842
18-04-2022,1.081525445
19-04-2022,1.078178763
20-04-2022,1.079447269
21-04-2022,1.084987044
22-04-2022,1.083517551
25-04-2022,1.081104517
26-04-2022,1.071420908
27-04-2022,1.06436193
28-04-2022,1.05550921
29-04-2022,1.050420165
02-05-2022,1.053596497
03-05-2022,1.050905824
04-05-2022,1.052853227
05-05-2022,1.062247753
06-05-2022,1.053974032
09-05-2022,1.053219199
10-05-2022,1.056579828
11-05-2022,1.053296804
12-05-2022,1.051248312
13-05-2022,1.037958145
16-05-2022,1.040063262
17-05-2022,1.043895841
18-05-2022,1.054785609
19-05-2022,1.047273993
20-05-2022,1.05789876
23-05-2022,1.056981921
24-05-2022,1.06820488
25-05-2022,1.073652506
26-05-2022,1.068661451
27-05-2022,1.073295355
30-05-2022,1.073145628
31-05-2022,1.077353954
01-06-2022,1.073410511
02-06-2022,1.065416574
03-06-2022,1.075106978
06-06-2022,1.072604656
07-06-2022,1.069141388
08-06-2022,1.069862008
09-06-2022,1.071765423
10-06-2022,1.061920524
13-06-2022,1.048998713
14-06-2022,1.041514754
15-06-2022,1.044059277
16-06-2022,1.045620441
17-06-2022,1.054685473
20-06-2022,1.049141765
21-06-2022,1.052077889
22-06-2022,1.053263545
23-06-2022,1.056412458
24-06-2022,1.05201149
27-06-2022,1.056613326
28-06-2022,1.058089137
29-06-2022,1.052354574
30-06-2022,1.044659138
01-07-2022,1.047767758
04-07-2022,1.043394804
05-07-2022,1.043318629
06-07-2022,1.025767326
07-07-2022,1.018641114
08-07-2022,1.016983628
11-07-2022,1.016611457
12-07-2022,1.004752517
13-07-2022,1.003310919
14-07-2022,1.003270626
15-07-2022,1.002566576
18-07-2022,1.009631872
19-07-2022,1.014517784
20-07-2022,1.023133039
21-07-2022,1.018278122
22-07-2022,1.022108197
25-07-2022,1.020023108
26-07-2022,1.022494912
27-07-2022,1.012955785
28-07-2022,1.020929098
29-07-2022,1.019232869
01-08-2022,1.02082479
02-08-2022,1.026135683
03-08-2022,1.015568733
04-08-2022,1.015764594
05-08-2022,1.024779201
08-08-2022,1.017087102
09-08-2022,1.019762993
10-08-2022,1.020814419
11-08-2022,1.030078292
12-08-2022,1.031672359
15-08-2022,1.025640965
16-08-2022,1.016198158
17-08-2022,1.01706636
18-08-2022,1.018018961
19-08-2022,1.008990049
22-08-2022,1.003522396
23-08-2022,0.993946791
24-08-2022,0.996690989
25-08-2022,0.996909559
26-08-2022,0.997128308
29-08-2022,0.993867815
30-08-2022,1.001401901
31-08-2022,1.002506256
01-09-2022,1.003905177
02-09-2022,0.99523288
05-09-2022,0.990942776
06-09-2022,0.995222986
07-09-2022,0.989795148
08-09-2022,0.999570191
09-09-2022,1.00120151
12-09-2022,1.007140636
13-09-2022,1.012955785
14-09-2022,0.998203278
15-09-2022,0.998402536
16-09-2022,0.998831332
19-09-2022,1.002234936
20-09-2022,1.002958775
21-09-2022,0.997078538
22-09-2022,0.983071506
23-09-2022,0.984155059
26-09-2022,0.968992293
27-09-2022,0.96237123
28-09-2022,0.959619164
29-09-2022,0.970817208
30-09-2022,0.982955575
03-10-2022,0.979268849
04-10-2022,0.983206868
05-10-2022,0.998432457
06-10-2022,0.991099894
07-10-2022,0.978904545
10-10-2022,0.973501265
11-10-2022,0.971005738
12-10-2022,0.970016778
13-10-2022,0.970798433
14-10-2022,0.975134015
17-10-2022,0.973937452
18-10-2022,0.984639645
19-10-2022,0.986387849
20-10-2022,0.976648271
21-10-2022,0.977889955
24-10-2022,0.986008584
25-10-2022,0.988650322
26-10-2022,0.996373117
27-10-2022,1.009193778
28-10-2022,0.996780396
31-10-2022,0.995500267
01-11-2022,0.988630772
02-11-2022,0.987790942
03-11-2022,0.981440902
04-11-2022,0.974963009
07-11-2022,0.99288106
08-11-2022,1.00186348
09-11-2022,1.008084774
10-11-2022,1.00195384
11-11-2022,1.019222498
14-11-2022,1.032855153
15-11-2022,1.031927824
16-11-2022,1.03578639
17-11-2022,1.039501071
18-11-2022,1.036172867
21-11-2022,1.033089876
22-11-2022,1.024569154
23-11-2022,1.031108618
24-11-2022,1.041623354
25-11-2022,1.040810227
28-11-2022,1.03675282
29-11-2022,1.034554124
30-11-2022,1.032449961
01-12-2022,1.042535424
02-12-2022,1.05284214
05-12-2022,1.054418564
06-12-2022,1.049692392
07-12-2022,1.046901107
08-12-2022,1.051325798
09-12-2022,1.055966139
12-12-2022,1.052221775
13-12-2022,1.054173946
14-12-2022,1.062665343
15-12-2022,1.067634702
16-12-2022,1.064056158
19-12-2022,1.058503509
20-12-2022,1.061458468
21-12-2022,1.062699318
22-12-2022,1.061007977
23-12-2022,1.060333014
26-12-2022,1.066780448
27-12-2022,1.064022183
28-12-2022,1.06371665
29-12-2022,1.0629251
30-12-2022,1.066075325
02-01-2023,1.070973396
03-01-2023,1.067771435
04-01-2023,1.054685473
05-01-2023,1.06063652
06-01-2023,1.052221775
09-01-2023,1.065632343
10-01-2023,1.073318362
11-01-2023,1.07389462
12-01-2023,1.076600075
13-01-2023,1.086023927
16-01-2023,1.082461953
17-01-2023,1.083012938
18-01-2023,1.079330802
19-01-2023,1.079785347
20-01-2023,1.083388329
23-01-2023,1.086507797
24-01-2023,1.087429285
25-01-2023,1.088814616
26-01-2023,1.092203856
27-01-2023,1.089443207
30-01-2023,1.087145567
31-01-2023,1.085069418
01-02-2023,1.086094737
02-02-2023,1.101285219
03-02-2023,1.090512514
06-02-2023,1.079086185
07-02-2023,1.073076487
08-02-2023,1.072972894
09-02-2023,1.071581602
10-02-2023,1.07422924
13-02-2023,1.067771435
14-02-2023,1.073041916
15-02-2023,1.07357192
16-02-2023,1.06917572
17-02-2023,1.066575646
20-02-2023,1.06844449
21-02-2023,1.068261981
22-02-2023,1.065200925
23-02-2023,1.060580373
24-02-2023,1.059804797
27-02-2023,1.055475831
28-02-2023,1.06112051
01-03-2023,1.057730913
02-03-2023,1.066894293
03-03-2023,1.05997324
06-03-2023,1.062620163
07-03-2023,1.068832874
08-03-2023,1.05507493
09-03-2023,1.054952502
10-03-2023,1.058469892
13-03-2023,1.06836462
14-03-2023,1.072501063
15-03-2023,1.072765708
16-03-2023,1.058335423
17-03-2023,1.061413407
20-03-2023,1.067885518
21-03-2023,1.071914792
22-03-2023,1.077423692
23-03-2023,1.087039232
24-03-2023,1.08350575
27-03-2023,1.077818513
28-03-2023,1.080707192
29-03-2023,1.083952069
30-03-2023,1.084363461
31-03-2023,1.09046495
03-04-2023,1.080333591
04-04-2023,1.091226578
05-04-2023,1.096010566
06-04-2023,1.090334177
07-04-2023,1.092013001
10-04-2023,1.091357589
11-04-2023,1.086932898
12-04-2023,1.091750741
13-04-2023,1.099989057
14-04-2023,1.105461001
17-04-2023,1.098659635
18-04-2023,1.092537999
19-04-2023,1.097538233
20-04-2023,1.095218301
21-04-2023,1.097092748
24-04-2023,1.09922719
25-04-2023,1.105949998
26-04-2023,1.097839475
27-04-2023,1.104728222
28-04-2023,1.103204846
01-05-2023,1.101091146
02-05-2023,1.096924186
03-05-2023,1.101091146
04-05-2023,1.106892586
05-05-2023,1.102292776
08-05-2023,1.101867676
09-05-2023,1.099614024
10-05-2023,1.096467137
11-05-2023,1.098406196
12-05-2023,1.091214538
15-05-2023,1.08526969
16-05-2023,1.087370157
17-05-2023,1.086566806
18-05-2023,1.083834648
19-05-2023,1.077539682
22-05-2023,1.082274556
23-05-2023,1.081104517
24-05-2023,1.076971173
25-05-2023,1.075731516
26-05-2023,1.072443604
29-05-2023,1.07230556
30-05-2023,1.070766926
31-05-2023,1.073306918
01-06-2023,1.069518685
02-06-2023,1.076078773
05-06-2023,1.069862008
06-06-2023,1.071179867
07-06-2023,1.069804788
08-06-2023,1.070744038
09-06-2023,1.078271747
12-06-2023,1.075095415
13-06-2023,1.076298833
14-06-2023,1.078934908
15-06-2023,1.08430469
16-06-2023,1.094594836
19-06-2023,1.094211578
20-06-2023,1.092430472
21-06-2023,1.092036843
22-06-2023,1.099263549
23-06-2023,1.095890403
26-06-2023,1.090667129
27-06-2023,1.091048002
28-06-2023,1.095722318
29-06-2023,1.091583848
30-06-2023,1.086802959
03-07-2023,1.090750456
04-07-2023,1.091309905
05-07-2023,1.088494658
06-07-2023,1.085658431
07-07-2023,1.089063644
10-07-2023,1.096972346
11-07-2023,1.100594401
12-07-2023,1.101406455
13-07-2023,1.114454508
14-07-2023,1.122346997
17-07-2023,1.122775555
18-07-2023,1.123759627
19-07-2023,1.122889042
20-07-2023,1.120523453
21-07-2023,1.113709807
24-07-2023,1.112532616
25-07-2023,1.106317043
26-07-2023,1.105045676
27-07-2023,1.107836843
28-07-2023,1.097875595
31-07-2023,1.10242641
01-08-2023,1.099759102
02-08-2023,1.100788116
03-08-2023,1.094415188
04-08-2023,1.095158339
07-08-2023,1.10026741
08-08-2023,1.100315809
09-08-2023,1.095890403
10-08-2023,1.097767115
11-08-2023,1.098164916
14-08-2023,1.094439149
15-08-2023,1.090988398
16-08-2023,1.090417385
17-08-2023,1.087488413
18-08-2023,1.087464809
21-08-2023,1.087559462
22-08-2023,1.089835167
23-08-2023,1.084669232
24-08-2023,1.086578608
25-08-2023,1.079913616
28-08-2023,1.079738617
29-08-2023,1.082555652
30-08-2023,1.086921096
31-08-2023,1.093254685
01-09-2023,1.084410429
04-09-2023,1.077586293
05-09-2023,1.079447269
06-09-2023,1.0726161
07-09-2023,1.072420478
08-09-2023,1.069781899
11-09-2023,1.071811318
12-09-2023,1.075037599
13-09-2023,1.075326681
14-09-2023,1.073422074
15-09-2023,1.06371665
18-09-2023,1.066825986
19-09-2023,1.069267154
20-09-2023,1.06820488
21-09-2023,1.065303087
22-09-2023,1.066154838
25-09-2023,1.064849257
26-09-2023,1.059164882
27-09-2023,1.056948304
28-09-2023,1.050530553
29-09-2023,1.056245089
02-10-2023,1.056524038
03-10-2023,1.048075199
04-10-2023,1.047230005
05-10-2023,1.050707102
06-10-2023,1.054663181
09-10-2023,1.056747317
10-10-2023,1.057887554
11-10-2023,1.060479164
12-10-2023,1.062428236
13-10-2023,1.053674102
16-10-2023,1.052155375
17-10-2023,1.055431247
18-10-2023,1.057305932
19-10-2023,1.053851843
20-10-2023,1.058649182
23-10-2023,1.058996677
24-10-2023,1.066985369
25-10-2023,1.059535265
26-10-2023,1.056725025
27-10-2023,1.056445956
30-10-2023,1.056245089
31-10-2023,1.06150353
01-11-2023,1.057909966
02-11-2023,1.058705211
03-11-2023,1.061909318
06-11-2023,1.073214769
07-11-2023,1.072156072
08-11-2023,1.069610238
09-11-2023,1.071042299
10-11-2023,1.066757679
13-11-2023,1.069015622
14-11-2023,1.070182562
15-11-2023,1.087831497
16-11-2023,1.085458159
17-11-2023,1.085375667
20-11-2023,1.090702772
21-11-2023,1.094594836
22-11-2023,1.091822267
23-11-2023,1.089087367
24-11-2023,1.090631485
27-11-2023,1.09404397
28-11-2023,1.095842361
29-11-2023,1.100594401
30-11-2023,1.097369552
01-12-2023,1.08920598
04-12-2023,1.088814616
05-12-2023,1.083775878
06-12-2023,1.07936573
07-12-2023,1.076669693
08-12-2023,1.079214334
11-12-2023,1.076576948
12-12-2023,1.07665801
13-12-2023,1.079867005
14-12-2023,1.088613033
15-12-2023,1.099360228
18-12-2023,1.089526415
19-12-2023,1.092382789
20-12-2023,1.098104596
21-12-2023,1.094570875
22-12-2023,1.100618601
25-12-2023,1.102657437
26-12-2023,1.102025509
27-12-2023,1.104301214
28-12-2023,1.110864282
29-12-2023,1.106819153
01-01-2024,1.105583191
02-01-2024,1.103874564
03-01-2024,1.094175696
04-01-2024,1.092776775
05-01-2024,1.094738722
08-01-2024,1.094223619
09-01-2024,1.095170259
10-01-2024,1.093242645
11-01-2024,1.097514153
12-01-2024,1.098164916
15-01-2024,1.094570875
16-01-2024,1.094570875
17-01-2024,1.087878942
18-01-2024,1.088577509
19-01-2024,1.087914348
22-01-2024,1.089229703
23-01-2024,1.088020921
24-01-2024,1.085788131
25-01-2024,1.08817482
26-01-2024,1.084704638
29-01-2024,1.084351778
30-01-2024,1.083447099
31-01-2024,1.084339976
01-02-2024,1.080392003
02-02-2024,1.087464809
05-02-2024,1.07800436
06-02-2024,1.074183106
07-02-2024,1.075719953
08-02-2024,1.077574611
09-02-2024,1.07772553
12-02-2024,1.079820275
13-02-2024,1.0772264
14-02-2024,1.070893168
15-02-2024,1.073214769
16-02-2024,1.077388763
19-02-2024,1.078492761
20-02-2024,1.077539682
21-02-2024,1.081314921
22-02-2024,1.08204031
23-02-2024,1.082567453
26-02-2024,1.082005143
27-02-2024,1.085093021
28-02-2024,1.08448112
29-02-2024,1.083881617
01-03-2024,1.080497026
04-03-2024,1.084269404
05-03-2024,1.085517049
06-03-2024,1.085599542
07-03-2024,1.089953899
08-03-2024,1.095014453
11-03-2024,1.094295502
12-03-2024,1.093135118
13-03-2024,1.092776775
14-03-2024,1.095530272
15-03-2024,1.08834064
18-03-2024,1.08825767
19-03-2024,1.08739388
20-03-2024,1.086330652
21-03-2024,1.093721032
22-03-2024,1.086236238
25-03-2024,1.080753922
26-03-2024,1.083822846
27-03-2024,1.08323586
28-03-2024,1.081338286
29-03-2024,1.079447269
01-04-2024,1.079272628
02-04-2024,1.073721766
03-04-2024,1.076855183
04-04-2024,1.083834648
05-04-2024,1.083705425
08-04-2024,1.083048105
09-04-2024,1.086366177
10-04-2024,1.085929632
11-04-2024,1.074171543
12-04-2024,1.072685122
15-04-2024,1.064962745
16-04-2024,1.062574983
17-04-2024,1.062146187
18-04-2024,1.066939831
19-04-2024,1.064418554
22-04-2024,1.065825343
23-04-2024,1.06540525
24-04-2024,1.07043457
25-04-2024,1.069987893
26-04-2024,1.07296145
29-04-2024,1.070686698
30-04-2024,1.071570158
01-05-2024,1.066655278
02-05-2024,1.072156072
03-05-2024,1.073306918
06-05-2024,1.075812459
07-05-2024,1.076750755
08-05-2024,1.075049162
09-05-2024,1.074691057
10-05-2024,1.078515887
13-05-2024,1.077040672
14-05-2024,1.079354167
15-05-2024,1.081455231
16-05-2024,1.088980556
17-05-2024,1.086779356
20-05-2024,1.087547541
21-05-2024,1.086082935
22-05-2024,1.085517049
23-05-2024,1.082520485
24-05-2024,1.081268191
27-05-2024,1.084763408
28-05-2024,1.086189151
29-05-2024,1.085187197
30-05-2024,1.080181956
31-05-2024,1.083541036
03-06-2024,1.085304976
04-06-2024,1.090738535
05-06-2024,1.088186622
06-06-2024,1.087453008
07-06-2024,1.089443207
10-06-2024,1.07788825
11-06-2024,1.076426268
12-06-2024,1.074033022
13-06-2024,1.081314921
14-06-2024,1.073883176
17-06-2024,1.070216894
18-06-2024,1.074067712
19-06-2024,1.07422924
20-06-2024,1.075153232
21-06-2024,1.070640922
24-06-2024,1.068775773
25-06-2024,1.073272347
26-06-2024,1.070961952
27-06-2024,1.068010926
28-06-2024,1.070847273
01-07-2024,1.073525786
02-07-2024,1.073710203
03-07-2024,1.074841261
04-07-2024,1.079330802
05-07-2024,1.08106935
08-07-2024,1.08260262
09-07-2024,1.083095074
10-07-2024,1.081478596
11-07-2024,1.083329678
12-07-2024,1.087275624
15-07-2024,1.088553905
16-07-2024,1.090155959
17-07-2024,1.090250969
18-07-2024,1.094020128
19-07-2024,1.090155959
22-07-2024,1.089918256
23-07-2024,1.088980556
24-07-2024,1.085069418
25-07-2024,1.083952069
26-07-2024,1.085128307
29-07-2024,1.085375667
30-07-2024,1.081946611
31-07-2024,1.081607223
01-08-2024,1.08239162
02-08-2024,1.078760266
05-08-2024,1.091083646
06-08-2024,1.095098257
07-08-2024,1.092621565
08-08-2024,1.092812538
09-08-2024,1.091572046
12-08-2024,1.091381311
13-08-2024,1.093625188
14-08-2024,1.099698663
15-08-2024,1.101321578
16-08-2024,1.097273231
19-08-2024,1.102499366
20-08-2024,1.108647466
21-08-2024,1.11279273
22-08-2024,1.115536094
23-08-2024,1.11171639
26-08-2024,1.118793488
27-08-2024,1.116470098
28-08-2024,1.117793083
29-08-2024,1.112495542
30-08-2024,1.108045459
02-09-2024,1.1044842
03-09-2024,1.106745601
04-09-2024,1.104886889
05-09-2024,1.108045459
06-09-2024,1.111111164
09-09-2024,1.108721256
10-09-2024,1.103752732
11-09-2024,1.102098346
12-09-2024,1.101091146
13-09-2024,1.107787728
16-09-2024,1.108844161
17-09-2024,1.112953663
18-09-2024,1.112309933
19-09-2024,1.111481667
20-09-2024,1.116196036
23-09-2024,1.11608386
24-09-2024,1.111172795
25-09-2024,1.119119048
26-09-2024,1.113102317
27-09-2024,1.117717981
30-09-2024,1.116981506
01-10-2024,1.113660216
02-10-2024,1.106390476
03-10-2024,1.104850292
04-10-2024,1.103557825
07-10-2024,1.097453952
08-10-2024,1.097574353
09-10-2024,1.097574353
10-10-2024,1.094331384
11-10-2024,1.093386054
14-10-2024,1.092537999
15-10-2024,1.090916991
16-10-2024,1.088411689
17-10-2024,1.086248159
18-10-2024,1.082954288
21-10-2024,1.086861968
22-10-2024,1.081782818
23-10-2024,1.079727054
24-10-2024,1.078050852
25-10-2024,1.082415104
28-10-2024,1.079657078
29-10-2024,1.081677437
30-10-2024,1.082063675
31-10-2024,1.08591783
01-11-2024,1.088613033
04-11-2024,1.087453008
05-11-2024,1.087405682
06-11-2024,1.093445897
07-11-2024,1.073306918
08-11-2024,1.079517245
11-11-2024,1.071489811
12-11-2024,1.066439152
13-11-2024,1.061672568
14-11-2024,1.056412458
15-11-2024,1.053008437
