Date,Gold_Bees
02-01-2009,13.36999989
05-01-2009,13.15550041
06-01-2009,13.03999996
07-01-2009,13.21500015
09-01-2009,13.16889954
12-01-2009,13.09000015
13-01-2009,12.96539974
14-01-2009,13.02000046
15-01-2009,12.86400032
16-01-2009,13
19-01-2009,13.10000038
20-01-2009,13.07229996
21-01-2009,13.44999981
22-01-2009,13.35999966
23-01-2009,13.5
27-01-2009,13.69200039
28-01-2009,13.5
29-01-2009,13.45979977
30-01-2009,14
02-02-2009,14.01000023
03-02-2009,13.87150002
04-02-2009,13.82400036
05-02-2009,13.93999958
06-02-2009,13.94250011
09-02-2009,13.88000011
10-02-2009,13.86999989
11-02-2009,14.14099979
12-02-2009,14.47999954
13-02-2009,14.40149975
16-02-2009,14.53849983
17-02-2009,15.03999996
18-02-2009,15.44400024
19-02-2009,15.37030029
20-02-2009,15.45040035
24-02-2009,15.44499969
25-02-2009,14.97999954
26-02-2009,14.90100002
27-02-2009,15.07900047
02-03-2009,15.43000031
03-03-2009,15.10000038
04-03-2009,14.9144001
05-03-2009,14.89999962
06-03-2009,15.26599979
09-03-2009,15.2638998
12-03-2009,14.93099976
13-03-2009,15
16-03-2009,15.02120018
17-03-2009,14.93999958
18-03-2009,14.89000034
19-03-2009,14.90250015
20-03-2009,15.29969978
23-03-2009,15.31999969
24-03-2009,15.14900017
25-03-2009,14.89000034
26-03-2009,15.06999969
27-03-2009,15.06999969
30-03-2009,15.10000038
31-03-2009,14.9343996
01-04-2009,14.89999962
02-04-2009,14.72000027
06-04-2009,14.03999996
08-04-2009,14.36989975
09-04-2009,14.18700027
13-04-2009,14.22990036
15-04-2009,14.24100018
16-04-2009,14.21010017
17-04-2009,13.91100025
20-04-2009,14.01000023
21-04-2009,14.25990009
22-04-2009,14.25
23-04-2009,14.27000046
24-04-2009,14.59990025
27-04-2009,14.63899994
28-04-2009,14.51000023
29-04-2009,14.37989998
04-05-2009,14.24790001
05-05-2009,14.28919983
06-05-2009,14.33889961
07-05-2009,14.43000031
08-05-2009,14.44979954
11-05-2009,14.39999962
12-05-2009,14.44929981
13-05-2009,14.64000034
14-05-2009,14.63000011
15-05-2009,14.60550022
18-05-2009,14.62959957
19-05-2009,14.07999992
20-05-2009,14.06000042
21-05-2009,14.22999954
22-05-2009,14.34000015
25-05-2009,14.38000011
26-05-2009,14.38000011
27-05-2009,14.41499996
28-05-2009,14.52000046
29-05-2009,14.67000008
01-06-2009,14.80000019
02-06-2009,14.64009953
03-06-2009,14.72500038
04-06-2009,14.61999989
05-06-2009,14.79399967
08-06-2009,14.58889961
09-06-2009,14.4034996
10-06-2009,14.57499981
11-06-2009,14.53499985
12-06-2009,14.42000008
15-06-2009,14.30099964
16-06-2009,14.34000015
17-06-2009,14.29339027
18-06-2009,14.40999985
19-06-2009,14.36999989
22-06-2009,14.30000019
23-06-2009,14.31000042
24-06-2009,14.39000034
25-06-2009,14.48999977
26-06-2009,14.56099987
29-06-2009,14.42010021
30-06-2009,14.42549992
01-07-2009,14.31999969
02-07-2009,14.36499977
03-07-2009,14.30000019
06-07-2009,14.4151001
07-07-2009,14.47999954
08-07-2009,14.47649956
09-07-2009,14.37020016
10-07-2009,14.31739998
13-07-2009,14.46800041
14-07-2009,14.5
15-07-2009,14.53999996
16-07-2009,14.69999981
17-07-2009,14.71500015
20-07-2009,14.73989964
21-07-2009,14.77799988
22-07-2009,14.73999977
23-07-2009,14.86900043
24-07-2009,14.7730999
27-07-2009,14.83100033
28-07-2009,14.79899979
29-07-2009,14.56499958
30-07-2009,14.51099968
31-07-2009,14.55790043
03-08-2009,14.68739986
04-08-2009,14.63339996
05-08-2009,14.77999973
06-08-2009,14.80000019
07-08-2009,14.84000015
10-08-2009,14.76500034
11-08-2009,14.63599968
12-08-2009,14.72500038
13-08-2009,14.81999969
14-08-2009,14.85999966
17-08-2009,14.75500011
18-08-2009,14.73612976
19-08-2009,14.67389965
20-08-2009,14.80447006
21-08-2009,14.78514004
24-08-2009,14.92000008
25-08-2009,14.88990021
26-08-2009,14.93999958
27-08-2009,14.88000011
28-08-2009,14.94999981
31-08-2009,15.05000019
01-09-2009,14.99199963
02-09-2009,15.11950016
03-09-2009,15.56550026
04-09-2009,15.56000042
07-09-2009,15.67000008
08-09-2009,15.72500038
09-09-2009,15.55220032
10-09-2009,15.42000008
11-09-2009,15.68000031
14-09-2009,15.69999981
15-09-2009,15.68200016
16-09-2009,15.89000034
17-09-2009,15.82499981
18-09-2009,15.76099968
22-09-2009,15.77000046
23-09-2009,15.72999954
24-09-2009,15.68000031
25-09-2009,15.47480011
29-09-2009,15.37030029
30-09-2009,15.46850014
01-10-2009,15.5
05-10-2009,15.40499973
06-10-2009,15.5
07-10-2009,15.75010014
08-10-2009,15.75
09-10-2009,15.67000008
12-10-2009,15.77999973
13-10-2009,15.74790001
14-10-2009,15.81999969
15-10-2009,15.60999966
16-10-2009,15.62650013
20-10-2009,15.75
21-10-2009,15.72789955
22-10-2009,15.78999996
23-10-2009,15.78999996
26-10-2009,15.74489975
27-10-2009,15.64999962
28-10-2009,15.64999962
29-10-2009,15.63000011
30-10-2009,15.72999954
03-11-2009,15.94999981
04-11-2009,16.42499924
05-11-2009,16.44000053
06-11-2009,16.4034996
09-11-2009,16.51499939
10-11-2009,16.47500038
11-11-2009,16.57999992
12-11-2009,16.68000031
13-11-2009,16.52219963
16-11-2009,16.76889992
17-11-2009,16.82250023
18-11-2009,17.04000092
19-11-2009,16.96209908
20-11-2009,17.09000015
23-11-2009,17.39990044
24-11-2009,17.4715004
25-11-2009,17.52000046
26-11-2009,17.68000031
27-11-2009,17.42000008
30-11-2009,17.45000076
01-12-2009,17.79949951
02-12-2009,18
03-12-2009,18.03000069
04-12-2009,17.86499977
07-12-2009,17.17000008
08-12-2009,17.37999916
09-12-2009,17.01000023
10-12-2009,16.87000084
11-12-2009,17
14-12-2009,16.82999992
15-12-2009,16.73209953
16-12-2009,16.95800018
17-12-2009,16.92000008
18-12-2009,16.64500046
21-12-2009,16.71999931
22-12-2009,16.46500015
23-12-2009,16.27899933
24-12-2009,16.58499908
29-12-2009,16.54500008
30-12-2009,16.37000084
31-12-2009,16.52000046
04-01-2010,16.54990005
05-01-2010,16.68000031
06-01-2010,16.60000038
07-01-2010,16.5720005
08-01-2010,16.48999977
11-01-2010,16.81800079
12-01-2010,16.81030083
13-01-2010,16.5625
14-01-2010,16.60499954
15-01-2010,16.62999916
18-01-2010,16.5821991
19-01-2010,16.56579971
20-01-2010,16.61112022
21-01-2010,16.25510025
22-01-2010,16.21515083
25-01-2010,16.3192997
27-01-2010,16.22896957
28-01-2010,16.19161034
29-01-2010,16.0801506
01-02-2010,16.05751991
02-02-2010,16.49332047
03-02-2010,16.48427963
04-02-2010,16.26888084
05-02-2010,15.7741003
08-02-2010,16.07080078
09-02-2010,15.99310017
10-02-2010,16.06889915
11-02-2010,16.0734005
15-02-2010,16.30800056
16-02-2010,16.46050072
17-02-2010,16.48159981
18-02-2010,16.31780052
19-02-2010,16.38619995
22-02-2010,16.50600052
23-02-2010,16.39369965
24-02-2010,16.20479965
25-02-2010,16.23010063
26-02-2010,16.50639915
02-03-2010,16.56399918
03-03-2010,16.77659988
04-03-2010,16.79459953
05-03-2010,16.71419907
08-03-2010,16.64419937
09-03-2010,16.44079971
10-03-2010,16.46039963
11-03-2010,16.27969933
12-03-2010,16.37409973
15-03-2010,16.23399925
16-03-2010,16.36090088
17-03-2010,16.48399925
18-03-2010,16.42930031
19-03-2010,16.4409008
22-03-2010,16.20269966
23-03-2010,16.20280075
25-03-2010,16.05859947
26-03-2010,16.03720093
29-03-2010,16.13669968
30-03-2010,16.12220001
31-03-2010,16.08230019
01-04-2010,16.15340042
05-04-2010,16.18429947
06-04-2010,16.12969971
07-04-2010,16.26269913
08-04-2010,16.42989922
09-04-2010,16.49449921
12-04-2010,16.58239937
13-04-2010,16.48049927
15-04-2010,16.48920059
16-04-2010,16.51939964
19-04-2010,16.21240044
20-04-2010,16.36030006
21-04-2010,16.3682003
22-04-2010,16.39730072
23-04-2010,16.32320023
26-04-2010,16.48250008
27-04-2010,16.44910049
28-04-2010,16.61400032
29-04-2010,16.69400024
30-04-2010,16.71199989
03-05-2010,16.82799911
04-05-2010,16.89100075
05-05-2010,16.82900047
06-05-2010,17.00149918
07-05-2010,17.40850067
10-05-2010,17.08200073
11-05-2010,17.43350029
12-05-2010,17.8654995
13-05-2010,17.77599907
14-05-2010,17.95700073
17-05-2010,17.91150093
18-05-2010,17.65049934
19-05-2010,17.85499954
20-05-2010,17.68650055
21-05-2010,17.6875
24-05-2010,17.71699905
25-05-2010,17.97599983
26-05-2010,18.23699951
27-05-2010,18.10199928
28-05-2010,17.94849968
31-05-2010,17.97299957
01-06-2010,18.34799957
02-06-2010,18.30150032
03-06-2010,18.1420002
04-06-2010,17.99399948
07-06-2010,18.36100006
08-06-2010,18.78899956
09-06-2010,18.5984993
10-06-2010,18.3845005
11-06-2010,18.32550049
14-06-2010,18.35000038
15-06-2010,18.26499939
16-06-2010,18.40200043
17-06-2010,18.33600044
18-06-2010,18.41500092
21-06-2010,18.44449997
22-06-2010,18.27400017
23-06-2010,18.42499924
24-06-2010,18.32099915
25-06-2010,18.50200081
28-06-2010,18.54249954
29-06-2010,18.44000053
30-06-2010,18.53100014
01-07-2010,18.55550003
02-07-2010,18.10750008
05-07-2010,18.16550064
06-07-2010,18.18250084
07-07-2010,17.97550011
08-07-2010,18.09250069
09-07-2010,17.94249916
12-07-2010,18.07299995
13-07-2010,18.0965004
14-07-2010,18.14049911
15-07-2010,18.14699936
16-07-2010,18.07550049
19-07-2010,17.96699905
20-07-2010,17.89349937
21-07-2010,18.02099991
22-07-2010,17.9489994
23-07-2010,18.04050064
26-07-2010,17.91749954
27-07-2010,17.73999977
28-07-2010,17.42650032
29-07-2010,17.48900032
30-07-2010,17.53000069
02-08-2010,17.51300049
03-08-2010,17.54750061
04-08-2010,17.70700073
05-08-2010,17.71750069
06-08-2010,17.65999985
09-08-2010,17.83099937
10-08-2010,17.78000069
11-08-2010,17.88349915
12-08-2010,18.0095005
13-08-2010,18.17300034
16-08-2010,18.29999924
17-08-2010,18.31999969
18-08-2010,18.25
19-08-2010,18.29999924
20-08-2010,18.34000015
23-08-2010,18.32449913
24-08-2010,18.28149986
25-08-2010,18.54999924
26-08-2010,18.53199959
27-08-2010,18.54750061
30-08-2010,18.53000069
31-08-2010,18.57999992
01-09-2010,18.75900078
02-09-2010,18.65999985
03-09-2010,18.69499969
06-09-2010,18.59000015
07-09-2010,18.67000008
08-09-2010,18.79000092
09-09-2010,18.67399979
13-09-2010,18.4489994
14-09-2010,18.61300087
15-09-2010,18.81999969
16-09-2010,18.77000046
17-09-2010,18.77949905
20-09-2010,18.68499947
21-09-2010,18.72999954
22-09-2010,18.71999931
23-09-2010,18.76749992
24-09-2010,18.77000046
27-09-2010,18.71999931
28-09-2010,18.62000084
29-09-2010,18.80500031
30-09-2010,18.8295002
01-10-2010,18.73999977
04-10-2010,18.73150063
05-10-2010,18.9015007
06-10-2010,19.10950089
07-10-2010,19.19000053
08-10-2010,18.85000038
11-10-2010,19.13999939
12-10-2010,19.18700027
13-10-2010,19.31999969
14-10-2010,19.47500038
15-10-2010,19.34350014
18-10-2010,19.20899963
19-10-2010,19.3845005
20-10-2010,19.0114994
21-10-2010,19.17650032
22-10-2010,18.94099998
25-10-2010,19.09049988
26-10-2010,18.95549965
27-10-2010,18.94000053
28-10-2010,18.86800003
29-10-2010,18.95050049
01-11-2010,19.36199951
02-11-2010,19.28100014
03-11-2010,19.2765007
04-11-2010,19.29999924
08-11-2010,19.58849907
09-11-2010,19.82749939
10-11-2010,19.85050011
11-11-2010,19.88249969
12-11-2010,19.69750023
15-11-2010,19.60950089
16-11-2010,19.62750053
18-11-2010,19.61300087
19-11-2010,19.64850044
22-11-2010,19.66550064
23-11-2010,19.83399963
24-11-2010,19.99950027
25-11-2010,19.93849945
26-11-2010,19.9545002
29-11-2010,19.92950058
30-11-2010,19.90250015
01-12-2010,19.97299957
02-12-2010,19.98450089
03-12-2010,20.01449966
06-12-2010,20.23349953
07-12-2010,20.27400017
08-12-2010,20.04599953
09-12-2010,19.96249962
10-12-2010,19.97550011
13-12-2010,19.99650002
14-12-2010,20.11100006
15-12-2010,19.97900009
16-12-2010,19.9904995
20-12-2010,20.00499916
21-12-2010,19.97850037
22-12-2010,19.95599937
23-12-2010,19.86599922
24-12-2010,19.94300079
27-12-2010,20.03100014
28-12-2010,19.99799919
29-12-2010,20.13400078
30-12-2010,20.18000031
31-12-2010,20.09900093
03-01-2011,20.21150017
04-01-2011,20.13400078
05-01-2011,19.92350006
06-01-2011,19.81399918
07-01-2011,19.67200089
10-01-2011,19.73900032
11-01-2011,19.77149963
12-01-2011,19.82600021
13-01-2011,19.8465004
14-01-2011,19.75650024
17-01-2011,19.68250084
18-01-2011,19.7784996
19-01-2011,19.73150063
20-01-2011,19.78899956
21-01-2011,19.56850052
24-01-2011,19.61400032
25-01-2011,19.30949974
27-01-2011,19.47200012
28-01-2011,19.20149994
31-01-2011,19.56299973
01-02-2011,19.47450066
02-02-2011,19.42099953
03-02-2011,19.3010006
04-02-2011,19.58049965
07-02-2011,19.53000069
08-02-2011,19.58399963
09-02-2011,19.64749908
10-02-2011,19.70599937
11-02-2011,19.65950012
14-02-2011,19.65950012
15-02-2011,19.77599907
16-02-2011,19.84600067
17-02-2011,19.89349937
18-02-2011,19.9564991
21-02-2011,19.99200058
22-02-2011,20.03700066
23-02-2011,20.05599976
24-02-2011,20.31999969
25-02-2011,20.19099998
28-02-2011,20.1970005
01-03-2011,20.24749947
03-03-2011,20.41600037
04-03-2011,20.2765007
07-03-2011,20.54199982
08-03-2011,20.43250084
09-03-2011,20.41650009
10-03-2011,20.43700027
11-03-2011,20.30050087
14-03-2011,20.34149933
15-03-2011,20.2385006
16-03-2011,20.06949997
17-03-2011,19.99150085
18-03-2011,20.2385006
21-03-2011,20.3845005
22-03-2011,20.41699982
23-03-2011,20.39500046
24-03-2011,20.46699905
25-03-2011,20.33300018
28-03-2011,20.24200058
29-03-2011,20.0909996
30-03-2011,20.15950012
31-03-2011,20.24300003
01-04-2011,20.29400063
04-04-2011,20.2385006
05-04-2011,20.22850037
06-04-2011,20.45350075
07-04-2011,20.42849922
08-04-2011,20.57850075
11-04-2011,20.67449951
13-04-2011,20.5909996
15-04-2011,20.77949905
18-04-2011,20.88299942
19-04-2011,21.10350037
20-04-2011,21.13599968
21-04-2011,21.1439991
25-04-2011,21.42200089
26-04-2011,21.21699905
27-04-2011,21.24200058
28-04-2011,21.57749939
29-04-2011,21.56599998
02-05-2011,21.92700005
03-05-2011,21.78800011
04-05-2011,21.6420002
05-05-2011,21.41200066
06-05-2011,21.59049988
09-05-2011,21.37150002
10-05-2011,21.48399925
11-05-2011,21.56800079
12-05-2011,21.21750069
13-05-2011,21.51600075
16-05-2011,21.33950043
17-05-2011,21.3484993
18-05-2011,21.30200005
19-05-2011,21.25
20-05-2011,21.36499977
23-05-2011,21.60300064
24-05-2011,21.70750046
25-05-2011,21.8314991
26-05-2011,21.73800087
27-05-2011,21.78000069
30-05-2011,21.81450081
31-05-2011,21.90449905
01-06-2011,21.73399925
02-06-2011,21.91650009
03-06-2011,21.75399971
06-06-2011,21.8560009
07-06-2011,21.89049911
08-06-2011,21.71800041
09-06-2011,21.74200058
10-06-2011,21.82749939
13-06-2011,21.62849998
14-06-2011,21.51250076
15-06-2011,21.43400002
16-06-2011,21.59900093
17-06-2011,21.60950089
20-06-2011,21.84950066
21-06-2011,21.89299965
22-06-2011,21.9015007
23-06-2011,21.84700012
24-06-2011,21.63199997
27-06-2011,21.41449928
28-06-2011,21.38800049
29-06-2011,21.42300034
30-06-2011,21.33749962
01-07-2011,21.04999924
04-07-2011,21.00900078
05-07-2011,21.05150032
06-07-2011,21.30649948
07-07-2011,21.46549988
08-07-2011,21.40699959
11-07-2011,21.67849922
12-07-2011,21.78899956
13-07-2011,22.0189991
14-07-2011,22.2765007
15-07-2011,22.10950089
18-07-2011,22.46249962
19-07-2011,22.45899963
20-07-2011,22.18099976
21-07-2011,22.28450012
22-07-2011,22.09300041
25-07-2011,22.48900032
26-07-2011,22.29999924
27-07-2011,22.3465004
28-07-2011,22.30750084
29-07-2011,22.31150055
01-08-2011,22.34749985
02-08-2011,22.50600052
03-08-2011,23.06699944
04-08-2011,23.15200043
05-08-2011,23.25200081
08-08-2011,24.17650032
09-08-2011,25.18099976
10-08-2011,24.92900085
11-08-2011,25.53450012
12-08-2011,25.12050056
16-08-2011,25.34149933
17-08-2011,25.68300056
18-08-2011,25.86100006
19-08-2011,26.96649933
22-08-2011,27.02000046
23-08-2011,26.98049927
24-08-2011,26.61199951
25-08-2011,25.12849998
26-08-2011,25.86700058
29-08-2011,26.21150017
30-08-2011,25.89500046
02-09-2011,26.68149948
05-09-2011,27.26749992
06-09-2011,27.06949997
07-09-2011,26.42550087
08-09-2011,26.34550095
09-09-2011,27.1345005
12-09-2011,27.06500053
13-09-2011,26.90250015
14-09-2011,27.24900055
15-09-2011,26.94849968
16-09-2011,26.39749908
19-09-2011,27.11599922
20-09-2011,26.95149994
21-09-2011,27.17499924
22-09-2011,27.04299927
23-09-2011,26.68650055
26-09-2011,25.04000092
27-09-2011,25.70249939
28-09-2011,25.34300041
29-09-2011,24.90200043
30-09-2011,25.20599937
03-10-2011,25.63349915
04-10-2011,25.75049973
05-10-2011,24.875
07-10-2011,25.35099983
10-10-2011,25.43449974
11-10-2011,25.54800034
12-10-2011,25.75550079
13-10-2011,25.63750076
14-10-2011,25.66500092
17-10-2011,25.69050026
18-10-2011,25.56049919
19-10-2011,25.4564991
20-10-2011,25.2935009
21-10-2011,25.37999916
24-10-2011,25.91399956
25-10-2011,25.77350044
28-10-2011,26.27799988
31-10-2011,25.99449921
01-11-2011,26.16250038
02-11-2011,26.54050064
03-11-2011,26.64900017
04-11-2011,26.85350037
08-11-2011,27.46899986
09-11-2011,27.5814991
11-11-2011,27.42399979
14-11-2011,27.74349976
15-11-2011,27.67499924
16-11-2011,27.95100021
17-11-2011,27.83849907
18-11-2011,27.45499992
21-11-2011,27.48999977
22-11-2011,27.50900078
23-11-2011,27.39249992
24-11-2011,27.4885006
25-11-2011,27.26749992
28-11-2011,27.6345005
29-11-2011,27.62249947
30-11-2011,27.66699982
01-12-2011,27.96649933
02-12-2011,27.96450043
05-12-2011,27.91500092
07-12-2011,27.75449944
08-12-2011,27.98800087
09-12-2011,27.80850029
12-12-2011,27.51600075
13-12-2011,27.54599953
14-12-2011,27.34149933
15-12-2011,26.38299942
16-12-2011,26.19050026
19-12-2011,26.32699966
20-12-2011,26.47649956
21-12-2011,26.81349945
22-12-2011,26.53800011
23-12-2011,26.51499939
26-12-2011,26.4810009
27-12-2011,26.36750031
28-12-2011,26.32699966
29-12-2011,25.84049988
30-12-2011,26.10250092
02-01-2012,26.19249916
03-01-2012,26.44650078
04-01-2012,26.6590004
05-01-2012,26.63999939
06-01-2012,26.74200058
09-01-2012,26.54299927
10-01-2012,26.35449982
11-01-2012,26.46299934
12-01-2012,26.52700043
13-01-2012,26.27949905
16-01-2012,26.38100052
17-01-2012,26.51849937
18-01-2012,26.35199928
19-01-2012,26.35549927
20-01-2012,26.13549995
23-01-2012,26.34499931
24-01-2012,26.20149994
25-01-2012,26.12849998
27-01-2012,26.70599937
30-01-2012,26.89550018
31-01-2012,27.06599998
01-02-2012,27.12249947
02-02-2012,27.00900078
03-02-2012,27.06649971
06-02-2012,26.57449913
07-02-2012,26.63699913
08-02-2012,26.99699974
09-02-2012,26.92149925
10-02-2012,26.84049988
13-02-2012,26.72949982
14-02-2012,26.64850044
15-02-2012,26.83049965
16-02-2012,26.80800056
17-02-2012,26.81150055
21-02-2012,26.90500069
22-02-2012,27.18572998
23-02-2012,27.51950073
24-02-2012,27.45146942
27-02-2012,27.23278999
28-02-2012,27.43338013
29-02-2012,27.52536011
01-03-2012,26.60334969
02-03-2012,26.60680962
05-03-2012,26.58082962
06-03-2012,26.50484085
07-03-2012,26.73896027
09-03-2012,26.71528053
12-03-2012,26.76621056
13-03-2012,26.54998016
14-03-2012,26.06907082
15-03-2012,25.99188042
16-03-2012,26.07210922
19-03-2012,26.57290077
20-03-2012,26.55001068
21-03-2012,26.84106064
22-03-2012,26.67462921
23-03-2012,26.91677094
26-03-2012,27.23262978
27-03-2012,27.61145973
28-03-2012,27.34016037
29-03-2012,27.11054039
30-03-2012,27.19747925
02-04-2012,27.29254913
03-04-2012,27.17007065
04-04-2012,26.74542046
09-04-2012,26.7116394
10-04-2012,27.00741959
11-04-2012,27.3406105
12-04-2012,27.3103199
13-04-2012,27.53282928
16-04-2012,27.30278015
17-04-2012,27.35092926
18-04-2012,27.20150948
19-04-2012,27.32555008
20-04-2012,27.3465004
23-04-2012,27.33197021
24-04-2012,27.72047043
25-04-2012,27.60643959
26-04-2012,27.75918961
27-04-2012,27.90851021
30-04-2012,27.96062088
02-05-2012,28.03873062
03-05-2012,28.03148079
04-05-2012,28.04866028
07-05-2012,27.85695076
08-05-2012,27.57345009
09-05-2012,27.19638062
10-05-2012,27.20953941
11-05-2012,27.20479965
14-05-2012,26.94581032
15-05-2012,26.94055939
16-05-2012,26.7281208
17-05-2012,26.92972946
18-05-2012,27.84642982
21-05-2012,27.78731918
22-05-2012,27.64253044
23-05-2012,27.79091072
24-05-2012,28.01984978
25-05-2012,27.84246063
28-05-2012,27.93152046
29-05-2012,27.99654007
30-05-2012,27.77168083
31-05-2012,28.29067993
01-06-2012,27.77906036
04-06-2012,27.58618927
05-06-2012,27.60724068
06-06-2012,28.94170952
07-06-2012,28.5561409
08-06-2012,27.96565056
11-06-2012,28.18927956
12-06-2012,28.52112961
13-06-2012,28.82144928
14-06-2012,28.89912033
15-06-2012,28.93818092
18-06-2012,28.87748909
19-06-2012,29.16786003
20-06-2012,28.92367935
21-06-2012,28.87688065
22-06-2012,28.66098022
25-06-2012,28.41268921
26-06-2012,28.91777992
27-06-2012,28.71170998
28-06-2012,28.57309914
29-06-2012,28.31003952
02-07-2012,28.49580002
03-07-2012,28.2036705
04-07-2012,28.21655083
05-07-2012,28.44491005
06-07-2012,28.18545914
09-07-2012,28.29437065
10-07-2012,28.41898918
11-07-2012,27.89982033
12-07-2012,27.87284088
13-07-2012,28.08083916
16-07-2012,27.80418015
17-07-2012,28.09844017
18-07-2012,27.93063927
19-07-2012,27.95929909
20-07-2012,27.90917015
23-07-2012,28.0075798
24-07-2012,28.15270042
25-07-2012,28.57415962
26-07-2012,28.63047981
27-07-2012,28.63385963
30-07-2012,28.60821915
31-07-2012,28.89343071
01-08-2012,28.6402092
02-08-2012,28.61734962
03-08-2012,28.60506058
06-08-2012,28.50361061
07-08-2012,28.62151909
08-08-2012,28.34538078
09-08-2012,28.45425987
10-08-2012,28.46673012
13-08-2012,28.73288918
14-08-2012,28.71236038
16-08-2012,28.69557953
17-08-2012,28.77717972
21-08-2012,28.82111931
22-08-2012,29.0844593
23-08-2012,29.2907505
24-08-2012,29.45704079
27-08-2012,29.56187057
28-08-2012,29.60490036
29-08-2012,29.55887032
30-08-2012,29.42671013
31-08-2012,29.47550964
03-09-2012,29.84328079
04-09-2012,29.97757912
05-09-2012,30.12787056
06-09-2012,30.49118042
07-09-2012,30.04968071
10-09-2012,30.57115936
11-09-2012,30.63754082
12-09-2012,30.69618034
13-09-2012,30.58556938
14-09-2012,30.90662956
17-09-2012,30.46254921
18-09-2012,30.44074059
20-09-2012,30.53589058
21-09-2012,30.49670982
24-09-2012,29.91584015
25-09-2012,30.17851067
26-09-2012,30.15273094
27-09-2012,29.84030914
28-09-2012,29.95384026
01-10-2012,29.85055923
03-10-2012,29.71360016
04-10-2012,29.6646595
05-10-2012,29.48187065
08-10-2012,29.47092056
09-10-2012,29.58444977
10-10-2012,29.8196907
11-10-2012,29.90270042
12-10-2012,29.69713974
15-10-2012,29.60152054
16-10-2012,29.28668976
17-10-2012,29.4141407
18-10-2012,29.53329086
19-10-2012,29.68956947
22-10-2012,29.53749084
23-10-2012,29.36235046
25-10-2012,29.34930038
29-10-2012,29.38916016
30-10-2012,29.59976006
31-10-2012,29.64814949
01-11-2012,29.51870918
02-11-2012,29.24231911
05-11-2012,28.97430992
06-11-2012,29.4491806
07-11-2012,29.90995979
08-11-2012,29.75197983
09-11-2012,29.99152946
12-11-2012,30.35214996
15-11-2012,30.1690197
16-11-2012,29.95990944
19-11-2012,30.18630981
20-11-2012,30.3350296
21-11-2012,30.36691093
22-11-2012,30.39267921
23-11-2012,30.57411957
26-11-2012,30.96600914
27-11-2012,30.97179985
29-11-2012,30.32229042
30-11-2012,30.02947044
03-12-2012,29.87536049
04-12-2012,29.88866997
05-12-2012,29.62951088
06-12-2012,29.40961075
07-12-2012,29.3282299
10-12-2012,29.58687973
11-12-2012,29.59395027
12-12-2012,29.61581993
13-12-2012,29.30190086
14-12-2012,29.41027069
17-12-2012,29.4007206
18-12-2012,29.67083931
19-12-2012,29.19677925
20-12-2012,29.12491989
21-12-2012,28.94087982
24-12-2012,29.17637062
26-12-2012,29.11296082
27-12-2012,28.93254089
28-12-2012,28.99033928
31-12-2012,29.03985977
01-01-2013,29.04295921
02-01-2013,29.10685921
03-01-2013,29.16897011
04-01-2013,28.51022911
07-01-2013,28.93151093
08-01-2013,29.10629082
09-01-2013,29.0845108
10-01-2013,28.90781975
11-01-2013,28.96825981
14-01-2013,28.98580933
15-01-2013,29.15690041
16-01-2013,29.28638077
17-01-2013,29.25013924
18-01-2013,29.01244926
21-01-2013,28.93998909
22-01-2013,29.41093063
23-01-2013,29.53932953
24-01-2013,29.33106041
25-01-2013,29.22014046
28-01-2013,29.01708984
29-01-2013,28.9822998
30-01-2013,29.00744057
31-01-2013,28.99885941
01-02-2013,28.87203979
04-02-2013,28.68045998
05-02-2013,29.06389999
06-02-2013,28.82810974
07-02-2013,28.9497509
08-02-2013,29.01184082
11-02-2013,28.9634304
12-02-2013,28.74819946
13-02-2013,28.79528046
14-02-2013,28.74000931
15-02-2013,28.55648041
18-02-2013,28.37570953
19-02-2013,28.41189957
20-02-2013,28.10630989
21-02-2013,27.76148987
22-02-2013,27.96875
25-02-2013,27.98623085
26-02-2013,28.07427979
27-02-2013,28.14566994
28-02-2013,27.83016968
01-03-2013,27.82464027
04-03-2013,28.18202972
05-03-2013,28.09341049
06-03-2013,27.9491806
07-03-2013,28.07168007
08-03-2013,27.86012077
11-03-2013,27.81337929
12-03-2013,27.91543007
13-03-2013,27.9533596
14-03-2013,28.00564003
15-03-2013,28.00482941
18-03-2013,28.15224075
19-03-2013,28.18712044
20-03-2013,28.38989067
21-03-2013,28.2966404
22-03-2013,28.36130905
25-03-2013,28.09255028
26-03-2013,28.09443092
28-03-2013,28.23520088
01-04-2013,28.24814987
02-04-2013,28.14279938
03-04-2013,27.68742943
04-04-2013,27.42502022
05-04-2013,27.65670013
08-04-2013,27.98484993
09-04-2013,27.78174019
10-04-2013,27.9638195
11-04-2013,27.53887939
12-04-2013,27.36758041
15-04-2013,25.27248001
16-04-2013,24.45017052
17-04-2013,24.30447006
18-04-2013,24.47400093
22-04-2013,24.97701073
23-04-2013,24.90653038
25-04-2013,25.32913971
26-04-2013,25.64034081
29-04-2013,25.8721199
30-04-2013,25.84966087
02-05-2013,25.37693024
03-05-2013,25.8092804
06-05-2013,25.80648994
07-05-2013,25.73082924
08-05-2013,25.53120041
09-05-2013,25.82015038
10-05-2013,25.61927032
13-05-2013,25.45756912
14-05-2013,25.44384956
15-05-2013,25.10957909
16-05-2013,24.48572922
17-05-2013,24.5461998
20-05-2013,24.22442055
21-05-2013,24.6405201
22-05-2013,24.86630058
23-05-2013,25.07486916
24-05-2013,24.90077972
27-05-2013,24.90387917
28-05-2013,24.84935951
29-05-2013,25.15089035
30-05-2013,25.45841026
31-05-2013,25.69446945
03-06-2013,25.55645943
04-06-2013,25.72986984
05-06-2013,25.48737907
06-06-2013,26.21915054
07-06-2013,26.40078926
10-06-2013,26.26124001
11-06-2013,26.60737991
12-06-2013,26.4732399
13-06-2013,26.6892395
14-06-2013,26.29360962
17-06-2013,26.35623932
18-06-2013,26.52507019
19-06-2013,26.42494965
20-06-2013,25.68899918
21-06-2013,25.40018082
24-06-2013,25.38549995
25-06-2013,25.2689991
26-06-2013,24.51549911
27-06-2013,24.57649994
28-06-2013,23.84300041
01-07-2013,24.44300079
02-07-2013,24.78300095
03-07-2013,24.83600044
04-07-2013,24.89150047
05-07-2013,24.82299995
08-07-2013,24.71249962
09-07-2013,24.85950089
10-07-2013,24.8239994
11-07-2013,25.26199913
12-07-2013,25.15049934
15-07-2013,25.30649948
16-07-2013,25.12400055
17-07-2013,25.20899963
18-07-2013,25.1875
19-07-2013,25.31349945
22-07-2013,25.77449989
23-07-2013,26.1760006
24-07-2013,25.89850044
25-07-2013,25.53800011
26-07-2013,25.82999992
29-07-2013,26.25250053
30-07-2013,26.4829998
31-07-2013,26.7404995
01-08-2013,26.33449936
02-08-2013,25.95750046
05-08-2013,26.50699997
06-08-2013,26.4489994
07-08-2013,26.06100082
08-08-2013,26.31699944
12-08-2013,27.07900047
13-08-2013,27.66049957
14-08-2013,27.57099915
16-08-2013,28.55349922
19-08-2013,29.03499985
20-08-2013,29.07749939
21-08-2013,29.20100021
22-08-2013,29.24150085
23-08-2013,29.03199959
26-08-2013,29.43149948
27-08-2013,29.74349976
28-08-2013,30.16900063
29-08-2013,29.96649933
30-08-2013,29.11899948
02-09-2013,29.20949936
03-09-2013,29.96999931
04-09-2013,29.77949905
05-09-2013,29.24749947
06-09-2013,28.5965004
10-09-2013,28.24650002
11-09-2013,28.13999939
12-09-2013,28.14500046
13-09-2013,27.69849968
16-09-2013,27.57299995
17-09-2013,27.84350014
18-09-2013,27.53350067
19-09-2013,28.24449921
20-09-2013,28.1364994
23-09-2013,27.89150047
24-09-2013,27.76199913
25-09-2013,27.91650009
26-09-2013,27.9375
27-09-2013,28.01199913
30-09-2013,28.42300034
01-10-2013,28.07699966
03-10-2013,27.89699936
04-10-2013,27.88949966
07-10-2013,27.96800041
08-10-2013,28.7215004
09-10-2013,28.37999916
10-10-2013,28.41049957
11-10-2013,28.06450081
14-10-2013,28.31749916
15-10-2013,28.11800003
17-10-2013,28.68000031
18-10-2013,28.875
21-10-2013,29.07699966
22-10-2013,29.31999969
23-10-2013,29.73999977
24-10-2013,29.65449905
25-10-2013,29.75300026
28-10-2013,29.87100029
29-10-2013,29.16399956
30-10-2013,29.08250046
31-10-2013,28.65800095
01-11-2013,28.80949974
05-11-2013,28.47599983
06-11-2013,28.7670002
07-11-2013,28.58200073
08-11-2013,28.70999908
11-11-2013,28.66550064
12-11-2013,29.03650093
13-11-2013,28.95050049
14-11-2013,28.9904995
18-11-2013,29.0359993
19-11-2013,28.88249969
20-11-2013,28.89649963
21-11-2013,28.78000069
22-11-2013,28.8010006
25-11-2013,28.40399933
26-11-2013,28.71500015
27-11-2013,28.62100029
28-11-2013,28.47050095
29-11-2013,28.76000023
02-12-2013,28.60300064
03-12-2013,28.51749992
04-12-2013,28.60849953
05-12-2013,28.67200089
06-12-2013,28.45949936
09-12-2013,28.15550041
10-12-2013,28.29999924
11-12-2013,28.40099907
12-12-2013,28.21999931
13-12-2013,28.17350006
16-12-2013,28.10449982
17-12-2013,27.96150017
18-12-2013,27.93050003
19-12-2013,27.76049995
20-12-2013,27.59149933
23-12-2013,27.63199997
24-12-2013,27.5170002
26-12-2013,27.61499977
27-12-2013,27.43350029
30-12-2013,27.24600029
31-12-2013,27.17499924
01-01-2014,27.24300003
02-01-2014,27.46050072
03-01-2014,27.65299988
06-01-2014,27.62700081
07-01-2014,27.61149979
08-01-2014,27.40049934
09-01-2014,27.42950058
10-01-2014,27.52199936
13-01-2014,27.60449982
14-01-2014,27.70549965
15-01-2014,27.53499985
16-01-2014,27.58349991
17-01-2014,27.56550026
20-01-2014,27.73349953
21-01-2014,27.68099976
22-01-2014,27.55850029
23-01-2014,27.50600052
24-01-2014,27.66250038
27-01-2014,27.83550072
28-01-2014,27.7595005
29-01-2014,28.14100075
30-01-2014,27.79500008
31-01-2014,27.65500069
03-02-2014,27.60449982
04-02-2014,27.71150017
05-02-2014,27.7064991
06-02-2014,27.71949959
07-02-2014,27.74850082
10-02-2014,27.91200066
11-02-2014,28.01799965
12-02-2014,27.99349976
13-02-2014,27.95249939
14-02-2014,28.10149956
17-02-2014,28.52700043
18-02-2014,28.59199905
19-02-2014,28.62999916
20-02-2014,28.56450081
21-02-2014,28.44099998
24-02-2014,28.5720005
25-02-2014,28.50300026
26-02-2014,28.55200005
28-02-2014,28.50250053
03-03-2014,28.6154995
04-03-2014,28.45149994
05-03-2014,28.35750008
06-03-2014,28.24950027
07-03-2014,28.21500015
10-03-2014,28.05249977
11-03-2014,28.09700012
12-03-2014,28.18000031
13-03-2014,28.21999931
14-03-2014,28.36650085
18-03-2014,28.12800026
19-03-2014,27.91749954
20-03-2014,27.54400063
21-03-2014,27.62700081
24-03-2014,27.30949974
25-03-2014,27.03149986
26-03-2014,27.00650024
27-03-2014,26.82600021
28-03-2014,26.86100006
31-03-2014,27.07250023
01-04-2014,26.77750015
02-04-2014,26.37000084
03-04-2014,26.61450005
04-04-2014,26.64049911
07-04-2014,26.67950058
09-04-2014,26.83600044
10-04-2014,27.0984993
11-04-2014,27.06649971
15-04-2014,27.32349968
16-04-2014,27.31800079
17-04-2014,27.40699959
21-04-2014,27.51950073
22-04-2014,27.74500084
23-04-2014,27.83950043
25-04-2014,27.99349976
28-04-2014,28.0340004
29-04-2014,27.9564991
30-04-2014,27.85849953
02-05-2014,27.84000015
05-05-2014,27.94449997
06-05-2014,27.97249985
07-05-2014,27.99799919
08-05-2014,27.77050018
09-05-2014,27.6364994
12-05-2014,27.58399963
13-05-2014,27.44400024
14-05-2014,27.4090004
15-05-2014,27.38050079
16-05-2014,27.01499939
19-05-2014,26.75749969
20-05-2014,26.64100075
21-05-2014,26.54050064
22-05-2014,25.59799957
23-05-2014,25.50900078
26-05-2014,25.5909996
27-05-2014,25.4564991
28-05-2014,25.25449944
29-05-2014,24.9260006
30-05-2014,24.92099953
02-06-2014,24.80150032
03-06-2014,24.81349945
04-06-2014,24.77099991
05-06-2014,24.71450043
06-06-2014,24.7329998
09-06-2014,24.64900017
10-06-2014,24.69650078
11-06-2014,24.84499931
12-06-2014,24.85149956
13-06-2014,25.12249947
16-06-2014,25.59399986
17-06-2014,25.33550072
18-06-2014,25.42950058
19-06-2014,25.53849983
20-06-2014,26.09399986
23-06-2014,26.07349968
24-06-2014,26.19350052
25-06-2014,26.04150009
26-06-2014,26.06699944
27-06-2014,26.00849915
30-06-2014,26.06749916
01-07-2014,26.07799911
02-07-2014,25.96949959
03-07-2014,25.79999924
04-07-2014,25.80200005
07-07-2014,25.65049934
08-07-2014,25.63050079
09-07-2014,25.70100021
10-07-2014,26.33650017
11-07-2014,26.25149918
14-07-2014,26.09250069
15-07-2014,25.94949913
16-07-2014,25.78249931
17-07-2014,25.85050011
18-07-2014,25.95700073
21-07-2014,25.95700073
22-07-2014,25.85650063
23-07-2014,25.78800011
24-07-2014,25.67300034
25-07-2014,25.51600075
28-07-2014,25.76749992
30-07-2014,25.68199921
31-07-2014,25.69149971
01-08-2014,25.78750038
04-08-2014,25.8920002
05-08-2014,25.8465004
06-08-2014,25.97850037
07-08-2014,26.17900085
08-08-2014,26.47949982
11-08-2014,26.19650078
12-08-2014,26.32349968
13-08-2014,26.25900078
14-08-2014,26.27799988
18-08-2014,26.02449989
19-08-2014,25.92250061
20-08-2014,25.95700073
21-08-2014,25.69449997
22-08-2014,25.73800087
25-08-2014,25.53249931
26-08-2014,25.68799973
27-08-2014,25.60149956
28-08-2014,25.70750046
01-09-2014,25.70949936
02-09-2014,25.56200027
03-09-2014,25.46249962
04-09-2014,25.35650063
05-09-2014,25.28199959
08-09-2014,25.18350029
09-09-2014,25.0984993
10-09-2014,25.25149918
11-09-2014,25.10950089
12-09-2014,25.00449944
15-09-2014,24.98749924
16-09-2014,25.00849915
17-09-2014,24.85400009
18-09-2014,24.86100006
19-09-2014,24.79850006
22-09-2014,24.68950081
23-09-2014,24.78899956
24-09-2014,24.89500046
25-09-2014,24.76650047
26-09-2014,24.76600075
29-09-2014,24.80699921
30-09-2014,24.69799995
01-10-2014,24.69599915
07-10-2014,24.59049988
08-10-2014,24.88400078
09-10-2014,24.90399933
10-10-2014,24.86249924
13-10-2014,24.94000053
14-10-2014,24.98349953
16-10-2014,25.39599991
17-10-2014,25.12649918
20-10-2014,25.08099937
21-10-2014,25.61249924
22-10-2014,25.2614994
27-10-2014,24.91150093
28-10-2014,24.90600014
29-10-2014,24.86750031
30-10-2014,24.6420002
31-10-2014,24.27000046
03-11-2014,24.29500008
05-11-2014,24.06349945
07-11-2014,23.90200043
10-11-2014,24.12100029
11-11-2014,23.8220005
12-11-2014,23.93250084
13-11-2014,23.94300079
14-11-2014,23.90449905
17-11-2014,24.30400085
18-11-2014,24.40749931
19-11-2014,24.49150085
20-11-2014,24.37800026
21-11-2014,24.31200027
24-11-2014,24.35149956
25-11-2014,24.49950027
26-11-2014,24.65749931
27-11-2014,24.44650078
28-11-2014,24.42900085
01-12-2014,23.91699982
02-12-2014,24.20549965
03-12-2014,24.41799927
04-12-2014,24.37050056
05-12-2014,24.27050018
08-12-2014,24.30249977
09-12-2014,24.37400055
10-12-2014,24.86149979
11-12-2014,24.6760006
12-12-2014,24.86249924
15-12-2014,24.81299973
16-12-2014,24.76300049
17-12-2014,24.75399971
18-12-2014,24.65749931
19-12-2014,24.61650085
22-12-2014,24.76199913
23-12-2014,24.47200012
24-12-2014,24.39949989
26-12-2014,24.6135006
29-12-2014,24.70750046
30-12-2014,24.59300041
31-12-2014,24.64150047
01-01-2015,24.56349945
02-01-2015,24.51199913
05-01-2015,24.66200066
06-01-2015,24.97900009
07-01-2015,25.02199936
08-01-2015,24.68950081
09-01-2015,24.56349945
12-01-2015,24.78899956
13-01-2015,24.99749947
14-01-2015,24.85700035
15-01-2015,24.78650093
16-01-2015,25.32150078
19-01-2015,25.54450035
20-01-2015,25.80750084
21-01-2015,25.92650032
22-01-2015,25.70949936
23-01-2015,25.77300072
27-01-2015,25.56999969
28-01-2015,25.68799973
29-01-2015,25.52099991
30-01-2015,25.78800011
02-02-2015,25.69750023
03-02-2015,25.67000008
04-02-2015,25.40200043
05-02-2015,25.49550056
06-02-2015,25.5
09-02-2015,25.06850052
10-02-2015,25.07250023
11-02-2015,25.08399963
12-02-2015,24.87999916
13-02-2015,24.99200058
16-02-2015,25.05649948
18-02-2015,24.80400085
19-02-2015,24.72850037
20-02-2015,24.71750069
23-02-2015,24.5909996
24-02-2015,24.36199951
25-02-2015,24.43499947
26-02-2015,24.4090004
27-02-2015,24.36599922
02-03-2015,24.62299919
03-03-2015,24.43950081
04-03-2015,24.42650032
05-03-2015,24.57349968
09-03-2015,24.34900093
10-03-2015,24.14150047
11-03-2015,24.02400017
12-03-2015,23.96850014
13-03-2015,23.91699982
16-03-2015,23.92700005
17-03-2015,23.80949974
18-03-2015,23.74399948
19-03-2015,23.78499985
20-03-2015,23.81200027
23-03-2015,23.90099907
24-03-2015,24.04700089
25-03-2015,24.02449989
26-03-2015,24.55050087
27-03-2015,24.19499969
30-03-2015,24.11100006
31-03-2015,23.98950005
01-04-2015,24.13599968
06-04-2015,24.63699913
07-04-2015,24.53899956
08-04-2015,24.55750084
09-04-2015,24.20700073
10-04-2015,24.33650017
13-04-2015,24.36050034
15-04-2015,24.18799973
16-04-2015,24.4034996
17-04-2015,24.43600082
20-04-2015,24.61149979
21-04-2015,24.85700035
22-04-2015,24.60099983
23-04-2015,24.44149971
24-04-2015,24.59600067
27-04-2015,24.45350075
28-04-2015,24.6345005
29-04-2015,24.73550034
30-04-2015,24.84250069
04-05-2015,24.52750015
05-05-2015,24.48049927
06-05-2015,24.60250092
07-05-2015,24.68400002
08-05-2015,24.64249992
11-05-2015,24.61100006
12-05-2015,24.70899963
13-05-2015,24.84300041
14-05-2015,25.16600037
15-05-2015,25.06550026
18-05-2015,25.31500053
19-05-2015,25.12849998
20-05-2015,24.97450066
21-05-2015,24.99550056
22-05-2015,24.83749962
25-05-2015,24.7935009
26-05-2015,24.72999954
27-05-2015,24.66200066
28-05-2015,24.62050056
29-05-2015,24.5984993
01-06-2015,24.5114994
02-06-2015,24.68499947
03-06-2015,24.66550064
04-06-2015,24.61599922
05-06-2015,24.44249916
08-06-2015,24.47999954
09-06-2015,24.47400093
10-06-2015,24.51799965
11-06-2015,24.28450012
12-06-2015,24.44449997
15-06-2015,24.41150093
16-06-2015,24.47999954
17-06-2015,24.43849945
18-06-2015,24.59799957
19-06-2015,24.56999969
22-06-2015,24.44599915
23-06-2015,24.24950027
24-06-2015,24.14349937
25-06-2015,24.23699951
26-06-2015,24.20700073
29-06-2015,24.30699921
30-06-2015,24.19849968
01-07-2015,24.17700005
02-07-2015,24.0265007
03-07-2015,23.94799995
06-07-2015,23.91650009
07-07-2015,23.99600029
08-07-2015,23.9734993
09-07-2015,24.12000084
10-07-2015,23.97800064
13-07-2015,23.82999992
14-07-2015,23.77949905
15-07-2015,23.79150009
16-07-2015,23.62750053
17-07-2015,23.60449982
20-07-2015,23.32850075
21-07-2015,23.3845005
22-07-2015,22.85099983
23-07-2015,22.92849922
24-07-2015,22.86499977
27-07-2015,22.93000031
28-07-2015,22.89800072
29-07-2015,22.79999924
30-07-2015,22.72850037
31-07-2015,22.69750023
03-08-2015,22.74099922
04-08-2015,22.68799973
05-08-2015,22.51199913
06-08-2015,22.48550034
07-08-2015,22.61050034
10-08-2015,22.70199966
11-08-2015,23.14299965
12-08-2015,23.45999908
13-08-2015,23.54500008
14-08-2015,23.50399971
17-08-2015,23.64500046
18-08-2015,23.75749969
19-08-2015,23.75550079
20-08-2015,24.08749962
21-08-2015,24.44249916
24-08-2015,24.73900032
25-08-2015,24.44650078
26-08-2015,24.17149925
27-08-2015,23.96100044
28-08-2015,24.13299942
31-08-2015,24.31299973
01-09-2015,24.45000076
02-09-2015,24.27750015
03-09-2015,24.08399963
04-09-2015,24.06900024
07-09-2015,24.11849976
08-09-2015,24.10300064
09-09-2015,23.98049927
10-09-2015,23.76549911
11-09-2015,23.80800056
14-09-2015,23.74900055
15-09-2015,23.73349953
16-09-2015,23.76000023
18-09-2015,24.10750008
21-09-2015,23.97550011
22-09-2015,23.94750023
23-09-2015,23.8409996
24-09-2015,24.10050011
28-09-2015,24.07299995
29-09-2015,23.89249992
30-09-2015,23.87000084
01-10-2015,23.66150093
05-10-2015,23.8845005
06-10-2015,23.96299934
07-10-2015,24.05200005
08-10-2015,23.96249962
09-10-2015,24.12549973
12-10-2015,24.32699966
13-10-2015,24.15950012
14-10-2015,24.42550087
15-10-2015,24.59900093
16-10-2015,24.48649979
19-10-2015,24.39649963
20-10-2015,24.4810009
21-10-2015,24.56900024
23-10-2015,24.4279995
26-10-2015,24.32649994
27-10-2015,24.45149994
28-10-2015,24.53899956
29-10-2015,24.4470005
30-10-2015,24.40649986
02-11-2015,24.11499977
03-11-2015,23.96699905
04-11-2015,23.80450058
05-11-2015,23.79500008
06-11-2015,23.63500023
09-11-2015,23.77050018
10-11-2015,23.49399948
13-11-2015,23.21249962
16-11-2015,23.30599976
17-11-2015,23.11750031
18-11-2015,23.03350067
19-11-2015,23.05349922
20-11-2015,23.27350044
23-11-2015,23.10199928
24-11-2015,23.19099998
26-11-2015,23.11300087
27-11-2015,23.10250092
30-11-2015,22.92499924
01-12-2015,23.10499954
02-12-2015,23.03100014
03-12-2015,22.86100006
04-12-2015,22.98150063
07-12-2015,23.33600044
08-12-2015,23.13599968
09-12-2015,23.2840004
10-12-2015,23.14550018
11-12-2015,23.04150009
14-12-2015,23.08650017
15-12-2015,22.97649956
16-12-2015,22.96899986
17-12-2015,22.94249916
18-12-2015,22.74250031
21-12-2015,22.95050049
22-12-2015,23.09900093
23-12-2015,22.9470005
24-12-2015,22.93899918
28-12-2015,22.93400002
29-12-2015,22.99150085
30-12-2015,22.94249916
31-12-2015,22.79249954
01-01-2016,22.80200005
04-01-2016,23.04700089
05-01-2016,23.19650078
06-01-2016,23.33099937
07-01-2016,23.66799927
08-01-2016,23.60700035
11-01-2016,23.68050003
12-01-2016,23.63249969
13-01-2016,23.31150055
14-01-2016,23.67149925
15-01-2016,23.70499992
18-01-2016,23.85099983
19-01-2016,23.76499939
20-01-2016,23.94400024
21-01-2016,23.98399925
22-01-2016,23.86249924
25-01-2016,24
27-01-2016,24.27449989
28-01-2016,24.29999924
29-01-2016,24.23349953
01-02-2016,24.32999992
02-02-2016,24.48550034
03-02-2016,24.53000069
04-02-2016,24.71850014
05-02-2016,24.85099983
08-02-2016,25.20249939
09-02-2016,25.66399956
10-02-2016,25.39850044
11-02-2016,25.9545002
12-02-2016,26.29700089
15-02-2016,25.87450027
16-02-2016,26.02449989
17-02-2016,25.85350037
18-02-2016,25.83849907
19-02-2016,26.125
22-02-2016,25.88199997
23-02-2016,26.16200066
24-02-2016,26.24300003
25-02-2016,26.39900017
26-02-2016,26.35650063
29-02-2016,26.48950005
01-03-2016,26.51549911
02-03-2016,26.11149979
03-03-2016,26.26950073
04-03-2016,26.67650032
08-03-2016,26.75650024
09-03-2016,26.4829998
10-03-2016,26.3125
11-03-2016,26.68050003
14-03-2016,26.60099983
15-03-2016,26.13050079
16-03-2016,26.06049919
17-03-2016,26.45549965
18-03-2016,26.18899918
21-03-2016,26.04450035
22-03-2016,26.04750061
23-03-2016,25.74300003
28-03-2016,25.33749962
29-03-2016,25.43099976
30-03-2016,25.69449997
31-03-2016,25.63750076
01-04-2016,25.78849983
04-04-2016,25.47550011
05-04-2016,25.90399933
06-04-2016,25.90600014
07-04-2016,26.15550041
08-04-2016,26.25799942
11-04-2016,26.28249931
12-04-2016,26.54999924
13-04-2016,26.34600067
18-04-2016,26.49250031
20-04-2016,26.56100082
21-04-2016,26.84300041
22-04-2016,26.69799995
25-04-2016,26.44050026
26-04-2016,26.45599937
27-04-2016,26.61700058
28-04-2016,26.875
29-04-2016,27.17099953
02-05-2016,27.47599983
03-05-2016,27.47999954
04-05-2016,27.20249939
05-05-2016,27.12649918
06-05-2016,27.28249931
09-05-2016,27.27000046
10-05-2016,27.17200089
11-05-2016,27.16650009
12-05-2016,27.01650047
13-05-2016,27.19300079
16-05-2016,27.32250023
17-05-2016,27.27449989
18-05-2016,27.31299973
19-05-2016,27.28549957
20-05-2016,27.22550011
23-05-2016,27.18700027
24-05-2016,27.02099991
25-05-2016,26.70949936
26-05-2016,26.8654995
27-05-2016,26.81100082
30-05-2016,26.41900063
31-05-2016,26.45599937
01-06-2016,26.50149918
02-06-2016,26.28949928
03-06-2016,26.27199936
06-06-2016,26.72050095
07-06-2016,26.51250076
08-06-2016,26.50099945
09-06-2016,26.63050079
10-06-2016,26.78350067
13-06-2016,27.05850029
14-06-2016,27.05949974
15-06-2016,27.00250053
16-06-2016,27.46500015
17-06-2016,27.13599968
20-06-2016,27.10250092
21-06-2016,27.13050079
22-06-2016,26.89900017
23-06-2016,26.78849983
24-06-2016,27.74349976
27-06-2016,28.02700043
28-06-2016,28.09049988
29-06-2016,27.85400009
30-06-2016,27.77300072
01-07-2016,28.01849937
04-07-2016,28.15950012
05-07-2016,28.07649994
07-07-2016,28.36899948
08-07-2016,28.33950043
11-07-2016,28.40749931
12-07-2016,28.17399979
13-07-2016,28.05599976
14-07-2016,27.98649979
15-07-2016,27.96349907
18-07-2016,27.83600044
19-07-2016,27.90049934
20-07-2016,27.84749985
21-07-2016,27.8314991
22-07-2016,27.85499954
25-07-2016,27.77700043
26-07-2016,27.9185009
27-07-2016,27.84449959
28-07-2016,28.03750038
29-07-2016,27.96299934
01-08-2016,28.45549965
02-08-2016,28.79150009
03-08-2016,28.86700058
04-08-2016,28.77199936
05-08-2016,29.10149956
08-08-2016,28.35750008
09-08-2016,28.53949928
10-08-2016,28.79050064
11-08-2016,28.66550064
12-08-2016,28.70249939
16-08-2016,28.52050018
17-08-2016,28.47750092
18-08-2016,28.64299965
19-08-2016,28.65950012
22-08-2016,28.54999924
23-08-2016,28.48450089
24-08-2016,28.52000046
25-08-2016,28.31749916
26-08-2016,28.41550064
29-08-2016,28.16200066
30-08-2016,28.14100075
31-08-2016,28.12050056
01-09-2016,27.8239994
02-09-2016,27.88050079
06-09-2016,28.04249954
07-09-2016,28.32449913
08-09-2016,28.32049942
09-09-2016,28.14150047
12-09-2016,28.39550018
14-09-2016,28.27350044
15-09-2016,28.14999962
16-09-2016,28.10050011
19-09-2016,28.25049973
20-09-2016,28.2954998
21-09-2016,28.35099983
22-09-2016,28.38100052
23-09-2016,28.40250015
26-09-2016,28.4204998
27-09-2016,28.33849907
28-09-2016,28.10300064
29-09-2016,28.49900055
30-09-2016,28.25200081
03-10-2016,28.17900085
04-10-2016,28.15399933
05-10-2016,27.89900017
06-10-2016,27.71750069
07-10-2016,27.61700058
10-10-2016,27.96150017
13-10-2016,27.56399918
14-10-2016,27.49200058
17-10-2016,27.47400093
18-10-2016,27.55400085
19-10-2016,27.45549965
20-10-2016,27.50300026
21-10-2016,27.4470005
24-10-2016,27.35149956
25-10-2016,27.2689991
26-10-2016,27.28000069
27-10-2016,27.24399948
28-10-2016,27.35700035
01-11-2016,27.40500069
02-11-2016,27.66900063
03-11-2016,27.65649986
04-11-2016,27.71999931
07-11-2016,27.62949944
08-11-2016,27.70849991
09-11-2016,28.13899994
10-11-2016,28.0114994
11-11-2016,27.54150009
15-11-2016,27.41049957
16-11-2016,27.37450027
17-11-2016,27.04899979
18-11-2016,26.48200035
21-11-2016,26.60350037
22-11-2016,26.70949936
23-11-2016,26.73999977
24-11-2016,26.65600014
25-11-2016,26.34300041
28-11-2016,26.55949974
29-11-2016,26.5435009
30-11-2016,26.4564991
01-12-2016,26.16200066
02-12-2016,25.94000053
05-12-2016,25.83449936
06-12-2016,25.91600037
07-12-2016,25.8220005
08-12-2016,25.90600014
09-12-2016,25.73399925
12-12-2016,25.6609993
13-12-2016,25.57900047
14-12-2016,25.52549934
15-12-2016,25.29500008
16-12-2016,25.00799942
19-12-2016,25.08699989
20-12-2016,25.02750015
21-12-2016,25.01600075
22-12-2016,24.87700081
23-12-2016,24.86300087
26-12-2016,25
27-12-2016,25.25149918
28-12-2016,25.46899986
29-12-2016,25.46649933
30-12-2016,25.64599991
02-01-2017,25.58349991
03-01-2017,25.46150017
04-01-2017,25.83250046
05-01-2017,25.98250008
06-01-2017,25.98399925
09-01-2017,26.04500008
10-01-2017,26.14800072
11-01-2017,26.33699989
12-01-2017,26.51350021
13-01-2017,26.45050049
16-01-2017,26.59199905
17-01-2017,26.79899979
18-01-2017,26.85650063
19-01-2017,26.66300011
20-01-2017,26.68799973
23-01-2017,26.66449928
24-01-2017,26.66250038
25-01-2017,26.52099991
27-01-2017,26.21500015
30-01-2017,26.06999969
31-01-2017,26.30699921
01-02-2017,26.43350029
02-02-2017,26.54500008
03-02-2017,26.44400024
06-02-2017,26.53700066
07-02-2017,26.88150024
08-02-2017,26.94249916
09-02-2017,26.83699989
10-02-2017,26.53100014
13-02-2017,26.4564991
14-02-2017,26.58399963
15-02-2017,26.48399925
16-02-2017,26.68350029
17-02-2017,26.86400032
20-02-2017,26.77449989
21-02-2017,26.59049988
22-02-2017,26.87700081
23-02-2017,26.86650085
27-02-2017,27.07799911
28-02-2017,27.02149963
01-03-2017,26.93199921
02-03-2017,26.86700058
03-03-2017,26.61849976
06-03-2017,26.73649979
07-03-2017,26.56150055
08-03-2017,26.29249954
09-03-2017,26.24600029
10-03-2017,26.11300087
14-03-2017,25.95849991
15-03-2017,25.62849998
16-03-2017,25.96249962
17-03-2017,25.98950005
20-03-2017,26.04999924
21-03-2017,26.06150055
22-03-2017,26.34799957
23-03-2017,26.38299942
24-03-2017,26.33600044
27-03-2017,26.42700005
28-03-2017,26.33200073
29-03-2017,26.28800011
30-03-2017,26.2689991
31-03-2017,26.12849998
03-04-2017,26.08250046
05-04-2017,26.37100029
06-04-2017,26.39249992
07-04-2017,26.51399994
10-04-2017,26.21050072
11-04-2017,26.26049995
12-04-2017,26.60050011
13-04-2017,26.77899933
17-04-2017,26.80450058
18-04-2017,26.79450035
19-04-2017,26.68149948
20-04-2017,26.68449974
21-04-2017,26.76849937
24-04-2017,26.54899979
25-04-2017,26.49250031
26-04-2017,26.33950043
27-04-2017,26.33300018
28-04-2017,26.40999985
02-05-2017,26.17849922
03-05-2017,26.11050034
04-05-2017,25.80450058
05-05-2017,25.92399979
08-05-2017,25.72050095
09-05-2017,25.70549965
10-05-2017,25.67449951
11-05-2017,25.5189991
12-05-2017,25.55550003
15-05-2017,25.58550072
16-05-2017,25.61750031
17-05-2017,25.79800034
18-05-2017,26.32500076
19-05-2017,26.22750092
22-05-2017,26.18650055
23-05-2017,26.38599968
24-05-2017,26.23999977
25-05-2017,26.11650085
26-05-2017,26.30850029
29-05-2017,26.29599953
30-05-2017,26.2935009
31-05-2017,26.18449974
01-06-2017,26.29150009
02-06-2017,26.17950058
05-06-2017,26.53549957
06-06-2017,26.67200089
07-06-2017,26.62949944
08-06-2017,26.55949974
09-06-2017,26.35650063
12-06-2017,26.31150055
13-06-2017,26.22450066
14-06-2017,26.21249962
15-06-2017,26.16699982
16-06-2017,26.10650063
19-06-2017,26.01650047
20-06-2017,25.98150063
21-06-2017,26.06800079
22-06-2017,26.10449982
23-06-2017,26.12299919
27-06-2017,26.07550049
28-06-2017,25.99200058
29-06-2017,25.83600044
30-06-2017,25.7689991
03-07-2017,25.67900085
04-07-2017,25.43950081
05-07-2017,25.41449928
06-07-2017,25.47649956
07-07-2017,25.38899994
10-07-2017,25.09900093
11-07-2017,25.15500069
12-07-2017,25.20949936
13-07-2017,25.2215004
14-07-2017,25.18000031
17-07-2017,25.37249947
18-07-2017,25.45350075
19-07-2017,25.50300026
20-07-2017,25.47249985
21-07-2017,25.61199951
24-07-2017,25.78149986
25-07-2017,25.67650032
26-07-2017,25.56500053
27-07-2017,25.77300072
28-07-2017,25.65449905
31-07-2017,25.70999908
01-08-2017,25.65699959
02-08-2017,25.60950089
03-08-2017,25.54599953
04-08-2017,25.80999947
07-08-2017,25.55349922
08-08-2017,25.58749962
09-08-2017,25.77149963
10-08-2017,25.96349907
11-08-2017,26.21899986
14-08-2017,26.03300095
16-08-2017,25.78149986
17-08-2017,26.14500046
18-08-2017,26.23200035
21-08-2017,26.01250076
22-08-2017,25.96500015
23-08-2017,25.99200058
24-08-2017,26.00699997
28-08-2017,26.29249954
29-08-2017,26.82749939
30-08-2017,26.625
31-08-2017,26.52599907
01-09-2017,26.81850052
04-09-2017,27.12800026
05-09-2017,27.04750061
06-09-2017,27.28149986
07-09-2017,27.16950035
08-09-2017,27.31599998
11-09-2017,27.08650017
12-09-2017,26.94750023
13-09-2017,27.07049942
14-09-2017,26.90049934
15-09-2017,26.98349953
18-09-2017,26.75900078
19-09-2017,26.73600006
20-09-2017,26.85000038
21-09-2017,26.70499992
22-09-2017,26.7215004
25-09-2017,26.7595005
26-09-2017,27.05800056
27-09-2017,26.86899948
28-09-2017,26.71949959
29-09-2017,26.66250038
03-10-2017,26.58349991
04-10-2017,26.53199959
05-10-2017,26.47699928
06-10-2017,26.4090004
09-10-2017,26.69300079
10-10-2017,26.76300049
11-10-2017,26.84149933
12-10-2017,26.95050049
13-10-2017,26.96549988
16-10-2017,26.89349937
17-10-2017,26.79050064
18-10-2017,26.60350037
19-10-2017,26.87350082
23-10-2017,26.55450058
24-10-2017,26.51650047
25-10-2017,26.46750069
26-10-2017,26.43149948
27-10-2017,26.2765007
30-10-2017,26.27899933
31-10-2017,26.37150002
01-11-2017,26.33550072
02-11-2017,26.27949905
03-11-2017,26.27099991
06-11-2017,26.15049934
07-11-2017,26.39049911
08-11-2017,26.41650009
09-11-2017,26.43700027
10-11-2017,26.52949905
13-11-2017,26.50749969
14-11-2017,26.43149948
15-11-2017,26.57600021
16-11-2017,26.41250038
17-11-2017,26.46450043
20-11-2017,26.6760006
21-11-2017,26.44499969
22-11-2017,26.45949936
23-11-2017,26.49900055
24-11-2017,26.5340004
27-11-2017,26.49349976
28-11-2017,26.48250008
29-11-2017,26.5
30-11-2017,26.30050087
01-12-2017,26.24650002
04-12-2017,26.11849976
05-12-2017,26.17399979
06-12-2017,26.05649948
07-12-2017,25.88949966
08-12-2017,25.63199997
11-12-2017,25.64550018
12-12-2017,25.63800049
13-12-2017,25.53499985
14-12-2017,25.74550056
15-12-2017,25.6439991
18-12-2017,25.63249969
19-12-2017,25.7215004
20-12-2017,25.73999977
21-12-2017,25.75449944
22-12-2017,25.79450035
26-12-2017,26.00300026
27-12-2017,26.16550064
28-12-2017,26.37249947
29-12-2017,26.26799965
01-01-2018,26.43600082
02-01-2018,26.46150017
03-01-2018,26.46299934
04-01-2018,26.39699936
05-01-2018,26.43950081
08-01-2018,26.47050095
09-01-2018,26.53899956
10-01-2018,26.51950073
11-01-2018,26.61800003
12-01-2018,26.78249931
15-01-2018,26.9489994
16-01-2018,27.05150032
17-01-2018,27.01449966
18-01-2018,26.82900047
19-01-2018,26.9470005
22-01-2018,26.90099907
23-01-2018,26.99550056
24-01-2018,27.13400078
25-01-2018,27.33300018
29-01-2018,27.14550018
30-01-2018,27.14749908
31-01-2018,27.0890007
01-02-2018,27.14249992
02-02-2018,27.35499954
05-02-2018,27.18449974
06-02-2018,27.3654995
07-02-2018,27.10050011
08-02-2018,26.78350067
09-02-2018,26.94149971
12-02-2018,27
14-02-2018,27.13100052
15-02-2018,27.47249985
16-02-2018,27.63400078
19-02-2018,27.56850052
20-02-2018,27.50300026
21-02-2018,27.31450081
22-02-2018,27.29249954
23-02-2018,27.31500053
26-02-2018,27.46150017
27-02-2018,27.43350029
28-02-2018,27.30249977
01-03-2018,27.18499947
05-03-2018,27.39999962
06-03-2018,27.29899979
07-03-2018,27.44050026
08-03-2018,27.34749985
09-03-2018,27.25200081
12-03-2018,27.20249939
13-03-2018,27.15600014
14-03-2018,27.2595005
15-03-2018,27.20350075
16-03-2018,27.16500092
19-03-2018,27.03549957
20-03-2018,27.15800095
21-03-2018,27.17399979
22-03-2018,27.35099983
23-03-2018,27.52499962
26-03-2018,27.54400063
27-03-2018,27.59049988
28-03-2018,27.45800018
02-04-2018,27.45249939
03-04-2018,27.51449966
04-04-2018,27.72200012
05-04-2018,27.3314991
06-04-2018,27.23150063
09-04-2018,27.37549973
10-04-2018,27.52799988
11-04-2018,27.76549911
12-04-2018,27.85899925
13-04-2018,27.70050049
16-04-2018,27.97750092
17-04-2018,28.01600075
18-04-2018,28.1704998
19-04-2018,28.1060009
20-04-2018,28.04700089
23-04-2018,28.01300049
24-04-2018,27.90699959
25-04-2018,28.02949905
26-04-2018,27.95549965
27-04-2018,27.90099907
30-04-2018,27.74900055
02-05-2018,27.7045002
03-05-2018,27.66749954
04-05-2018,27.74950027
07-05-2018,27.91200066
08-05-2018,27.78849983
09-05-2018,27.84499931
10-05-2018,28.13599968
11-05-2018,28.16950035
14-05-2018,28.17300034
15-05-2018,28.07049942
16-05-2018,27.66900063
17-05-2018,27.56100082
18-05-2018,27.70400047
21-05-2018,27.61199951
22-05-2018,27.77400017
23-05-2018,27.88299942
24-05-2018,27.90800095
25-05-2018,27.80900002
28-05-2018,27.62100029
29-05-2018,27.90950012
30-05-2018,27.74349976
31-05-2018,27.78199959
01-06-2018,27.64550018
04-06-2018,27.52750015
05-06-2018,27.42849922
06-06-2018,27.43700027
07-06-2018,27.54100037
08-06-2018,27.71949959
11-06-2018,27.56999969
12-06-2018,27.53750038
13-06-2018,27.58300018
14-06-2018,27.72599983
15-06-2018,27.74950027
18-06-2018,27.45199966
19-06-2018,27.55050087
20-06-2018,27.40250015
21-06-2018,27.22500038
22-06-2018,27.22999954
25-06-2018,27.3390007
26-06-2018,27.15500069
27-06-2018,27.31450081
28-06-2018,27.25799942
29-06-2018,27.13050079
02-07-2018,27.14450073
03-07-2018,27.20100021
04-07-2018,27.25200081
05-07-2018,27.25600052
06-07-2018,27.32649994
09-07-2018,27.35650063
10-07-2018,27.23699951
11-07-2018,27.21199989
12-07-2018,26.95750046
13-07-2018,26.8635006
16-07-2018,27.00149918
17-07-2018,26.86599922
18-07-2018,26.56800079
19-07-2018,26.60250092
20-07-2018,26.6420002
23-07-2018,26.82799911
24-07-2018,26.73150063
25-07-2018,26.75099945
26-07-2018,26.66600037
27-07-2018,26.54050064
30-07-2018,26.60350037
31-07-2018,26.50399971
01-08-2018,26.52099991
02-08-2018,26.44849968
03-08-2018,26.3409996
06-08-2018,26.35950089
07-08-2018,26.3845005
08-08-2018,26.34449959
09-08-2018,26.3314991
10-08-2018,26.37299919
13-08-2018,26.56399918
14-08-2018,26.44000053
16-08-2018,26.28899956
17-08-2018,26.21150017
20-08-2018,26.21649933
21-08-2018,26.38249969
23-08-2018,26.35099983
24-08-2018,26.42000008
27-08-2018,26.68849945
28-08-2018,26.94050026
29-08-2018,26.9034996
30-08-2018,26.98399925
31-08-2018,27.04750061
03-09-2018,26.88249969
04-09-2018,26.93400002
05-09-2018,26.9885006
06-09-2018,27.24449921
07-09-2018,27.09149933
10-09-2018,27.18300056
11-09-2018,27.29750061
12-09-2018,27.28100014
14-09-2018,27.18549919
17-09-2018,27.31649971
18-09-2018,27.4640007
19-09-2018,27.49850082
21-09-2018,27.39800072
24-09-2018,27.34399986
25-09-2018,27.34799957
26-09-2018,27.29649925
27-09-2018,27.24850082
28-09-2018,27.02799988
01-10-2018,27.16699982
03-10-2018,27.99349976
04-10-2018,27.78750038
05-10-2018,27.88150024
08-10-2018,27.73600006
09-10-2018,27.66150093
10-10-2018,27.72450066
11-10-2018,27.96800041
12-10-2018,28.1420002
15-10-2018,28.50149918
16-10-2018,28.29450035
17-10-2018,28.35199928
19-10-2018,28.56550026
22-10-2018,28.3579998
23-10-2018,28.49150085
24-10-2018,28.35050011
25-10-2018,28.36899948
26-10-2018,28.50200081
29-10-2018,28.35050011
30-10-2018,28.24099922
31-10-2018,28.37050056
01-11-2018,28.43149948
02-11-2018,28.20499992
05-11-2018,28.44099998
06-11-2018,28.31749916
07-11-2018,28.3029995
09-11-2018,28.00749969
12-11-2018,27.70400047
13-11-2018,27.69000053
14-11-2018,27.70000076
15-11-2018,27.61499977
16-11-2018,27.5114994
19-11-2018,27.53300095
20-11-2018,27.53100014
21-11-2018,27.51350021
22-11-2018,27.50200081
26-11-2018,27.29299927
27-11-2018,27.24799919
28-11-2018,27.01049995
29-11-2018,27.11100006
30-11-2018,26.98550034
03-12-2018,27.26350021
04-12-2018,27.5454998
05-12-2018,27.38750076
06-12-2018,27.63199997
07-12-2018,27.5265007
10-12-2018,28.10099983
11-12-2018,28.18199921
12-12-2018,28.0454998
13-12-2018,27.93300056
14-12-2018,27.86599922
17-12-2018,27.8220005
18-12-2018,27.71699905
19-12-2018,27.57349968
20-12-2018,27.58449936
21-12-2018,27.73250008
24-12-2018,27.87700081
26-12-2018,27.98550034
27-12-2018,28.0454998
28-12-2018,28.14949989
31-12-2018,28.02050018
01-01-2019,28.1779995
02-01-2019,28.28849983
03-01-2019,28.47050095
04-01-2019,28.29800034
07-01-2019,28.22450066
08-01-2019,28.16399956
09-01-2019,28.33600044
10-01-2019,28.57900047
11-01-2019,28.5340004
14-01-2019,28.61000061
15-01-2019,28.62100029
16-01-2019,28.71349907
17-01-2019,28.81299973
18-01-2019,28.64800072
21-01-2019,28.58250046
22-01-2019,28.72699928
23-01-2019,28.73150063
24-01-2019,28.58650017
25-01-2019,28.66950035
28-01-2019,28.98250008
29-01-2019,29.16699982
30-01-2019,29.23600006
31-01-2019,29.3484993
01-02-2019,29.46750069
04-02-2019,29.46549988
05-02-2019,29.50499916
06-02-2019,29.63999939
07-02-2019,29.29400063
08-02-2019,29.2140007
11-02-2019,29.3010006
12-02-2019,29.20549965
14-02-2019,29.20549965
15-02-2019,29.46699905
18-02-2019,29.69499969
19-02-2019,29.77149963
20-02-2019,29.9204998
21-02-2019,29.68600082
22-02-2019,29.50499916
25-02-2019,29.56900024
26-02-2019,29.53650093
27-02-2019,29.59600067
28-02-2019,29.50250053
01-03-2019,29.0739994
05-03-2019,28.47550011
06-03-2019,28.52099991
07-03-2019,28.32449913
08-03-2019,28.46850014
11-03-2019,28.50200081
12-03-2019,28.35849953
13-03-2019,28.59550095
14-03-2019,28.35950089
15-03-2019,28.34900093
18-03-2019,28.11450005
19-03-2019,28.34550095
20-03-2019,28.13299942
22-03-2019,28.39100075
25-03-2019,28.39349937
26-03-2019,28.34600067
27-03-2019,28.38199997
28-03-2019,28.25149918
01-04-2019,28.09250069
02-04-2019,27.99600029
03-04-2019,27.88299942
04-04-2019,28.03949928
05-04-2019,28.03499985
08-04-2019,28.29750061
09-04-2019,28.25499916
10-04-2019,28.27899933
11-04-2019,28.21649933
12-04-2019,28.17399979
15-04-2019,28.01950073
16-04-2019,28.03949928
18-04-2019,27.93050003
22-04-2019,28.00049973
23-04-2019,27.96649933
24-04-2019,27.95700073
25-04-2019,28.19449997
26-04-2019,28.15649986
30-04-2019,28.15250015
02-05-2019,27.81150055
03-05-2019,27.78100014
06-05-2019,28.00749969
07-05-2019,28.02249908
08-05-2019,28.06299973
09-05-2019,28.11499977
10-05-2019,28.10950089
13-05-2019,28.2614994
14-05-2019,28.55400085
15-05-2019,28.57099915
16-05-2019,28.36750031
17-05-2019,28.26449966
20-05-2019,27.89500046
21-05-2019,27.92449951
22-05-2019,27.89500046
23-05-2019,28.01499939
24-05-2019,27.99250031
27-05-2019,28.09600067
28-05-2019,28.10099983
29-05-2019,28.20199966
30-05-2019,28.04000092
31-05-2019,28.38199997
03-06-2019,28.53450012
04-06-2019,28.64450073
06-06-2019,28.95149994
07-06-2019,28.90649986
10-06-2019,28.7954998
11-06-2019,28.60050011
12-06-2019,28.78300095
13-06-2019,28.82600021
14-06-2019,29.24200058
17-06-2019,28.9375
18-06-2019,29.04750061
19-06-2019,29.0170002
20-06-2019,29.75900078
21-06-2019,29.76499939
24-06-2019,30.00699997
25-06-2019,30.41699982
26-06-2019,29.84749985
27-06-2019,29.78350067
28-06-2019,29.97949982
01-07-2019,29.58600044
02-07-2019,29.62800026
03-07-2019,30.15049934
04-07-2019,29.94499969
05-07-2019,30.24600029
08-07-2019,30.2935009
09-07-2019,30.02199936
10-07-2019,30.16200066
11-07-2019,30.58749962
12-07-2019,30.32799911
15-07-2019,30.51499939
16-07-2019,30.54649925
17-07-2019,30.48649979
18-07-2019,30.96249962
19-07-2019,31.18350029
22-07-2019,30.86450005
23-07-2019,30.78350067
24-07-2019,30.82600021
25-07-2019,30.83550072
26-07-2019,30.68449974
29-07-2019,30.66900063
30-07-2019,30.78949928
31-07-2019,30.65649986
01-08-2019,30.45549965
02-08-2019,31.27000046
05-08-2019,31.97100067
06-08-2019,32.17100143
07-08-2019,32.65100098
08-08-2019,32.60449982
09-08-2019,32.7254982
13-08-2019,33.30550003
14-08-2019,32.77700043
16-08-2019,32.90299988
19-08-2019,32.94300079
20-08-2019,33.1855011
21-08-2019,32.94950104
22-08-2019,33.19950104
23-08-2019,33.09149933
26-08-2019,33.96049881
27-08-2019,33.94900131
28-08-2019,34.21149826
29-08-2019,34.22249985
30-08-2019,33.79949951
03-09-2019,34.45199966
04-09-2019,34.57649994
05-09-2019,34.51399994
06-09-2019,33.5245018
09-09-2019,33.68700027
11-09-2019,33.33150101
12-09-2019,33.14799881
13-09-2019,33.12350082
16-09-2019,33.25
17-09-2019,33.36399841
18-09-2019,33.11949921
19-09-2019,32.79800034
20-09-2019,32.81800079
23-09-2019,33.08250046
24-09-2019,33.08649826
25-09-2019,33.34500122
26-09-2019,32.98649979
27-09-2019,33.02149963
30-09-2019,32.97249985
01-10-2019,32.64049911
03-10-2019,33.35400009
04-10-2019,33.64049911
07-10-2019,33.60350037
09-10-2019,33.72249985
10-10-2019,33.82799911
11-10-2019,33.66149902
14-10-2019,33.74649811
15-10-2019,33.92499924
16-10-2019,33.73450089
17-10-2019,33.78749847
18-10-2019,33.76300049
22-10-2019,33.66500092
23-10-2019,33.79299927
24-10-2019,33.70149994
25-10-2019,34.28150177
27-10-2019,34.13399887
29-10-2019,33.71049881
30-10-2019,33.65999985
31-10-2019,34.06549835
01-11-2019,34.18000031
04-11-2019,34.18700027
05-11-2019,34.09149933
06-11-2019,33.86199951
07-11-2019,33.78699875
08-11-2019,33.50450134
11-11-2019,33.5530014
13-11-2019,33.82550049
14-11-2019,33.84149933
15-11-2019,33.53850174
18-11-2019,33.43000031
19-11-2019,33.70849991
20-11-2019,33.85300064
21-11-2019,33.70299911
22-11-2019,33.70700073
25-11-2019,33.38850021
26-11-2019,33.32149887
27-11-2019,33.28699875
28-11-2019,33.33649826
29-11-2019,33.41350174
02-12-2019,33.40850067
03-12-2019,33.48450089
04-12-2019,33.75650024
05-12-2019,33.66550064
06-12-2019,33.62200165
09-12-2019,33.23550034
10-12-2019,33.20650101
11-12-2019,33.27199936
12-12-2019,33.28749847
13-12-2019,33.22050095
16-12-2019,33.44300079
17-12-2019,33.50299835
18-12-2019,33.59600067
19-12-2019,0.335500002
20-12-2019,0.336499989
23-12-2019,33.65000153
24-12-2019,33.75
26-12-2019,34
27-12-2019,34.15000153
30-12-2019,34.29999924
31-12-2019,34.45000076
01-01-2020,34.34999847
02-01-2020,34.34999847
03-01-2020,35.40000153
06-01-2020,36.15000153
07-01-2020,35.5
08-01-2020,36.09999847
09-01-2020,35.04999924
10-01-2020,34.95000076
13-01-2020,34.75
14-01-2020,34.75
15-01-2020,35.04999924
16-01-2020,35
17-01-2020,34.95000076
20-01-2020,35.22999954
21-01-2020,35.13000107
22-01-2020,35.29000092
23-01-2020,35.20999908
24-01-2020,35.40000153
27-01-2020,35.84999847
28-01-2020,35.72000122
29-01-2020,35.61000061
30-01-2020,35.93000031
31-01-2020,35.86999893
03-02-2020,35.90999985
04-02-2020,35.58000183
05-02-2020,35.31000137
06-02-2020,35.58000183
07-02-2020,35.70000076
10-02-2020,35.95000076
11-02-2020,35.81999969
12-02-2020,35.75999832
13-02-2020,35.95000076
14-02-2020,35.84999847
17-02-2020,35.93000031
18-02-2020,36.13999939
19-02-2020,36.70999908
20-02-2020,36.81999969
24-02-2020,38.58000183
25-02-2020,37.43999863
26-02-2020,37.52000046
27-02-2020,37.38000107
28-02-2020,37.36999893
02-03-2020,37.02999878
03-03-2020,37.11999893
04-03-2020,38.09999847
05-03-2020,38.04000092
06-03-2020,39.04999924
09-03-2020,38.45999908
11-03-2020,38.18000031
12-03-2020,37.95999908
13-03-2020,36.61999893
16-03-2020,35.66999817
17-03-2020,34.83000183
18-03-2020,35.43999863
19-03-2020,35.20999908
20-03-2020,36.11000061
23-03-2020,35.02000046
24-03-2020,36.38999939
25-03-2020,36.99000168
26-03-2020,36.72000122
27-03-2020,38.16999817
30-03-2020,39.74000168
31-03-2020,38.20999908
01-04-2020,38.24000168
03-04-2020,38.79000092
07-04-2020,39.66999817
08-04-2020,39.79000092
09-04-2020,40.79000092
13-04-2020,42.49000168
15-04-2020,42.66999817
16-04-2020,43.25999832
17-04-2020,42.47000122
20-04-2020,41.54999924
21-04-2020,42.04999924
22-04-2020,42.61000061
23-04-2020,42.61000061
24-04-2020,42.68999863
27-04-2020,42.56000137
28-04-2020,42.68000031
29-04-2020,42.36999893
30-04-2020,42.56999969
04-05-2020,42.72999954
05-05-2020,41.54000092
06-05-2020,41.36000061
07-05-2020,41.06000137
08-05-2020,41.50999832
11-05-2020,41.16999817
12-05-2020,41.24000168
13-05-2020,40.97000122
14-05-2020,41.49000168
15-05-2020,41.79999924
18-05-2020,42.54000092
19-05-2020,41.36999893
20-05-2020,41.88000107
21-05-2020,41.43000031
22-05-2020,41.65000153
26-05-2020,41.20000076
27-05-2020,40.65000153
28-05-2020,41.18999863
29-05-2020,40.99000168
01-06-2020,41.20999908
02-06-2020,41.18000031
03-06-2020,40.88000107
04-06-2020,40.81000137
05-06-2020,41.18999863
08-06-2020,40.65000153
09-06-2020,41
10-06-2020,41.20999908
11-06-2020,41.72999954
12-06-2020,41.79999924
15-06-2020,41.40999985
16-06-2020,41.84999847
17-06-2020,41.65000153
18-06-2020,41.84000015
19-06-2020,41.74000168
22-06-2020,42.29000092
23-06-2020,42.22000122
24-06-2020,42.70000076
25-06-2020,42.31000137
26-06-2020,42.33000183
29-06-2020,42.49000168
30-06-2020,42.61000061
01-07-2020,43
02-07-2020,42.24000168
03-07-2020,42.20000076
06-07-2020,42.27000046
07-07-2020,42.41999817
08-07-2020,43.00999832
09-07-2020,43.33000183
10-07-2020,43.20000076
13-07-2020,43.25999832
14-07-2020,43.11999893
15-07-2020,43.22000122
16-07-2020,43.11999893
17-07-2020,42.88000107
20-07-2020,43.06999969
21-07-2020,43.25999832
22-07-2020,43.88000107
23-07-2020,44.5
24-07-2020,44.91999817
27-07-2020,46.45000076
28-07-2020,46.00999832
29-07-2020,46.52000046
30-07-2020,46.54999924
31-07-2020,47.13999939
03-08-2020,47.29000092
04-08-2020,47.25999832
05-08-2020,48.50999832
06-08-2020,48.90000153
07-08-2020,49.16999817
10-08-2020,48.40000153
11-08-2020,47.29999924
12-08-2020,45.68000031
13-08-2020,45.99000168
14-08-2020,46.31999969
17-08-2020,46.15000153
18-08-2020,47.31000137
19-08-2020,46.88000107
20-08-2020,45.68000031
21-08-2020,45.72000122
24-08-2020,45.5
25-08-2020,44.93000031
26-08-2020,44.79999924
27-08-2020,45.04999924
28-08-2020,45.09999847
31-08-2020,45.34000015
01-09-2020,45.45999908
02-09-2020,45
03-09-2020,44.43999863
04-09-2020,44.72000122
07-09-2020,44.75
08-09-2020,44.81999969
09-09-2020,44.93999863
10-09-2020,45.22000122
11-09-2020,45.16999817
14-09-2020,45.02999878
15-09-2020,45.56000137
16-09-2020,45.38000107
17-09-2020,44.97999954
18-09-2020,45.31999969
21-09-2020,45
22-09-2020,44.25999832
23-09-2020,43.97999954
24-09-2020,43.36000061
25-09-2020,43.61999893
28-09-2020,43.31000137
29-09-2020,44.15000153
30-09-2020,44.18000031
01-10-2020,44.09999847
05-10-2020,44.18000031
06-10-2020,44.61000061
07-10-2020,43.95000076
08-10-2020,44
09-10-2020,44.40000153
12-10-2020,44.79000092
13-10-2020,44.72000122
14-10-2020,44.15000153
15-10-2020,44.29999924
16-10-2020,44.49000168
19-10-2020,44.52000046
20-10-2020,44.43999863
21-10-2020,44.79000092
22-10-2020,44.79000092
23-10-2020,44.65000153
26-10-2020,44.54999924
27-10-2020,44.52000046
28-10-2020,44.61000061
29-10-2020,44.34999847
30-10-2020,44.31999969
02-11-2020,44.61999893
03-11-2020,44.79999924
04-11-2020,44.84000015
05-11-2020,44.91999817
06-11-2020,45.61000061
09-11-2020,45.83000183
10-11-2020,43.97999954
11-11-2020,44.20000076
12-11-2020,44.25999832
13-11-2020,44.34000015
14-11-2020,44.70999908
17-11-2020,44.50999832
18-11-2020,44.18000031
19-11-2020,43.83000183
20-11-2020,43.81000137
23-11-2020,43.88000107
24-11-2020,42.77999878
25-11-2020,42.68000031
26-11-2020,42.93999863
27-11-2020,42.84000015
01-12-2020,42.29000092
02-12-2020,42.83000183
03-12-2020,43.06999969
04-12-2020,43.06000137
07-12-2020,42.75999832
08-12-2020,43.34000015
09-12-2020,43.18000031
10-12-2020,42.65000153
11-12-2020,42.70999908
14-12-2020,42.56000137
15-12-2020,42.81999969
16-12-2020,43.33000183
17-12-2020,43.66999817
18-12-2020,43.72999954
21-12-2020,44.15999985
22-12-2020,43.70000076
23-12-2020,43.58000183
24-12-2020,43.72999954
28-12-2020,43.84999847
29-12-2020,43.68000031
30-12-2020,43.58000183
31-12-2020,43.75
01-01-2021,43.81000137
04-01-2021,44.52000046
05-01-2021,44.97000122
06-01-2021,45.15999985
07-01-2021,44.40999985
08-01-2021,43.83000183
11-01-2021,43.02999878
12-01-2021,43.22999954
13-01-2021,43.06999969
14-01-2021,42.70000076
15-01-2021,43.02999878
18-01-2021,42.54000092
19-01-2021,42.79000092
20-01-2021,42.99000168
21-01-2021,43.22000122
22-01-2021,43.04000092
25-01-2021,42.79000092
27-01-2021,42.56000137
28-01-2021,42.54000092
29-01-2021,42.65000153
01-02-2021,42.34000015
02-02-2021,41.91999817
03-02-2021,41.68999863
04-02-2021,41.33000183
05-02-2021,41.13000107
08-02-2021,41.27999878
09-02-2021,41.84999847
10-02-2021,41.75999832
11-02-2021,41.75999832
12-02-2021,41.20000076
15-02-2021,41.18999863
16-02-2021,41.34999847
17-02-2021,40.52000046
18-02-2021,40.47000122
19-02-2021,40.09999847
22-02-2021,40.43000031
23-02-2021,40.66999817
24-02-2021,40.61999893
25-02-2021,40.33000183
26-02-2021,40.25
01-03-2021,39.95999908
02-03-2021,39.52000046
03-03-2021,39.33000183
04-03-2021,38.93000031
05-03-2021,38.66999817
08-03-2021,38.70000076
09-03-2021,38.84999847
10-03-2021,38.95000076
12-03-2021,38.63000107
15-03-2021,39.06000137
16-03-2021,39.02999878
17-03-2021,39.13999939
18-03-2021,39.16999817
19-03-2021,39.22999954
22-03-2021,38.84999847
23-03-2021,38.91999817
24-03-2021,38.88000107
25-03-2021,38.88999939
26-03-2021,38.79000092
30-03-2021,38.38000107
31-03-2021,38.16999817
01-04-2021,39.09999847
05-04-2021,39.33000183
06-04-2021,39.49000168
07-04-2021,40.11000061
08-04-2021,40.27999878
09-04-2021,40.45000076
12-04-2021,40.49000168
13-04-2021,40.50999832
15-04-2021,40.72000122
16-04-2021,40.83000183
19-04-2021,41.52999878
20-04-2021,41.09999847
22-04-2021,41.47999954
23-04-2021,41.52000046
26-04-2021,41.22999954
27-04-2021,41.08000183
28-04-2021,40.63999939
29-04-2021,40.72000122
30-04-2021,40.59000015
03-05-2021,40.68999863
04-05-2021,40.75
05-05-2021,40.52999878
06-05-2021,40.81999969
07-05-2021,41.24000168
10-05-2021,41.45999908
11-05-2021,41.40000153
12-05-2021,41.38999939
14-05-2021,41.49000168
17-05-2021,41.83000183
18-05-2021,42.09000015
19-05-2021,41.93999863
20-05-2021,42.13000107
21-05-2021,42.16999817
24-05-2021,42.20000076
25-05-2021,42.11999893
26-05-2021,42.63999939
27-05-2021,42.38999939
28-05-2021,42.22000122
31-05-2021,42.59000015
01-06-2021,42.83000183
02-06-2021,42.56999969
03-06-2021,42.50999832
04-06-2021,42.11999893
07-06-2021,42.27999878
08-06-2021,42.40999985
09-06-2021,42.5
10-06-2021,42.34999847
11-06-2021,42.63000107
14-06-2021,42.02999878
15-06-2021,42.04999924
16-06-2021,42.09000015
17-06-2021,41.34999847
18-06-2021,40.95999908
21-06-2021,40.95000076
22-06-2021,40.93000031
23-06-2021,41
24-06-2021,40.90000153
25-06-2021,40.95000076
28-06-2021,40.81999969
29-06-2021,40.72999954
30-06-2021,40.52000046
01-07-2021,40.90999985
02-07-2021,41.15000153
05-07-2021,41.20000076
06-07-2021,41.61000061
07-07-2021,41.72000122
08-07-2021,41.74000168
09-07-2021,41.58000183
12-07-2021,41.5
13-07-2021,41.52000046
14-07-2021,41.63999939
15-07-2021,41.97999954
16-07-2021,41.84999847
19-07-2021,41.61999893
20-07-2021,41.68999863
22-07-2021,41.29999924
23-07-2021,41.36000061
26-07-2021,41.40000153
27-07-2021,41.34999847
28-07-2021,41.36999893
29-07-2021,41.68000031
30-07-2021,41.91999817
02-08-2021,41.52999878
03-08-2021,41.47999954
04-08-2021,41.52999878
05-08-2021,41.56000137
06-08-2021,41.29999924
09-08-2021,40.36000061
10-08-2021,40.22000122
11-08-2021,40.25999832
12-08-2021,40.56000137
13-08-2021,40.5
16-08-2021,40.77999878
17-08-2021,41.18000031
18-08-2021,41.02999878
20-08-2021,40.97000122
23-08-2021,41.00999832
24-08-2021,41.18000031
25-08-2021,41.04000092
26-08-2021,40.79999924
27-08-2021,40.86000061
30-08-2021,41.00999832
31-08-2021,40.83000183
01-09-2021,40.83000183
02-09-2021,40.91999817
03-09-2021,40.91999817
06-09-2021,41.20999908
07-09-2021,41.06000137
08-09-2021,40.88000107
09-09-2021,40.79000092
13-09-2021,40.72000122
14-09-2021,40.72999954
15-09-2021,40.95999908
16-09-2021,40.52000046
17-09-2021,40.20000076
20-09-2021,40.16999817
21-09-2021,40.22999954
22-09-2021,40.59999847
23-09-2021,40.34000015
24-09-2021,40.04999924
27-09-2021,40.00999832
28-09-2021,39.93999863
29-09-2021,40.02000046
30-09-2021,39.72000122
01-10-2021,40.20999908
04-10-2021,40.24000168
05-10-2021,40.34999847
06-10-2021,40.45000076
07-10-2021,40.54999924
08-10-2021,40.54000092
11-10-2021,40.70000076
12-10-2021,40.84000015
13-10-2021,40.91999817
14-10-2021,41.52000046
18-10-2021,40.97999954
19-10-2021,41.20000076
20-10-2021,41.06000137
21-10-2021,41.16999817
22-10-2021,41.29000092
25-10-2021,41.58000183
26-10-2021,41.65999985
27-10-2021,41.33000183
28-10-2021,41.56999969
29-10-2021,41.5
01-11-2021,41.27999878
02-11-2021,41.45000076
03-11-2021,41.09999847
04-11-2021,41.36000061
08-11-2021,41.5
09-11-2021,41.66999817
10-11-2021,41.79000092
11-11-2021,42.70000076
12-11-2021,42.45000076
15-11-2021,42.65000153
16-11-2021,42.79999924
17-11-2021,42.54000092
18-11-2021,42.61000061
22-11-2021,42.22999954
23-11-2021,41.34000015
24-11-2021,41.20000076
25-11-2021,41.29999924
26-11-2021,41.77000046
29-11-2021,41.61999893
30-11-2021,41.50999832
01-12-2021,41.20999908
02-12-2021,40.97999954
03-12-2021,40.91999817
06-12-2021,41.29999924
07-12-2021,41.22000122
08-12-2021,41.47000122
09-12-2021,41.34999847
10-12-2021,41.27000046
13-12-2021,41.54999924
14-12-2021,41.54999924
15-12-2021,41.47000122
16-12-2021,41.72000122
17-12-2021,42.13999939
20-12-2021,41.86000061
21-12-2021,41.68999863
22-12-2021,41.52000046
23-12-2021,41.68999863
24-12-2021,41.70999908
27-12-2021,41.59000015
28-12-2021,41.61000061
29-12-2021,41.5
30-12-2021,41.22000122
31-12-2021,41.47999954
03-01-2022,41.72999954
04-01-2022,41.45999908
05-01-2022,41.56000137
06-01-2022,41.24000168
07-01-2022,41.09000015
10-01-2022,41.06999969
11-01-2022,41.20999908
12-01-2022,41.33000183
13-01-2022,41.41999817
14-01-2022,41.52999878
17-01-2022,41.52999878
18-01-2022,41.52000046
19-01-2022,41.59999847
20-01-2022,42.04999924
21-01-2022,41.84000015
24-01-2022,42.04000092
25-01-2022,42.06000137
27-01-2022,41.81999969
28-01-2022,41.43000031
31-01-2022,41.25
01-02-2022,41.54999924
02-02-2022,41.50999832
03-02-2022,41.56000137
04-02-2022,41.59999847
07-02-2022,41.63000107
08-02-2022,41.81999969
09-02-2022,41.99000168
10-02-2022,42.16999817
11-02-2022,42.18999863
14-02-2022,42.95999908
15-02-2022,42.72000122
16-02-2022,42.63999939
17-02-2022,43.38999939
18-02-2022,43.18000031
21-02-2022,43.09999847
22-02-2022,43.38000107
23-02-2022,43.09000015
24-02-2022,44.61999893
25-02-2022,43.61999893
28-02-2022,43.59000015
02-03-2022,44.38999939
03-03-2022,44.40000153
04-03-2022,44.65000153
07-03-2022,46
08-03-2022,45.93000031
09-03-2022,45.65999985
10-03-2022,44.79999924
11-03-2022,45.27999878
14-03-2022,44.63999939
15-03-2022,44.33000183
16-03-2022,44.22999954
17-03-2022,44.22999954
21-03-2022,44.13999939
22-03-2022,44.31999969
23-03-2022,44.41999817
24-03-2022,44.58000183
25-03-2022,44.79000092
28-03-2022,44.49000168
29-03-2022,44.18000031
30-03-2022,44.11000061
31-03-2022,44.11999893
01-04-2022,44.56999969
04-04-2022,44.22000122
05-04-2022,44.31000137
06-04-2022,44.49000168
07-04-2022,44.63999939
08-04-2022,44.65999985
11-04-2022,45.22000122
12-04-2022,45.20000076
13-04-2022,45.72999954
18-04-2022,46.18999863
19-04-2022,45.97999954
20-04-2022,45.22000122
21-04-2022,45.20999908
22-04-2022,45.33000183
25-04-2022,44.90000153
26-04-2022,44.63999939
27-04-2022,44.43000031
28-04-2022,44.33000183
29-04-2022,44.79000092
02-05-2022,44.15999985
04-05-2022,43.97999954
05-05-2022,44.54000092
06-05-2022,44.54999924
09-05-2022,44.41999817
10-05-2022,44.25999832
11-05-2022,44.06000137
12-05-2022,44.02000046
13-05-2022,43.41999817
16-05-2022,43.13999939
17-05-2022,43.54000092
18-05-2022,43.38999939
19-05-2022,43.59000015
20-05-2022,43.91999817
23-05-2022,44.25
24-05-2022,44.06999969
25-05-2022,44.11999893
26-05-2022,43.86999893
27-05-2022,44.08000183
30-05-2022,43.97999954
31-05-2022,43.95000076
01-06-2022,43.52000046
02-06-2022,43.97999954
03-06-2022,44.15000153
06-06-2022,44
07-06-2022,43.86000061
08-06-2022,43.88000107
09-06-2022,43.95000076
10-06-2022,43.81000137
13-06-2022,44.18999863
14-06-2022,43.56999969
15-06-2022,43.61000061
16-06-2022,43.72000122
17-06-2022,44.08000183
20-06-2022,43.81999969
21-06-2022,43.77999878
22-06-2022,43.68000031
23-06-2022,43.75999832
24-06-2022,43.65999985
27-06-2022,43.86999893
28-06-2022,43.79999924
29-06-2022,43.75999832
30-06-2022,43.75999832
01-07-2022,44.36000061
04-07-2022,44.68000031
05-07-2022,44.79999924
06-07-2022,44.16999817
07-07-2022,43.59000015
08-07-2022,43.56999969
11-07-2022,43.56000137
12-07-2022,43.61999893
13-07-2022,43.43999863
14-07-2022,43.29999924
15-07-2022,43.11000061
18-07-2022,43.54999924
19-07-2022,43.38999939
20-07-2022,43.38999939
21-07-2022,43.02999878
22-07-2022,43.68999863
25-07-2022,43.59999847
26-07-2022,43.45999908
27-07-2022,43.56999969
28-07-2022,44.02000046
29-07-2022,44.06000137
01-08-2022,44.22000122
02-08-2022,44.18000031
03-08-2022,44.18999863
04-08-2022,44.65999985
05-08-2022,44.72000122
08-08-2022,44.61999893
10-08-2022,44.86999893
11-08-2022,44.90999985
12-08-2022,45
16-08-2022,44.65000153
17-08-2022,44.59999847
18-08-2022,44.54999924
19-08-2022,44.41999817
22-08-2022,43.99000168
23-08-2022,44.15000153
24-08-2022,44.33000183
25-08-2022,44.63999939
26-08-2022,44.29999924
29-08-2022,43.84999847
30-08-2022,43.90000153
01-09-2022,43.34999847
02-09-2022,43.36999893
05-09-2022,43.54000092
06-09-2022,43.5
07-09-2022,43.40999985
08-09-2022,43.59999847
09-09-2022,43.65999985
12-09-2022,43.59999847
13-09-2022,43.5
14-09-2022,43.18000031
15-09-2022,43.04999924
16-09-2022,42.25999832
19-09-2022,42.34000015
20-09-2022,42.49000168
21-09-2022,42.70000076
22-09-2022,42.99000168
23-09-2022,42.81999969
26-09-2022,42.63999939
27-09-2022,42.41999817
28-09-2022,42.29999924
29-09-2022,42.90000153
30-09-2022,43.15999985
03-10-2022,43.13999939
04-10-2022,44.04999924
06-10-2022,44.27999878
07-10-2022,44.49000168
10-10-2022,43.72999954
11-10-2022,43.41999817
12-10-2022,43.59000015
13-10-2022,43.68999863
14-10-2022,43.25999832
17-10-2022,43.24000168
18-10-2022,43.11999893
19-10-2022,43.18999863
20-10-2022,43.04000092
21-10-2022,42.72999954
24-10-2022,43.47999954
25-10-2022,43.16999817
27-10-2022,43.45999908
28-10-2022,43.27999878
31-10-2022,43.22999954
01-11-2022,43.31000137
02-11-2022,43.5
03-11-2022,43
04-11-2022,43.29000092
07-11-2022,43.74000168
09-11-2022,43.97000122
10-11-2022,44.18000031
11-11-2022,44.75999832
14-11-2022,44.81999969
15-11-2022,45.15000153
16-11-2022,45.34999847
17-11-2022,45.16999817
18-11-2022,45.25999832
21-11-2022,44.79999924
22-11-2022,44.90000153
23-11-2022,44.77000046
24-11-2022,45.04000092
25-11-2022,44.97999954
28-11-2022,45.11999893
29-11-2022,45.09999847
30-11-2022,45.09999847
01-12-2022,45.36999893
02-12-2022,45.88000107
05-12-2022,46.09000015
06-12-2022,45.81999969
07-12-2022,45.84000015
08-12-2022,46.06000137
09-12-2022,46.11000061
12-12-2022,46.18999863
13-12-2022,46.15999985
14-12-2022,46.54000092
15-12-2022,46.02999878
16-12-2022,46.09999847
19-12-2022,46.41999817
20-12-2022,46.75
21-12-2022,46.86000061
22-12-2022,46.86999893
23-12-2022,46.68999863
26-12-2022,46.68999863
27-12-2022,46.86999893
28-12-2022,46.54999924
29-12-2022,46.61000061
30-12-2022,46.79000092
02-01-2023,47.16999817
03-01-2023,47.63000107
04-01-2023,48.06999969
05-01-2023,47.77999878
06-01-2023,47.5
09-01-2023,48.11000061
10-01-2023,47.95999908
11-01-2023,48.02000046
12-01-2023,47.95000076
13-01-2023,48.22999954
16-01-2023,48.70000076
17-01-2023,48.5
18-01-2023,48.45999908
19-01-2023,48.5
20-01-2023,48.75999832
23-01-2023,48.77000046
24-01-2023,48.90999985
25-01-2023,48.75999832
27-01-2023,48.77999878
30-01-2023,48.77000046
31-01-2023,48.66999817
01-02-2023,49.40999985
02-02-2023,50.47000122
03-02-2023,49.41999817
06-02-2023,49.04000092
07-02-2023,49.06999969
08-02-2023,49.20000076
09-02-2023,49.11000061
10-02-2023,48.65999985
13-02-2023,48.66999817
14-02-2023,48.79000092
15-02-2023,48.15999985
16-02-2023,48.18000031
17-02-2023,47.95000076
20-02-2023,48.38000107
21-02-2023,48.25999832
22-02-2023,48.15999985
23-02-2023,47.86000061
24-02-2023,47.77999878
27-02-2023,47.43999863
28-02-2023,47.40999985
01-03-2023,47.77000046
02-03-2023,47.81000137
03-03-2023,47.81999969
06-03-2023,47.83000183
08-03-2023,47.11999893
09-03-2023,47.06999969
10-03-2023,47.43000031
13-03-2023,48.81999969
14-03-2023,49.13000107
15-03-2023,48.93000031
16-03-2023,49.70000076
17-03-2023,49.75
20-03-2023,50.90999985
21-03-2023,50.47999954
22-03-2023,50.04000092
23-03-2023,50.36000061
24-03-2023,50.90000153
27-03-2023,50.40000153
28-03-2023,50.40999985
29-03-2023,50.68999863
31-03-2023,51.06999969
03-04-2023,50.79999924
05-04-2023,51.86000061
06-04-2023,51.81000137
10-04-2023,51.38000107
11-04-2023,51.54999924
12-04-2023,51.72000122
13-04-2023,51.93999863
17-04-2023,51.70000076
18-04-2023,51.52000046
19-04-2023,51.11999893
20-04-2023,51.63999939
21-04-2023,51.29000092
24-04-2023,51.25999832
25-04-2023,51.31999969
26-04-2023,51.47999954
27-04-2023,51.47000122
28-04-2023,51.25
02-05-2023,51.31000137
03-05-2023,52.06000137
04-05-2023,52.50999832
05-05-2023,52.5
08-05-2023,52.16999817
09-05-2023,52.36999893
10-05-2023,52.43000031
11-05-2023,52.36999893
12-05-2023,51.90999985
15-05-2023,52.27999878
16-05-2023,52.04999924
17-05-2023,51.61999893
18-05-2023,51.59000015
19-05-2023,51.43999863
22-05-2023,51.97999954
23-05-2023,51.43000031
24-05-2023,51.75
25-05-2023,51.45000076
26-05-2023,51.33000183
29-05-2023,51.18000031
30-05-2023,51.13999939
31-05-2023,51.13000107
01-06-2023,50.99000168
02-06-2023,51.31999969
05-06-2023,50.72000122
06-06-2023,51.06999969
07-06-2023,50.99000168
08-06-2023,50.70000076
09-06-2023,50.95999908
12-06-2023,50.93000031
13-06-2023,50.88999939
14-06-2023,50.56000137
15-06-2023,50.15999985
16-06-2023,50.65999985
19-06-2023,50.52999878
20-06-2023,50.49000168
21-06-2023,50.09000015
22-06-2023,49.86000061
23-06-2023,49.75
26-06-2023,49.99000168
27-06-2023,49.79999924
28-06-2023,49.54999924
30-06-2023,49.31000137
03-07-2023,49.56000137
04-07-2023,49.88000107
05-07-2023,49.97999954
06-07-2023,49.90000153
07-07-2023,50.02000046
10-07-2023,50.02999878
11-07-2023,50.15999985
12-07-2023,50.09999847
13-07-2023,50.52000046
14-07-2023,50.59000015
17-07-2023,50.49000168
18-07-2023,50.65999985
19-07-2023,51.02000046
20-07-2023,51.08000183
21-07-2023,50.65000153
24-07-2023,50.65000153
25-07-2023,50.58000183
26-07-2023,50.84000015
27-07-2023,50.93000031
28-07-2023,50.66999817
31-07-2023,50.65999985
01-08-2023,50.68999863
02-08-2023,50.68000031
03-08-2023,50.54000092
04-08-2023,50.5
07-08-2023,50.49000168
08-08-2023,50.56000137
09-08-2023,50.36999893
10-08-2023,50.22999954
11-08-2023,50.13000107
14-08-2023,50.09000015
16-08-2023,50.11000061
17-08-2023,49.81999969
18-08-2023,49.75
21-08-2023,49.68000031
22-08-2023,49.90000153
23-08-2023,49.81000137
24-08-2023,50.02999878
25-08-2023,49.93999863
28-08-2023,49.79999924
29-08-2023,49.97999954
30-08-2023,50.34000015
31-08-2023,50.34999847
01-09-2023,50.36999893
04-09-2023,50.43999863
05-09-2023,50.34999847
06-09-2023,50.31000137
07-09-2023,50.16999817
08-09-2023,50.20999908
11-09-2023,50.15999985
12-09-2023,50.02000046
13-09-2023,49.88000107
14-09-2023,49.88000107
15-09-2023,50.11999893
18-09-2023,50.43999863
20-09-2023,50.38000107
21-09-2023,50.27000046
22-09-2023,50.22000122
25-09-2023,50.22000122
26-09-2023,50.02000046
27-09-2023,49.70000076
28-09-2023,49.36999893
29-09-2023,49.29000092
03-10-2023,48.83000183
04-10-2023,48.36000061
05-10-2023,48.25
06-10-2023,48.38000107
09-10-2023,48.88000107
10-10-2023,48.93000031
11-10-2023,49.16999817
12-10-2023,49.38999939
13-10-2023,49.49000168
16-10-2023,50.25
17-10-2023,50.31000137
18-10-2023,50.77999878
19-10-2023,50.90999985
20-10-2023,51.59000015
23-10-2023,51.54000092
25-10-2023,51.40999985
26-10-2023,51.83000183
27-10-2023,51.63999939
30-10-2023,52.02000046
31-10-2023,52.06000137
01-11-2023,51.75999832
02-11-2023,51.84999847
03-11-2023,51.79999924
06-11-2023,51.75
07-11-2023,51.36000061
08-11-2023,51.40000153
09-11-2023,50.93999863
10-11-2023,51.31000137
13-11-2023,50.93000031
15-11-2023,51.45999908
16-11-2023,51.38999939
17-11-2023,51.86000061
20-11-2023,51.65999985
21-11-2023,51.88000107
22-11-2023,52.16999817
23-11-2023,52.02000046
24-11-2023,52.15000153
28-11-2023,52.29999924
29-11-2023,53.04999924
30-11-2023,53.15000153
01-12-2023,53.29000092
04-12-2023,53.72000122
05-12-2023,52.93999863
06-12-2023,52.83000183
07-12-2023,53.02999878
08-12-2023,52.93999863
11-12-2023,52.02000046
12-12-2023,51.84999847
13-12-2023,51.83000183
14-12-2023,52.79999924
15-12-2023,52.81000137
18-12-2023,52.49000168
19-12-2023,52.59000015
20-12-2023,52.83000183
21-12-2023,52.86000061
22-12-2023,53.18999863
26-12-2023,53.45999908
27-12-2023,53.63000107
28-12-2023,53.84000015
29-12-2023,53.65999985
