Date,Sensex
02-01-2009,9958.219727
05-01-2009,10275.59961
06-01-2009,10335.92969
07-01-2009,9586.879883
09-01-2009,9406.469727
12-01-2009,9110.049805
13-01-2009,9071.360352
14-01-2009,9370.490234
15-01-2009,9046.740234
16-01-2009,9323.589844
19-01-2009,9329.570313
20-01-2009,9100.549805
21-01-2009,8779.169922
22-01-2009,8813.839844
23-01-2009,8674.349609
27-01-2009,9004.080078
28-01-2009,9257.469727
29-01-2009,9236.280273
30-01-2009,9424.240234
02-02-2009,9066.700195
03-02-2009,9149.299805
04-02-2009,9201.849609
05-02-2009,9090.879883
06-02-2009,9300.860352
09-02-2009,9583.889648
10-02-2009,9647.469727
11-02-2009,9618.540039
12-02-2009,9465.830078
13-02-2009,9634.740234
16-02-2009,9305.450195
17-02-2009,9035
18-02-2009,9015.179688
19-02-2009,9042.629883
20-02-2009,8843.209961
24-02-2009,8822.05957
25-02-2009,8902.55957
26-02-2009,8954.860352
27-02-2009,8891.610352
02-03-2009,8607.080078
03-03-2009,8427.290039
04-03-2009,8446.490234
05-03-2009,8197.919922
06-03-2009,8325.820313
09-03-2009,8160.399902
12-03-2009,8343.75
13-03-2009,8756.610352
16-03-2009,8943.540039
17-03-2009,8863.820313
18-03-2009,8976.679688
19-03-2009,9001.75
20-03-2009,8966.679688
23-03-2009,9424.019531
24-03-2009,9471.040039
25-03-2009,9667.900391
26-03-2009,10003.09961
27-03-2009,10048.49023
30-03-2009,9568.139648
31-03-2009,9708.5
01-04-2009,9901.990234
02-04-2009,10348.83008
06-04-2009,10534.87012
08-04-2009,10742.33984
09-04-2009,10803.86035
13-04-2009,10967.21973
15-04-2009,11284.73047
16-04-2009,10947.40039
17-04-2009,11023.08984
20-04-2009,10979.5
21-04-2009,10898.11035
22-04-2009,10817.54004
23-04-2009,11134.99023
24-04-2009,11329.0498
27-04-2009,11371.84961
28-04-2009,11001.75
29-04-2009,11403.25
04-05-2009,12134.75
05-05-2009,12131.08008
06-05-2009,11952.75
07-05-2009,12116.94043
08-05-2009,11876.42969
11-05-2009,11682.99023
12-05-2009,12158.03027
13-05-2009,12019.65039
14-05-2009,11872.91016
15-05-2009,12173.41992
18-05-2009,14284.20996
19-05-2009,14302.03027
20-05-2009,14060.66016
21-05-2009,13736.54004
22-05-2009,13887.15039
25-05-2009,13913.21973
26-05-2009,13589.23047
27-05-2009,14109.63965
28-05-2009,14296.00977
29-05-2009,14625.25
01-06-2009,14840.62988
02-06-2009,14874.91016
03-06-2009,14870.90039
04-06-2009,15008.67969
05-06-2009,15103.5498
08-06-2009,14665.91992
09-06-2009,15127
10-06-2009,15466.80957
11-06-2009,15411.46973
12-06-2009,15237.94043
15-06-2009,14875.51953
16-06-2009,14957.91016
17-06-2009,14522.83984
18-06-2009,14265.53027
19-06-2009,14521.88965
22-06-2009,14326.21973
23-06-2009,14324.00977
24-06-2009,14422.73047
25-06-2009,14345.62012
26-06-2009,14764.63965
29-06-2009,14785.74023
30-06-2009,14493.83984
01-07-2009,14645.46973
02-07-2009,14658.49023
03-07-2009,14913.0498
06-07-2009,14043.40039
07-07-2009,14170.4502
08-07-2009,13769.15039
09-07-2009,13757.45996
10-07-2009,13504.21973
13-07-2009,13400.32031
14-07-2009,13853.7002
15-07-2009,14253.24023
16-07-2009,14250.25
17-07-2009,14744.91992
20-07-2009,15191.00977
21-07-2009,15062.49023
22-07-2009,14843.12012
23-07-2009,15231.04004
24-07-2009,15378.95996
27-07-2009,15375.04004
28-07-2009,15331.94043
29-07-2009,15173.45996
30-07-2009,15387.95996
31-07-2009,15670.30957
03-08-2009,15924.23047
04-08-2009,15830.98047
05-08-2009,15903.83008
06-08-2009,15514.03027
07-08-2009,15160.24023
10-08-2009,15009.76953
11-08-2009,15074.58984
12-08-2009,15020.16016
13-08-2009,15518.49023
14-08-2009,15411.62988
17-08-2009,14784.91992
18-08-2009,15035.25977
19-08-2009,14809.63965
20-08-2009,15012.32031
21-08-2009,15240.83008
24-08-2009,15628.75
25-08-2009,15688.46973
26-08-2009,15769.84961
27-08-2009,15781.07031
28-08-2009,15922.33984
31-08-2009,15666.63965
01-09-2009,15551.19043
02-09-2009,15467.45996
03-09-2009,15398.33008
04-09-2009,15689.12012
07-09-2009,16016.32031
08-09-2009,16123.66992
09-09-2009,16183.5498
10-09-2009,16216.86035
11-09-2009,16264.2998
14-09-2009,16214.19043
15-09-2009,16454.44922
16-09-2009,16677.03906
17-09-2009,16711.10938
18-09-2009,16741.30078
22-09-2009,16886.42969
23-09-2009,16719.5
24-09-2009,16781.42969
25-09-2009,16693
29-09-2009,16852.91016
30-09-2009,17126.83984
01-10-2009,17134.55078
05-10-2009,16866.41016
06-10-2009,16958.53906
07-10-2009,16806.66016
08-10-2009,16843.53906
09-10-2009,16642.66016
12-10-2009,17026.66992
14-10-2009,17231.10938
15-10-2009,17195.19922
16-10-2009,17322.82031
20-10-2009,17223.00977
21-10-2009,17009.16992
22-10-2009,16789.74023
23-10-2009,16810.81055
26-10-2009,16740.5
27-10-2009,16353.40039
28-10-2009,16283.49023
29-10-2009,16052.71973
30-10-2009,15896.28027
03-11-2009,15404.94043
04-11-2009,15912.12988
05-11-2009,16063.90039
06-11-2009,16158.28027
09-11-2009,16498.7207
10-11-2009,16440.56055
11-11-2009,16849.59961
12-11-2009,16696.0293
13-11-2009,16848.83008
16-11-2009,17032.50977
17-11-2009,17050.65039
18-11-2009,16998.7793
19-11-2009,16785.65039
20-11-2009,17021.84961
23-11-2009,17180.17969
24-11-2009,17131.08008
25-11-2009,17198.94922
26-11-2009,16854.92969
27-11-2009,16632.00977
30-11-2009,16926.2207
01-12-2009,17198.26953
02-12-2009,17169.91016
03-12-2009,17185.67969
04-12-2009,17101.53906
07-12-2009,16983.14063
08-12-2009,17227.67969
09-12-2009,17125.2207
10-12-2009,17189.31055
11-12-2009,17119.0293
14-12-2009,17097.55078
15-12-2009,16877.16016
16-12-2009,16912.76953
17-12-2009,16894.25
18-12-2009,16719.83008
21-12-2009,16601.19922
22-12-2009,16692
23-12-2009,17231.10938
24-12-2009,17360.60938
29-12-2009,17401.56055
30-12-2009,17343.82031
31-12-2009,17464.81055
04-01-2010,17558.73047
05-01-2010,17686.24023
06-01-2010,17701.13086
07-01-2010,17615.7207
08-01-2010,17540.28906
11-01-2010,17526.71094
12-01-2010,17422.50977
13-01-2010,17509.80078
14-01-2010,17584.86914
15-01-2010,17554.30078
18-01-2010,17641.08008
19-01-2010,17486.06055
20-01-2010,17474.49023
21-01-2010,17051.14063
22-01-2010,16859.67969
25-01-2010,16780.46094
27-01-2010,16289.82031
28-01-2010,16306.87012
29-01-2010,16357.95996
01-02-2010,16356.03027
02-02-2010,16163.44043
03-02-2010,16496.05078
04-02-2010,16224.9502
05-02-2010,15790.92969
08-02-2010,15935.61035
09-02-2010,16042.17969
10-02-2010,15922.16992
11-02-2010,16152.58984
15-02-2010,16038.34961
16-02-2010,16226.67969
17-02-2010,16428.91016
18-02-2010,16327.83984
19-02-2010,16191.62988
22-02-2010,16237.0498
23-02-2010,16286.32031
24-02-2010,16255.96973
25-02-2010,16254.2002
26-02-2010,16429.55078
02-03-2010,16772.56055
03-03-2010,17000.00977
04-03-2010,16971.69922
05-03-2010,16994.49023
08-03-2010,17102.59961
09-03-2010,17052.53906
10-03-2010,17098.33008
11-03-2010,17167.96094
12-03-2010,17166.61914
15-03-2010,17164.99023
16-03-2010,17383.17969
17-03-2010,17490.08008
18-03-2010,17519.25977
19-03-2010,17578.23047
22-03-2010,17410.57031
23-03-2010,17451.01953
25-03-2010,17558.84961
26-03-2010,17644.75977
29-03-2010,17711.34961
30-03-2010,17590.16992
31-03-2010,17527.76953
01-04-2010,17692.61914
05-04-2010,17935.67969
06-04-2010,17941.36914
07-04-2010,17970.01953
08-04-2010,17714.40039
09-04-2010,17933.14063
12-04-2010,17853
13-04-2010,17821.96094
15-04-2010,17639.25977
16-04-2010,17591.17969
19-04-2010,17400.67969
20-04-2010,17460.58008
21-04-2010,17472.56055
22-04-2010,17573.99023
23-04-2010,17694.19922
26-04-2010,17745.2793
27-04-2010,17690.61914
28-04-2010,17380.08008
29-04-2010,17503.4707
30-04-2010,17558.71094
03-05-2010,17386.08008
04-05-2010,17137.14063
05-05-2010,17087.96094
06-05-2010,16987.5293
07-05-2010,16769.10938
10-05-2010,17330.55078
11-05-2010,17141.5293
12-05-2010,17195.81055
13-05-2010,17265.86914
14-05-2010,16994.59961
17-05-2010,16835.56055
18-05-2010,16875.75977
19-05-2010,16408.49023
20-05-2010,16519.67969
21-05-2010,16445.60938
24-05-2010,16469.55078
25-05-2010,16022.48047
26-05-2010,16387.83984
27-05-2010,16666.40039
28-05-2010,16863.06055
31-05-2010,16944.63086
01-06-2010,16572.0293
02-06-2010,16741.83984
03-06-2010,17022.33008
04-06-2010,17117.68945
07-06-2010,16781.07031
08-06-2010,16617.09961
09-06-2010,16657.89063
10-06-2010,16922.08008
11-06-2010,17064.94922
14-06-2010,17338.16992
15-06-2010,17412.83008
16-06-2010,17462.86914
17-06-2010,17616.68945
18-06-2010,17570.82031
21-06-2010,17876.55078
22-06-2010,17749.68945
23-06-2010,17755.93945
24-06-2010,17730.24023
25-06-2010,17574.5293
28-06-2010,17774.25977
29-06-2010,17534.08984
30-06-2010,17700.90039
01-07-2010,17509.33008
02-07-2010,17460.94922
05-07-2010,17441.43945
06-07-2010,17614.48047
07-07-2010,17471.0293
08-07-2010,17651.73047
09-07-2010,17833.53906
12-07-2010,17937.19922
13-07-2010,17985.90039
14-07-2010,17938.16016
15-07-2010,17909.46094
16-07-2010,17955.82031
19-07-2010,17928.41992
20-07-2010,17878.14063
21-07-2010,17977.23047
22-07-2010,18113.15039
23-07-2010,18130.98047
26-07-2010,18020.05078
27-07-2010,18077.60938
28-07-2010,17957.36914
29-07-2010,17992
30-07-2010,17868.28906
02-08-2010,18081.21094
03-08-2010,18114.83008
04-08-2010,18217.43945
05-08-2010,18172.83008
06-08-2010,18143.99023
09-08-2010,18287.5
10-08-2010,18219.99023
11-08-2010,18070.18945
12-08-2010,18073.90039
13-08-2010,18167.0293
16-08-2010,18050.7793
17-08-2010,18048.84961
18-08-2010,18257.11914
19-08-2010,18454.93945
20-08-2010,18401.82031
23-08-2010,18409.34961
24-08-2010,18311.58984
25-08-2010,18179.64063
26-08-2010,18226.34961
27-08-2010,17998.41016
30-08-2010,18032.10938
31-08-2010,17971.11914
01-09-2010,18205.86914
02-09-2010,18238.31055
03-09-2010,18221.42969
06-09-2010,18560.05078
07-09-2010,18645.06055
08-09-2010,18666.71094
09-09-2010,18799.66016
13-09-2010,19208.33008
14-09-2010,19346.96094
15-09-2010,19502.10938
16-09-2010,19417.49023
17-09-2010,19594.75
20-09-2010,19906.09961
21-09-2010,20001.55078
22-09-2010,19941.7207
23-09-2010,19861.00977
24-09-2010,20045.17969
27-09-2010,20117.38086
28-09-2010,20104.85938
29-09-2010,19956.33984
30-09-2010,20069.11914
01-10-2010,20445.03906
04-10-2010,20475.73047
05-10-2010,20407.71094
06-10-2010,20543.08008
07-10-2010,20315.32031
08-10-2010,20250.25977
11-10-2010,20339.89063
12-10-2010,20203.33984
13-10-2010,20687.88086
14-10-2010,20497.64063
15-10-2010,20125.05078
18-10-2010,20168.89063
19-10-2010,19983.13086
20-10-2010,19872.15039
21-10-2010,20260.58008
22-10-2010,20165.85938
25-10-2010,20303.11914
26-10-2010,20221.39063
27-10-2010,20005.36914
28-10-2010,19941.03906
29-10-2010,20032.33984
01-11-2010,20355.63086
02-11-2010,20345.68945
03-11-2010,20465.74023
04-11-2010,20893.57031
08-11-2010,20852.38086
09-11-2010,20932.48047
10-11-2010,20875.71094
11-11-2010,20589.08984
12-11-2010,20156.89063
15-11-2010,20309.68945
16-11-2010,19865.14063
18-11-2010,19930.64063
19-11-2010,19585.43945
22-11-2010,19957.58984
23-11-2010,19691.83984
24-11-2010,19459.84961
25-11-2010,19318.16016
26-11-2010,19136.60938
29-11-2010,19405.09961
30-11-2010,19521.25
01-12-2010,19850
02-12-2010,19992.69922
03-12-2010,19966.92969
06-12-2010,19981.31055
07-12-2010,19934.64063
08-12-2010,19696.48047
09-12-2010,19242.35938
10-12-2010,19508.89063
13-12-2010,19691.7793
14-12-2010,19799.18945
15-12-2010,19647.76953
16-12-2010,19864.84961
20-12-2010,19888.88086
21-12-2010,20060.32031
22-12-2010,20015.80078
23-12-2010,19982.88086
24-12-2010,20073.66016
27-12-2010,20028.92969
28-12-2010,20025.41992
29-12-2010,20256.0293
30-12-2010,20389.07031
31-12-2010,20509.08984
03-01-2011,20561.05078
04-01-2011,20498.7207
05-01-2011,20301.09961
06-01-2011,20184.74023
07-01-2011,19691.81055
10-01-2011,19224.11914
11-01-2011,19196.33984
12-01-2011,19534.09961
13-01-2011,19182.82031
14-01-2011,18860.43945
17-01-2011,18882.25
18-01-2011,19092.05078
19-01-2011,18978.32031
20-01-2011,19046.53906
21-01-2011,19007.5293
24-01-2011,19151.2793
25-01-2011,18969.44922
27-01-2011,18684.42969
28-01-2011,18395.9707
31-01-2011,18327.75977
01-02-2011,18022.2207
02-02-2011,18090.61914
03-02-2011,18449.31055
04-02-2011,18008.15039
07-02-2011,18037.18945
08-02-2011,17775.69922
09-02-2011,17592.76953
10-02-2011,17463.03906
11-02-2011,17728.60938
14-02-2011,18202.19922
15-02-2011,18273.80078
16-02-2011,18300.90039
17-02-2011,18506.82031
18-02-2011,18211.51953
21-02-2011,18438.31055
22-02-2011,18296.16016
23-02-2011,18178.33008
24-02-2011,17632.41016
25-02-2011,17700.91016
28-02-2011,17823.40039
01-03-2011,18446.5
03-03-2011,18489.75977
04-03-2011,18486.44922
07-03-2011,18222.66992
08-03-2011,18439.65039
09-03-2011,18469.94922
10-03-2011,18327.98047
11-03-2011,18174.08984
14-03-2011,18439.48047
15-03-2011,18167.64063
16-03-2011,18358.68945
17-03-2011,18149.86914
18-03-2011,17878.81055
21-03-2011,17839.05078
22-03-2011,17988.30078
23-03-2011,18206.16016
24-03-2011,18350.74023
25-03-2011,18815.64063
28-03-2011,18943.14063
29-03-2011,19120.80078
30-03-2011,19290.17969
31-03-2011,19445.2207
01-04-2011,19420.39063
04-04-2011,19701.73047
05-04-2011,19686.82031
06-04-2011,19612.19922
07-04-2011,19591.17969
08-04-2011,19451.44922
11-04-2011,19262.53906
13-04-2011,19696.85938
15-04-2011,19386.82031
18-04-2011,19091.16992
19-04-2011,19121.83008
20-04-2011,19470.98047
21-04-2011,19602.23047
25-04-2011,19584.31055
26-04-2011,19545.34961
27-04-2011,19448.68945
28-04-2011,19292.01953
29-04-2011,19135.96094
02-05-2011,18998.01953
03-05-2011,18534.68945
04-05-2011,18469.35938
05-05-2011,18210.58008
06-05-2011,18518.81055
09-05-2011,18528.96094
10-05-2011,18512.76953
11-05-2011,18584.96094
12-05-2011,18335.78906
13-05-2011,18531.2793
16-05-2011,18345.0293
17-05-2011,18137.34961
18-05-2011,18086.19922
19-05-2011,18141.40039
20-05-2011,18326.08984
23-05-2011,17993.33008
24-05-2011,18011.9707
25-05-2011,17847.24023
26-05-2011,18044.64063
27-05-2011,18266.09961
30-05-2011,18232.06055
31-05-2011,18503.2793
01-06-2011,18608.81055
02-06-2011,18494.17969
03-06-2011,18376.48047
06-06-2011,18420.10938
07-06-2011,18495.61914
08-06-2011,18394.28906
09-06-2011,18384.90039
10-06-2011,18268.53906
13-06-2011,18266.0293
14-06-2011,18308.66016
15-06-2011,18132.24023
16-06-2011,17985.88086
17-06-2011,17870.5293
20-06-2011,17506.63086
21-06-2011,17560.30078
22-06-2011,17550.63086
23-06-2011,17727.49023
24-06-2011,18240.67969
27-06-2011,18412.41016
28-06-2011,18492.44922
29-06-2011,18693.85938
30-06-2011,18845.86914
01-07-2011,18762.80078
04-07-2011,18814.48047
05-07-2011,18744.56055
06-07-2011,18726.9707
07-07-2011,19078.30078
08-07-2011,18858.03906
11-07-2011,18721.39063
12-07-2011,18411.61914
13-07-2011,18596.01953
14-07-2011,18618.19922
15-07-2011,18561.91992
18-07-2011,18507.03906
19-07-2011,18653.86914
20-07-2011,18502.38086
21-07-2011,18436.18945
22-07-2011,18722.30078
25-07-2011,18871.28906
26-07-2011,18518.2207
27-07-2011,18432.25
28-07-2011,18209.51953
29-07-2011,18197.19922
01-08-2011,18314.33008
02-08-2011,18109.89063
03-08-2011,17940.55078
04-08-2011,17693.17969
05-08-2011,17305.86914
08-08-2011,16990.17969
09-08-2011,16857.91016
10-08-2011,17130.50977
11-08-2011,17059.40039
12-08-2011,16839.63086
16-08-2011,16730.93945
17-08-2011,16840.80078
18-08-2011,16469.78906
19-08-2011,16141.66992
22-08-2011,16341.7002
23-08-2011,16498.4707
24-08-2011,16284.98047
25-08-2011,16146.33008
26-08-2011,15848.83008
29-08-2011,16416.33008
30-08-2011,16676.75
02-09-2011,16821.46094
05-09-2011,16713.33008
06-09-2011,16862.81055
07-09-2011,17065
08-09-2011,17165.53906
09-09-2011,16866.9707
12-09-2011,16501.74023
13-09-2011,16467.43945
14-09-2011,16709.59961
15-09-2011,16876.53906
16-09-2011,16933.83008
19-09-2011,16745.34961
20-09-2011,17099.2793
21-09-2011,17065.15039
22-09-2011,16361.15039
23-09-2011,16162.05957
26-09-2011,16051.09961
27-09-2011,16524.0293
28-09-2011,16446.01953
29-09-2011,16698.07031
30-09-2011,16453.75977
03-10-2011,16151.4502
04-10-2011,15864.86035
05-10-2011,15792.41016
07-10-2011,16232.54004
10-10-2011,16557.23047
11-10-2011,16536.4707
12-10-2011,16958.39063
13-10-2011,16883.91992
14-10-2011,17082.68945
17-10-2011,17025.08984
18-10-2011,16748.28906
19-10-2011,17085.33984
20-10-2011,16936.89063
21-10-2011,16785.64063
24-10-2011,16939.2793
25-10-2011,17254.85938
28-10-2011,17804.80078
31-10-2011,17705.00977
01-11-2011,17480.83008
02-11-2011,17464.84961
03-11-2011,17481.92969
04-11-2011,17562.60938
08-11-2011,17569.5293
09-11-2011,17362.09961
11-11-2011,17192.82031
14-11-2011,17118.74023
15-11-2011,16882.66992
16-11-2011,16775.86914
17-11-2011,16461.71094
18-11-2011,16371.50977
21-11-2011,15946.09961
22-11-2011,16065.41992
23-11-2011,15699.96973
24-11-2011,15858.49023
25-11-2011,15695.42969
28-11-2011,16167.12988
29-11-2011,16008.33984
30-11-2011,16123.45996
01-12-2011,16483.44922
02-12-2011,16846.83008
05-12-2011,16805.33008
07-12-2011,16877.06055
08-12-2011,16488.24023
09-12-2011,16213.45996
12-12-2011,15870.34961
13-12-2011,16002.50977
14-12-2011,15881.13965
15-12-2011,15836.46973
16-12-2011,15491.34961
19-12-2011,15379.33984
20-12-2011,15175.08008
21-12-2011,15685.20996
22-12-2011,15813.36035
23-12-2011,15738.7002
26-12-2011,15970.75
27-12-2011,15873.9502
28-12-2011,15727.84961
29-12-2011,15543.92969
30-12-2011,15454.91992
03-01-2012,15939.36035
04-01-2012,15882.63965
05-01-2012,15857.08008
06-01-2012,15867.73047
09-01-2012,15814.71973
10-01-2012,16165.08984
11-01-2012,16175.86035
12-01-2012,16037.50977
13-01-2012,16154.62012
16-01-2012,16189.36035
17-01-2012,16466.05078
18-01-2012,16451.4707
19-01-2012,16643.74023
20-01-2012,16739.00977
23-01-2012,16751.73047
24-01-2012,16995.76953
25-01-2012,17077.17969
27-01-2012,17233.98047
30-01-2012,16863.30078
31-01-2012,17193.55078
01-02-2012,17300.58008
02-02-2012,17431.84961
03-02-2012,17604.96094
06-02-2012,17707.31055
07-02-2012,17622.44922
08-02-2012,17707.32031
09-02-2012,17830.75
10-02-2012,17748.68945
13-02-2012,17772.83984
14-02-2012,17848.57031
15-02-2012,18202.41016
16-02-2012,18153.99023
17-02-2012,18289.34961
21-02-2012,18428.60938
22-02-2012,18145.25
23-02-2012,18078.5
24-02-2012,17923.57031
27-02-2012,17445.75
28-02-2012,17731.11914
29-02-2012,17752.67969
01-03-2012,17583.9707
02-03-2012,17636.80078
05-03-2012,17362.86914
06-03-2012,17173.28906
07-03-2012,17145.51953
09-03-2012,17503.24023
12-03-2012,17587.66992
13-03-2012,17813.61914
14-03-2012,17919.30078
15-03-2012,17675.84961
16-03-2012,17466.19922
19-03-2012,17273.36914
20-03-2012,17316.17969
21-03-2012,17601.71094
22-03-2012,17196.4707
23-03-2012,17361.74023
26-03-2012,17052.7793
27-03-2012,17257.35938
28-03-2012,17121.61914
29-03-2012,17058.60938
30-03-2012,17404.19922
02-04-2012,17478.15039
03-04-2012,17597.41992
04-04-2012,17486.01953
09-04-2012,17222.14063
10-04-2012,17243.83984
11-04-2012,17199.40039
12-04-2012,17332.61914
13-04-2012,17094.50977
16-04-2012,17150.94922
17-04-2012,17357.93945
18-04-2012,17392.39063
19-04-2012,17503.71094
20-04-2012,17373.83984
23-04-2012,17096.67969
24-04-2012,17207.28906
25-04-2012,17151.28906
26-04-2012,17130.66992
27-04-2012,17134.25
30-04-2012,17318.81055
02-05-2012,17301.91016
03-05-2012,17151.18945
04-05-2012,16831.08008
07-05-2012,16912.71094
08-05-2012,16546.17969
09-05-2012,16479.58008
10-05-2012,16420.05078
11-05-2012,16292.98047
14-05-2012,16215.83984
15-05-2012,16328.25
16-05-2012,16030.08984
17-05-2012,16070.48047
18-05-2012,16152.75
21-05-2012,16183.25977
22-05-2012,16026.41016
23-05-2012,15948.09961
24-05-2012,16222.2998
25-05-2012,16217.82031
28-05-2012,16416.83984
29-05-2012,16438.58008
30-05-2012,16312.15039
31-05-2012,16218.53027
01-06-2012,15965.16016
04-06-2012,15988.40039
05-06-2012,16020.63965
06-06-2012,16454.30078
07-06-2012,16649.05078
08-06-2012,16718.86914
11-06-2012,16668.00977
12-06-2012,16862.80078
13-06-2012,16880.50977
14-06-2012,16677.88086
15-06-2012,16949.83008
18-06-2012,16705.83008
19-06-2012,16859.80078
20-06-2012,16896.63086
21-06-2012,17032.56055
22-06-2012,16972.50977
25-06-2012,16882.16016
26-06-2012,16906.58008
27-06-2012,16967.75977
28-06-2012,16990.75977
29-06-2012,17429.98047
02-07-2012,17398.98047
03-07-2012,17425.71094
04-07-2012,17462.81055
05-07-2012,17538.66992
06-07-2012,17521.11914
09-07-2012,17391.98047
10-07-2012,17618.34961
11-07-2012,17489.14063
12-07-2012,17232.55078
13-07-2012,17213.69922
16-07-2012,17103.31055
17-07-2012,17105.30078
18-07-2012,17185.00977
19-07-2012,17278.84961
20-07-2012,17158.43945
23-07-2012,16877.34961
24-07-2012,16918.08008
25-07-2012,16846.05078
26-07-2012,16639.82031
27-07-2012,16839.18945
30-07-2012,17143.67969
31-07-2012,17236.17969
01-08-2012,17257.38086
02-08-2012,17224.35938
03-08-2012,17197.92969
06-08-2012,17412.96094
07-08-2012,17601.7793
08-08-2012,17600.56055
09-08-2012,17560.86914
10-08-2012,17557.74023
13-08-2012,17633.44922
14-08-2012,17728.19922
16-08-2012,17657.21094
17-08-2012,17691.08008
21-08-2012,17885.25977
22-08-2012,17846.85938
23-08-2012,17850.2207
24-08-2012,17783.21094
27-08-2012,17678.81055
28-08-2012,17631.71094
29-08-2012,17490.81055
30-08-2012,17541.64063
31-08-2012,17380.75
03-09-2012,17384.40039
04-09-2012,17440.86914
05-09-2012,17313.33984
06-09-2012,17346.26953
07-09-2012,17683.73047
10-09-2012,17766.7793
11-09-2012,17852.94922
12-09-2012,18000.0293
13-09-2012,18021.16016
14-09-2012,18464.26953
17-09-2012,18542.31055
18-09-2012,18496.00977
20-09-2012,18349.25
21-09-2012,18752.83008
24-09-2012,18673.33984
25-09-2012,18694.41016
26-09-2012,18632.16992
27-09-2012,18579.5
28-09-2012,18762.74023
01-10-2012,18823.91016
03-10-2012,18869.68945
04-10-2012,19058.15039
05-10-2012,18938.46094
08-10-2012,18708.98047
09-10-2012,18793.35938
10-10-2012,18631.09961
11-10-2012,18804.75
12-10-2012,18675.17969
15-10-2012,18713.55078
16-10-2012,18577.69922
17-10-2012,18610.76953
18-10-2012,18791.92969
19-10-2012,18682.31055
22-10-2012,18793.43945
23-10-2012,18710.01953
25-10-2012,18758.63086
29-10-2012,18635.82031
30-10-2012,18430.84961
31-10-2012,18505.38086
01-11-2012,18561.69922
02-11-2012,18755.44922
05-11-2012,18762.86914
06-11-2012,18817.38086
07-11-2012,18902.41016
08-11-2012,18846.25977
09-11-2012,18683.67969
12-11-2012,18670.33984
15-11-2012,18471.36914
16-11-2012,18309.36914
19-11-2012,18339
20-11-2012,18329.32031
21-11-2012,18460.38086
22-11-2012,18517.33984
23-11-2012,18506.57031
26-11-2012,18537.00977
27-11-2012,18842.08008
29-11-2012,19170.91016
30-11-2012,19339.90039
03-12-2012,19305.32031
04-12-2012,19348.11914
05-12-2012,19391.85938
06-12-2012,19486.80078
07-12-2012,19424.09961
10-12-2012,19409.68945
11-12-2012,19387.14063
12-12-2012,19355.25977
13-12-2012,19229.25977
14-12-2012,19317.25
17-12-2012,19244.41992
18-12-2012,19364.75
19-12-2012,19476
20-12-2012,19453.91992
21-12-2012,19242
24-12-2012,19255.08984
26-12-2012,19417.46094
27-12-2012,19323.80078
28-12-2012,19444.83984
31-12-2012,19426.71094
02-01-2013,19714.24023
03-01-2013,19764.7793
04-01-2013,19784.08008
07-01-2013,19691.41992
08-01-2013,19742.51953
09-01-2013,19666.58984
10-01-2013,19663.55078
11-01-2013,19663.64063
14-01-2013,19906.41016
15-01-2013,19986.82031
16-01-2013,19817.63086
17-01-2013,19964.0293
18-01-2013,20039.03906
21-01-2013,20101.82031
22-01-2013,19981.57031
23-01-2013,20026.60938
24-01-2013,19923.7793
25-01-2013,20103.5293
28-01-2013,20103.34961
29-01-2013,19990.90039
30-01-2013,20005
31-01-2013,19894.98047
01-02-2013,19781.18945
04-02-2013,19751.18945
05-02-2013,19659.82031
06-02-2013,19639.7207
07-02-2013,19580.32031
08-02-2013,19484.76953
11-02-2013,19460.57031
12-02-2013,19561.03906
13-02-2013,19608.08008
14-02-2013,19497.17969
15-02-2013,19468.15039
18-02-2013,19501.08008
19-02-2013,19635.7207
20-02-2013,19642.75
21-02-2013,19325.35938
22-02-2013,19317.00977
25-02-2013,19331.68945
26-02-2013,19015.14063
27-02-2013,19152.41016
28-02-2013,18861.53906
01-03-2013,18918.51953
04-03-2013,18877.96094
05-03-2013,19143.16992
06-03-2013,19252.60938
07-03-2013,19413.53906
08-03-2013,19683.23047
11-03-2013,19646.21094
12-03-2013,19564.91992
13-03-2013,19362.55078
14-03-2013,19570.43945
15-03-2013,19427.56055
18-03-2013,19293.19922
19-03-2013,19008.09961
20-03-2013,18884.18945
21-03-2013,18792.86914
22-03-2013,18735.59961
25-03-2013,18681.41992
26-03-2013,18704.5293
28-03-2013,18835.76953
01-04-2013,18864.75
02-04-2013,19040.94922
03-04-2013,18801.64063
04-04-2013,18509.69922
05-04-2013,18450.23047
08-04-2013,18437.7793
09-04-2013,18226.48047
10-04-2013,18414.44922
11-04-2013,18542.19922
12-04-2013,18242.56055
15-04-2013,18357.80078
16-04-2013,18744.92969
17-04-2013,18731.16016
18-04-2013,19016.46094
22-04-2013,19169.83008
23-04-2013,19179.35938
25-04-2013,19406.84961
26-04-2013,19286.7207
29-04-2013,19387.5
30-04-2013,19504.17969
02-05-2013,19735.76953
03-05-2013,19575.64063
06-05-2013,19673.64063
07-05-2013,19888.94922
08-05-2013,19990.17969
09-05-2013,19939.03906
10-05-2013,20082.61914
13-05-2013,19691.66992
14-05-2013,19722.28906
15-05-2013,20212.96094
16-05-2013,20247.33008
17-05-2013,20286.11914
20-05-2013,20223.98047
21-05-2013,20111.60938
22-05-2013,20062.24023
23-05-2013,19674.33008
24-05-2013,19704.33008
27-05-2013,20030.76953
28-05-2013,20160.82031
29-05-2013,20147.64063
30-05-2013,20215.40039
31-05-2013,19760.30078
03-06-2013,19610.48047
04-06-2013,19545.7793
05-06-2013,19568.2207
06-06-2013,19519.49023
07-06-2013,19429.23047
10-06-2013,19441.07031
11-06-2013,19143
12-06-2013,19041.13086
13-06-2013,18827.16016
14-06-2013,19177.92969
17-06-2013,19325.86914
18-06-2013,19223.2793
19-06-2013,19245.69922
20-06-2013,18719.28906
21-06-2013,18774.24023
24-06-2013,18540.89063
25-06-2013,18629.15039
26-06-2013,18552.11914
27-06-2013,18875.94922
28-06-2013,19395.81055
01-07-2013,19577.39063
02-07-2013,19463.82031
03-07-2013,19177.75977
04-07-2013,19410.83984
05-07-2013,19495.82031
08-07-2013,19324.76953
09-07-2013,19439.48047
10-07-2013,19294.11914
11-07-2013,19676.06055
12-07-2013,19958.4707
15-07-2013,20034.48047
16-07-2013,19851.23047
17-07-2013,19948.73047
18-07-2013,20128.41016
19-07-2013,20149.84961
22-07-2013,20159.11914
23-07-2013,20302.13086
24-07-2013,20090.67969
25-07-2013,19804.75977
26-07-2013,19748.18945
29-07-2013,19593.2793
30-07-2013,19348.33984
31-07-2013,19345.69922
01-08-2013,19317.18945
02-08-2013,19164.01953
05-08-2013,19182.25977
06-08-2013,18733.03906
07-08-2013,18664.88086
08-08-2013,18789.33984
12-08-2013,18946.98047
13-08-2013,19229.83984
14-08-2013,19367.58984
16-08-2013,18598.17969
19-08-2013,18307.51953
20-08-2013,18246.03906
21-08-2013,17905.91016
22-08-2013,18312.93945
23-08-2013,18519.43945
26-08-2013,18558.13086
27-08-2013,17968.08008
28-08-2013,17996.15039
29-08-2013,18401.03906
30-08-2013,18619.7207
02-09-2013,18886.13086
03-09-2013,18234.66016
04-09-2013,18567.55078
05-09-2013,18979.75977
06-09-2013,19270.06055
10-09-2013,19997.09961
11-09-2013,19997.44922
12-09-2013,19781.88086
13-09-2013,19732.75977
16-09-2013,19742.4707
17-09-2013,19804.0293
18-09-2013,19962.16016
19-09-2013,20646.64063
20-09-2013,20263.71094
23-09-2013,19900.96094
24-09-2013,19920.21094
25-09-2013,19856.24023
26-09-2013,19893.84961
27-09-2013,19727.26953
30-09-2013,19379.76953
01-10-2013,19517.15039
03-10-2013,19902.07031
04-10-2013,19915.94922
07-10-2013,19895.09961
08-10-2013,19983.60938
09-10-2013,20249.25977
10-10-2013,20272.91016
11-10-2013,20528.58984
14-10-2013,20607.53906
15-10-2013,20547.61914
17-10-2013,20415.50977
18-10-2013,20882.89063
21-10-2013,20893.89063
22-10-2013,20864.9707
23-10-2013,20767.88086
24-10-2013,20725.42969
25-10-2013,20683.51953
28-10-2013,20570.2793
29-10-2013,20929.00977
30-10-2013,21033.9707
31-10-2013,21164.51953
01-11-2013,21196.81055
05-11-2013,20974.78906
06-11-2013,20894.93945
07-11-2013,20822.76953
08-11-2013,20666.15039
11-11-2013,20490.96094
12-11-2013,20281.91016
13-11-2013,20194.40039
14-11-2013,20399.41992
18-11-2013,20850.74023
19-11-2013,20890.82031
20-11-2013,20635.13086
21-11-2013,20229.05078
22-11-2013,20217.39063
25-11-2013,20605.08008
26-11-2013,20425.01953
27-11-2013,20420.25977
28-11-2013,20534.91016
29-11-2013,20791.92969
02-12-2013,20898.00977
03-12-2013,20854.91992
04-12-2013,20708.71094
05-12-2013,20957.81055
06-12-2013,20996.5293
09-12-2013,21326.41992
10-12-2013,21255.25977
11-12-2013,21171.41016
12-12-2013,20925.60938
13-12-2013,20715.58008
16-12-2013,20659.51953
17-12-2013,20612.14063
18-12-2013,20859.85938
19-12-2013,20708.61914
20-12-2013,21079.7207
23-12-2013,21101.0293
24-12-2013,21032.71094
26-12-2013,21074.58984
27-12-2013,21193.58008
30-12-2013,21143.00977
31-12-2013,21170.67969
01-01-2014,21140.48047
02-01-2014,20888.33008
03-01-2014,20851.33008
06-01-2014,20787.30078
07-01-2014,20693.24023
08-01-2014,20729.38086
09-01-2014,20713.36914
10-01-2014,20758.49023
13-01-2014,21134.21094
14-01-2014,21032.88086
15-01-2014,21289.49023
16-01-2014,21265.17969
17-01-2014,21063.61914
20-01-2014,21205.05078
21-01-2014,21251.11914
22-01-2014,21337.66992
23-01-2014,21373.66016
24-01-2014,21133.56055
27-01-2014,20707.44922
28-01-2014,20683.50977
29-01-2014,20647.30078
30-01-2014,20498.25
31-01-2014,20513.84961
03-02-2014,20209.25977
04-02-2014,20211.92969
05-02-2014,20261.0293
06-02-2014,20310.74023
07-02-2014,20376.56055
10-02-2014,20334.26953
11-02-2014,20363.36914
12-02-2014,20448.49023
13-02-2014,20193.34961
14-02-2014,20366.82031
17-02-2014,20464.06055
18-02-2014,20634.21094
19-02-2014,20722.9707
20-02-2014,20536.64063
21-02-2014,20700.75
24-02-2014,20811.43945
25-02-2014,20852.4707
26-02-2014,20986.99023
28-02-2014,21120.11914
03-03-2014,20946.65039
04-03-2014,21209.73047
05-03-2014,21276.85938
06-03-2014,21513.86914
07-03-2014,21919.78906
10-03-2014,21934.83008
11-03-2014,21826.41992
12-03-2014,21856.2207
13-03-2014,21774.60938
14-03-2014,21809.80078
18-03-2014,21832.60938
19-03-2014,21832.85938
20-03-2014,21740.08984
21-03-2014,21753.75
24-03-2014,22055.48047
25-03-2014,22055.21094
26-03-2014,22095.30078
27-03-2014,22214.36914
28-03-2014,22339.9707
31-03-2014,22386.26953
01-04-2014,22446.43945
02-04-2014,22551.49023
03-04-2014,22509.07031
04-04-2014,22359.5
07-04-2014,22343.44922
09-04-2014,22702.33984
10-04-2014,22715.33008
11-04-2014,22628.96094
15-04-2014,22484.92969
16-04-2014,22277.23047
17-04-2014,22628.83984
21-04-2014,22764.83008
22-04-2014,22758.36914
23-04-2014,22876.53906
25-04-2014,22688.07031
28-04-2014,22631.60938
29-04-2014,22466.18945
30-04-2014,22417.80078
02-05-2014,22403.89063
05-05-2014,22445.11914
06-05-2014,22508.41992
07-05-2014,22323.90039
08-05-2014,22344.03906
09-05-2014,22994.23047
12-05-2014,23551
13-05-2014,23871.23047
14-05-2014,23815.11914
15-05-2014,23905.59961
16-05-2014,24121.74023
19-05-2014,24363.05078
20-05-2014,24376.88086
21-05-2014,24298.01953
22-05-2014,24374.40039
23-05-2014,24693.34961
26-05-2014,24716.88086
27-05-2014,24549.50977
28-05-2014,24556.08984
29-05-2014,24234.15039
30-05-2014,24217.33984
02-06-2014,24684.84961
03-06-2014,24858.58984
04-06-2014,24805.83008
05-06-2014,25019.50977
06-06-2014,25396.46094
09-06-2014,25580.21094
10-06-2014,25583.68945
11-06-2014,25473.89063
12-06-2014,25576.21094
13-06-2014,25228.16992
16-06-2014,25190.48047
17-06-2014,25521.18945
18-06-2014,25246.25
19-06-2014,25201.80078
20-06-2014,25105.50977
23-06-2014,25031.32031
24-06-2014,25368.90039
25-06-2014,25313.74023
26-06-2014,25062.66992
27-06-2014,25099.91992
30-06-2014,25413.7793
01-07-2014,25516.34961
02-07-2014,25841.21094
03-07-2014,25823.75
04-07-2014,25962.06055
07-07-2014,26100.08008
08-07-2014,25582.10938
09-07-2014,25444.81055
10-07-2014,25372.75
11-07-2014,25024.34961
14-07-2014,25006.98047
15-07-2014,25228.65039
16-07-2014,25549.7207
17-07-2014,25561.16016
18-07-2014,25641.56055
21-07-2014,25715.16992
22-07-2014,26025.80078
23-07-2014,26147.33008
24-07-2014,26271.84961
25-07-2014,26126.75
28-07-2014,25991.23047
30-07-2014,26087.41992
31-07-2014,25894.9707
01-08-2014,25480.83984
04-08-2014,25723.16016
05-08-2014,25908.00977
06-08-2014,25665.26953
07-08-2014,25589.00977
08-08-2014,25329.14063
11-08-2014,25519.24023
12-08-2014,25880.76953
13-08-2014,25918.94922
14-08-2014,26103.23047
18-08-2014,26390.96094
19-08-2014,26420.66992
20-08-2014,26314.28906
21-08-2014,26360.10938
22-08-2014,26419.55078
25-08-2014,26437.01953
26-08-2014,26442.81055
27-08-2014,26560.15039
28-08-2014,26638.10938
01-09-2014,26867.55078
02-09-2014,27019.39063
03-09-2014,27139.93945
04-09-2014,27085.92969
05-09-2014,27026.69922
08-09-2014,27319.84961
09-09-2014,27265.32031
10-09-2014,27057.41016
11-09-2014,26995.86914
12-09-2014,27061.03906
15-09-2014,26816.56055
16-09-2014,26492.50977
17-09-2014,26631.28906
18-09-2014,27112.21094
19-09-2014,27090.41992
22-09-2014,27206.74023
23-09-2014,26775.68945
24-09-2014,26744.68945
25-09-2014,26468.35938
26-09-2014,26626.32031
29-09-2014,26597.10938
30-09-2014,26630.50977
01-10-2014,26567.99023
07-10-2014,26271.9707
08-10-2014,26246.78906
09-10-2014,26637.2793
10-10-2014,26297.38086
13-10-2014,26384.07031
14-10-2014,26349.33008
16-10-2014,25999.33984
17-10-2014,26108.5293
20-10-2014,26429.84961
21-10-2014,26575.65039
22-10-2014,26787.23047
27-10-2014,26752.90039
28-10-2014,26880.82031
29-10-2014,27098.16992
30-10-2014,27346.33008
31-10-2014,27865.83008
03-11-2014,27860.38086
05-11-2014,27915.88086
07-11-2014,27868.63086
10-11-2014,27874.73047
11-11-2014,27910.06055
12-11-2014,28008.90039
13-11-2014,27940.64063
14-11-2014,28046.66016
17-11-2014,28177.88086
18-11-2014,28163.28906
19-11-2014,28032.84961
20-11-2014,28067.56055
21-11-2014,28334.63086
24-11-2014,28499.53906
25-11-2014,28338.05078
26-11-2014,28386.18945
27-11-2014,28438.91016
28-11-2014,28693.99023
01-12-2014,28559.61914
02-12-2014,28444.00977
03-12-2014,28442.71094
04-12-2014,28562.82031
05-12-2014,28458.09961
08-12-2014,28119.40039
09-12-2014,27797.00977
10-12-2014,27831.09961
11-12-2014,27602.00977
12-12-2014,27350.67969
15-12-2014,27319.56055
16-12-2014,26781.43945
17-12-2014,26710.13086
18-12-2014,27126.57031
19-12-2014,27371.83984
22-12-2014,27701.78906
23-12-2014,27506.46094
24-12-2014,27208.60938
30-12-2014,27403.53906
31-12-2014,27499.41992
02-01-2015,27887.90039
05-01-2015,27842.32031
06-01-2015,26987.46094
07-01-2015,26908.82031
08-01-2015,27274.71094
09-01-2015,27458.38086
12-01-2015,27585.26953
13-01-2015,27425.73047
14-01-2015,27346.82031
15-01-2015,28075.55078
16-01-2015,28121.89063
19-01-2015,28262.00977
20-01-2015,28784.66992
21-01-2015,28888.85938
22-01-2015,29006.01953
23-01-2015,29278.83984
27-01-2015,29571.03906
28-01-2015,29559.17969
29-01-2015,29681.76953
30-01-2015,29182.94922
02-02-2015,29122.26953
03-02-2015,29000.14063
04-02-2015,28883.10938
05-02-2015,28850.9707
06-02-2015,28717.91016
09-02-2015,28227.39063
10-02-2015,28355.61914
11-02-2015,28533.9707
12-02-2015,28805.09961
13-02-2015,29094.92969
16-02-2015,29135.88086
18-02-2015,29320.25977
19-02-2015,29462.26953
20-02-2015,29231.41016
23-02-2015,28975.10938
24-02-2015,29004.66016
25-02-2015,29007.99023
26-02-2015,28746.65039
27-02-2015,29220.11914
02-03-2015,29459.14063
03-03-2015,29593.73047
04-03-2015,29380.73047
05-03-2015,29448.94922
09-03-2015,28844.7793
10-03-2015,28709.86914
11-03-2015,28659.16992
12-03-2015,28930.41016
13-03-2015,28503.30078
16-03-2015,28437.71094
17-03-2015,28736.38086
18-03-2015,28622.11914
19-03-2015,28469.66992
20-03-2015,28261.08008
23-03-2015,28192.01953
24-03-2015,28161.7207
25-03-2015,28111.83008
26-03-2015,27457.58008
27-03-2015,27458.64063
30-03-2015,27975.85938
31-03-2015,27957.49023
01-04-2015,28260.14063
06-04-2015,28504.46094
07-04-2015,28516.58984
08-04-2015,28707.75
09-04-2015,28885.21094
10-04-2015,28879.38086
13-04-2015,29044.43945
15-04-2015,28799.68945
16-04-2015,28666.03906
17-04-2015,28442.09961
20-04-2015,27886.21094
21-04-2015,27676.03906
22-04-2015,27890.13086
23-04-2015,27735.01953
24-04-2015,27437.93945
27-04-2015,27176.99023
28-04-2015,27396.38086
29-04-2015,27225.92969
30-04-2015,27011.31055
04-05-2015,27490.58984
05-05-2015,27440.14063
06-05-2015,26717.36914
07-05-2015,26599.10938
08-05-2015,27105.39063
11-05-2015,27507.30078
12-05-2015,26877.48047
13-05-2015,27251.09961
14-05-2015,27206.06055
15-05-2015,27324
18-05-2015,27687.30078
19-05-2015,27645.5293
20-05-2015,27837.21094
21-05-2015,27809.34961
22-05-2015,27957.5
25-05-2015,27643.88086
26-05-2015,27531.41016
27-05-2015,27564.66016
28-05-2015,27506.71094
29-05-2015,27828.43945
01-06-2015,27848.99023
02-06-2015,27188.38086
03-06-2015,26837.19922
04-06-2015,26813.41992
05-06-2015,26768.49023
08-06-2015,26523.08984
09-06-2015,26481.25
10-06-2015,26840.5
11-06-2015,26370.98047
12-06-2015,26425.30078
15-06-2015,26586.55078
16-06-2015,26686.50977
17-06-2015,26832.66016
18-06-2015,27115.83008
19-06-2015,27316.16992
22-06-2015,27730.21094
23-06-2015,27804.36914
24-06-2015,27729.66992
25-06-2015,27895.9707
26-06-2015,27811.83984
29-06-2015,27645.15039
30-06-2015,27780.83008
01-07-2015,28020.86914
02-07-2015,27945.80078
03-07-2015,28092.78906
06-07-2015,28208.75977
07-07-2015,28171.68945
08-07-2015,27687.7207
09-07-2015,27573.66016
10-07-2015,27661.40039
13-07-2015,27961.18945
14-07-2015,27932.90039
15-07-2015,28198.28906
16-07-2015,28446.11914
17-07-2015,28463.31055
20-07-2015,28420.11914
21-07-2015,28182.14063
22-07-2015,28504.92969
23-07-2015,28370.83984
24-07-2015,28112.31055
27-07-2015,27561.38086
28-07-2015,27459.23047
29-07-2015,27563.42969
30-07-2015,27705.34961
31-07-2015,28114.56055
03-08-2015,28187.06055
04-08-2015,28071.92969
05-08-2015,28223.08008
06-08-2015,28298.13086
07-08-2015,28236.39063
10-08-2015,28101.7207
11-08-2015,27866.08984
12-08-2015,27512.25977
13-08-2015,27549.5293
14-08-2015,28067.31055
17-08-2015,27878.26953
18-08-2015,27831.53906
19-08-2015,27931.64063
20-08-2015,27607.82031
21-08-2015,27366.07031
24-08-2015,25741.56055
25-08-2015,26032.38086
26-08-2015,25714.66016
27-08-2015,26231.18945
28-08-2015,26392.38086
31-08-2015,26283.08984
01-09-2015,25696.43945
02-09-2015,25453.56055
03-09-2015,25764.7793
04-09-2015,25201.90039
07-09-2015,24893.81055
08-09-2015,25317.86914
09-09-2015,25719.58008
10-09-2015,25622.16992
11-09-2015,25610.21094
14-09-2015,25856.69922
15-09-2015,25705.92969
16-09-2015,25963.9707
18-09-2015,26218.91016
21-09-2015,26192.98047
22-09-2015,25651.83984
23-09-2015,25822.99023
24-09-2015,25863.5
28-09-2015,25616.83984
29-09-2015,25778.66016
30-09-2015,26154.83008
01-10-2015,26220.94922
05-10-2015,26785.55078
06-10-2015,26932.88086
07-10-2015,27035.84961
08-10-2015,26845.81055
09-10-2015,27079.50977
12-10-2015,26904.10938
13-10-2015,26846.5293
14-10-2015,26779.66016
15-10-2015,27010.14063
16-10-2015,27214.59961
19-10-2015,27364.91992
20-10-2015,27306.83008
21-10-2015,27287.66016
23-10-2015,27470.81055
26-10-2015,27361.96094
27-10-2015,27253.43945
28-10-2015,27039.75977
29-10-2015,26838.14063
30-10-2015,26656.83008
02-11-2015,26559.15039
03-11-2015,26590.58984
04-11-2015,26552.91992
05-11-2015,26304.19922
06-11-2015,26265.24023
09-11-2015,26121.40039
10-11-2015,25743.25977
13-11-2015,25610.5293
16-11-2015,25760.09961
17-11-2015,25864.4707
18-11-2015,25482.51953
19-11-2015,25841.91992
20-11-2015,25868.49023
23-11-2015,25819.33984
24-11-2015,25775.74023
26-11-2015,25958.63086
27-11-2015,26128.19922
30-11-2015,26145.66992
01-12-2015,26169.41016
02-12-2015,26117.84961
03-12-2015,25886.61914
04-12-2015,25638.10938
07-12-2015,25530.10938
08-12-2015,25310.33008
09-12-2015,25036.05078
10-12-2015,25252.32031
11-12-2015,25044.42969
14-12-2015,25150.34961
15-12-2015,25320.43945
16-12-2015,25494.36914
17-12-2015,25803.7793
18-12-2015,25519.2207
21-12-2015,25735.90039
22-12-2015,25590.65039
23-12-2015,25850.30078
24-12-2015,25838.71094
28-12-2015,26034.13086
29-12-2015,26079.48047
30-12-2015,25960.0293
31-12-2015,26117.53906
04-01-2016,25623.34961
05-01-2016,25580.33984
06-01-2016,25406.33008
07-01-2016,24851.83008
08-01-2016,24934.33008
11-01-2016,24825.03906
12-01-2016,24682.0293
13-01-2016,24854.10938
14-01-2016,24772.9707
15-01-2016,24455.03906
18-01-2016,24188.36914
19-01-2016,24479.83984
20-01-2016,24062.03906
21-01-2016,23962.21094
22-01-2016,24435.66016
25-01-2016,24485.94922
27-01-2016,24492.39063
28-01-2016,24469.57031
29-01-2016,24870.68945
01-02-2016,24824.83008
02-02-2016,24539
03-02-2016,24223.32031
04-02-2016,24338.42969
05-02-2016,24616.9707
08-02-2016,24287.41992
09-02-2016,24020.98047
10-02-2016,23758.90039
11-02-2016,22951.83008
12-02-2016,22986.11914
15-02-2016,23554.11914
16-02-2016,23191.9707
17-02-2016,23381.86914
18-02-2016,23649.2207
19-02-2016,23709.15039
22-02-2016,23788.78906
23-02-2016,23410.17969
24-02-2016,23088.92969
25-02-2016,22976
26-02-2016,23154.30078
29-02-2016,23002
01-03-2016,23779.34961
02-03-2016,24242.98047
03-03-2016,24606.99023
04-03-2016,24646.48047
08-03-2016,24659.23047
09-03-2016,24793.96094
10-03-2016,24623.33984
11-03-2016,24717.99023
14-03-2016,24804.2793
15-03-2016,24551.16992
16-03-2016,24682.48047
17-03-2016,24677.36914
18-03-2016,24952.74023
21-03-2016,25285.36914
22-03-2016,25330.49023
23-03-2016,25337.56055
28-03-2016,24966.40039
29-03-2016,24900.46094
30-03-2016,25338.58008
31-03-2016,25341.85938
01-04-2016,25269.64063
04-04-2016,25399.65039
05-04-2016,24883.58984
06-04-2016,24900.63086
07-04-2016,24685.41992
08-04-2016,24673.83984
11-04-2016,25022.16016
12-04-2016,25145.58984
13-04-2016,25626.75
18-04-2016,25816.35938
20-04-2016,25844.17969
21-04-2016,25880.38086
22-04-2016,25838.14063
25-04-2016,25678.92969
26-04-2016,26007.30078
27-04-2016,26064.11914
28-04-2016,25603.09961
29-04-2016,25606.61914
02-05-2016,25436.9707
03-05-2016,25229.69922
04-05-2016,25101.73047
05-05-2016,25262.21094
06-05-2016,25228.5
09-05-2016,25688.85938
10-05-2016,25772.5293
11-05-2016,25597.01953
12-05-2016,25790.2207
13-05-2016,25489.57031
16-05-2016,25653.23047
17-05-2016,25773.60938
18-05-2016,25704.60938
19-05-2016,25399.7207
20-05-2016,25301.90039
23-05-2016,25230.35938
24-05-2016,25305.4707
25-05-2016,25881.16992
26-05-2016,26366.67969
27-05-2016,26653.59961
30-05-2016,26725.59961
31-05-2016,26667.96094
01-06-2016,26713.92969
02-06-2016,26843.14063
03-06-2016,26843.0293
06-06-2016,26777.44922
07-06-2016,27009.66992
08-06-2016,27020.66016
09-06-2016,26763.46094
10-06-2016,26635.75
13-06-2016,26396.76953
14-06-2016,26395.71094
15-06-2016,26726.33984
16-06-2016,26525.46094
17-06-2016,26625.91016
20-06-2016,26866.91992
21-06-2016,26812.7793
22-06-2016,26765.65039
23-06-2016,27002.2207
24-06-2016,26397.71094
27-06-2016,26402.96094
28-06-2016,26524.55078
29-06-2016,26740.39063
30-06-2016,26999.7207
01-07-2016,27144.91016
04-07-2016,27278.75977
05-07-2016,27166.86914
07-07-2016,27201.49023
08-07-2016,27126.90039
11-07-2016,27626.68945
12-07-2016,27808.14063
13-07-2016,27815.17969
14-07-2016,27942.10938
15-07-2016,27836.5
18-07-2016,27746.66016
19-07-2016,27787.61914
20-07-2016,27915.89063
21-07-2016,27710.51953
22-07-2016,27803.24023
25-07-2016,28095.33984
26-07-2016,27976.51953
27-07-2016,28024.33008
28-07-2016,28208.61914
29-07-2016,28051.85938
01-08-2016,28003.11914
02-08-2016,27981.71094
03-08-2016,27697.50977
04-08-2016,27714.36914
05-08-2016,28078.34961
08-08-2016,28182.57031
09-08-2016,28085.16016
10-08-2016,27774.88086
11-08-2016,27859.59961
12-08-2016,28152.40039
16-08-2016,28064.60938
17-08-2016,28005.36914
18-08-2016,28123.43945
19-08-2016,28077
22-08-2016,27985.53906
23-08-2016,27990.21094
24-08-2016,28059.93945
25-08-2016,27835.91016
26-08-2016,27782.25
29-08-2016,27902.66016
30-08-2016,28343.00977
31-08-2016,28452.16992
01-09-2016,28423.48047
02-09-2016,28532.10938
06-09-2016,28978.01953
07-09-2016,28926.35938
08-09-2016,29045.2793
09-09-2016,28797.25
12-09-2016,28353.53906
14-09-2016,28372.23047
15-09-2016,28412.89063
16-09-2016,28599.0293
19-09-2016,28634.5
20-09-2016,28523.19922
21-09-2016,28507.41992
22-09-2016,28773.13086
23-09-2016,28668.2207
26-09-2016,28294.2793
27-09-2016,28223.69922
28-09-2016,28292.81055
29-09-2016,27827.5293
30-09-2016,27865.96094
03-10-2016,28243.28906
04-10-2016,28334.55078
05-10-2016,28220.98047
06-10-2016,28106.21094
07-10-2016,28061.14063
10-10-2016,28082.33984
13-10-2016,27643.10938
14-10-2016,27673.59961
17-10-2016,27529.9707
18-10-2016,28050.88086
19-10-2016,27984.36914
20-10-2016,28129.83984
21-10-2016,28077.17969
24-10-2016,28179.08008
25-10-2016,28091.41992
26-10-2016,27836.50977
27-10-2016,27915.90039
28-10-2016,27941.50977
01-11-2016,27876.60938
02-11-2016,27527.2207
03-11-2016,27430.2793
04-11-2016,27274.15039
07-11-2016,27458.99023
08-11-2016,27591.14063
09-11-2016,27252.5293
10-11-2016,27517.67969
11-11-2016,26818.82031
15-11-2016,26304.63086
16-11-2016,26298.68945
17-11-2016,26227.61914
18-11-2016,26150.24023
21-11-2016,25765.14063
22-11-2016,25960.7793
23-11-2016,26051.81055
24-11-2016,25860.16992
25-11-2016,26316.33984
28-11-2016,26350.16992
29-11-2016,26394.00977
30-11-2016,26652.81055
01-12-2016,26559.91992
02-12-2016,26230.66016
05-12-2016,26349.09961
06-12-2016,26392.75977
07-12-2016,26236.86914
08-12-2016,26694.2793
09-12-2016,26747.17969
12-12-2016,26515.24023
13-12-2016,26697.82031
14-12-2016,26602.83984
15-12-2016,26519.07031
16-12-2016,26489.56055
19-12-2016,26374.69922
20-12-2016,26307.98047
21-12-2016,26242.38086
22-12-2016,25979.59961
23-12-2016,26040.69922
26-12-2016,25807.09961
27-12-2016,26213.43945
28-12-2016,26210.67969
29-12-2016,26366.15039
30-12-2016,26626.46094
02-01-2017,26595.44922
03-01-2017,26643.24023
04-01-2017,26633.13086
05-01-2017,26878.24023
06-01-2017,26759.23047
09-01-2017,26726.55078
10-01-2017,26899.56055
11-01-2017,27140.41016
12-01-2017,27247.16016
13-01-2017,27238.06055
16-01-2017,27288.16992
17-01-2017,27235.66016
18-01-2017,27257.64063
19-01-2017,27308.59961
20-01-2017,27034.5
23-01-2017,27117.33984
24-01-2017,27375.58008
25-01-2017,27708.14063
27-01-2017,27882.46094
30-01-2017,27849.56055
31-01-2017,27655.96094
01-02-2017,28141.64063
02-02-2017,28226.60938
03-02-2017,28240.51953
06-02-2017,28439.2793
07-02-2017,28335.16016
08-02-2017,28289.91992
09-02-2017,28329.69922
10-02-2017,28334.25
13-02-2017,28351.61914
14-02-2017,28339.31055
15-02-2017,28155.56055
16-02-2017,28301.26953
17-02-2017,28468.75
20-02-2017,28661.58008
21-02-2017,28761.58984
22-02-2017,28864.71094
23-02-2017,28892.9707
27-02-2017,28812.88086
28-02-2017,28743.32031
01-03-2017,28984.49023
02-03-2017,28839.78906
03-03-2017,28832.44922
06-03-2017,29048.18945
07-03-2017,28999.56055
08-03-2017,28901.93945
09-03-2017,28929.13086
10-03-2017,28946.23047
14-03-2017,29442.63086
15-03-2017,29398.10938
16-03-2017,29585.84961
17-03-2017,29648.99023
20-03-2017,29518.74023
21-03-2017,29485.44922
22-03-2017,29167.67969
23-03-2017,29332.16016
24-03-2017,29421.40039
27-03-2017,29237.15039
28-03-2017,29409.51953
29-03-2017,29531.42969
30-03-2017,29647.41992
31-03-2017,29620.5
03-04-2017,29910.2207
05-04-2017,29974.24023
06-04-2017,29927.33984
07-04-2017,29706.60938
10-04-2017,29575.74023
11-04-2017,29788.34961
12-04-2017,29643.48047
13-04-2017,29461.44922
17-04-2017,29413.66016
18-04-2017,29319.09961
19-04-2017,29336.57031
20-04-2017,29422.39063
21-04-2017,29365.30078
24-04-2017,29655.83984
25-04-2017,29943.24023
26-04-2017,30133.34961
27-04-2017,30029.74023
28-04-2017,29918.40039
02-05-2017,29921.17969
03-05-2017,29894.80078
04-05-2017,30126.21094
05-05-2017,29858.80078
08-05-2017,29926.15039
09-05-2017,29933.25
10-05-2017,30248.16992
11-05-2017,30250.98047
12-05-2017,30188.15039
15-05-2017,30322.11914
16-05-2017,30582.59961
17-05-2017,30658.76953
18-05-2017,30434.78906
19-05-2017,30464.91992
22-05-2017,30570.9707
23-05-2017,30365.25
24-05-2017,30301.64063
25-05-2017,30750.0293
26-05-2017,31028.21094
29-05-2017,31109.2793
30-05-2017,31159.40039
31-05-2017,31145.80078
01-06-2017,31137.58984
02-06-2017,31273.28906
05-06-2017,31309.49023
06-06-2017,31190.56055
07-06-2017,31271.2793
08-06-2017,31213.35938
09-06-2017,31262.06055
12-06-2017,31095.69922
13-06-2017,31103.49023
14-06-2017,31155.91016
15-06-2017,31075.73047
16-06-2017,31056.40039
19-06-2017,31311.57031
20-06-2017,31297.5293
21-06-2017,31283.64063
22-06-2017,31290.74023
23-06-2017,31138.21094
27-06-2017,30958.25
28-06-2017,30834.32031
29-06-2017,30857.51953
30-06-2017,30921.60938
03-07-2017,31221.61914
04-07-2017,31209.78906
05-07-2017,31245.56055
06-07-2017,31369.33984
07-07-2017,31360.63086
10-07-2017,31715.64063
11-07-2017,31747.08984
12-07-2017,31804.82031
13-07-2017,32037.38086
14-07-2017,32020.75
17-07-2017,32074.7793
18-07-2017,31710.99023
19-07-2017,31955.34961
20-07-2017,31904.40039
21-07-2017,32028.89063
24-07-2017,32245.86914
25-07-2017,32228.26953
26-07-2017,32382.46094
27-07-2017,32383.30078
28-07-2017,32309.88086
31-07-2017,32514.93945
01-08-2017,32575.16992
02-08-2017,32476.74023
03-08-2017,32237.88086
04-08-2017,32325.41016
07-08-2017,32273.66992
08-08-2017,32014.18945
09-08-2017,31797.83984
10-08-2017,31531.33008
11-08-2017,31213.58984
14-08-2017,31449.0293
16-08-2017,31770.89063
17-08-2017,31795.46094
18-08-2017,31524.67969
21-08-2017,31258.84961
22-08-2017,31291.84961
23-08-2017,31568.00977
24-08-2017,31596.06055
28-08-2017,31750.82031
29-08-2017,31388.39063
30-08-2017,31646.46094
31-08-2017,31730.49023
01-09-2017,31892.23047
04-09-2017,31702.25
05-09-2017,31809.55078
06-09-2017,31661.9707
07-09-2017,31662.74023
08-09-2017,31687.51953
11-09-2017,31882.16016
12-09-2017,32158.66016
13-09-2017,32186.41016
14-09-2017,32241.92969
15-09-2017,32272.60938
18-09-2017,32423.75977
19-09-2017,32402.36914
20-09-2017,32400.50977
21-09-2017,32370.03906
22-09-2017,31922.43945
25-09-2017,31626.63086
26-09-2017,31599.75977
27-09-2017,31159.81055
28-09-2017,31282.48047
29-09-2017,31283.7207
03-10-2017,31497.38086
04-10-2017,31671.71094
05-10-2017,31592.0293
06-10-2017,31814.2207
09-10-2017,31846.89063
10-10-2017,31924.41016
11-10-2017,31833.99023
12-10-2017,32182.2207
13-10-2017,32432.68945
16-10-2017,32633.64063
17-10-2017,32609.16016
18-10-2017,32584.34961
19-10-2017,32389.96094
23-10-2017,32506.7207
24-10-2017,32607.33984
25-10-2017,33042.5
26-10-2017,33147.12891
27-10-2017,33157.21875
30-10-2017,33266.16016
31-10-2017,33213.12891
01-11-2017,33600.26953
02-11-2017,33573.21875
03-11-2017,33685.55859
06-11-2017,33731.19141
07-11-2017,33370.76172
08-11-2017,33218.80859
09-11-2017,33250.92969
10-11-2017,33314.55859
13-11-2017,33033.55859
14-11-2017,32941.87109
15-11-2017,32760.43945
16-11-2017,33106.82031
17-11-2017,33342.80078
20-11-2017,33359.89844
21-11-2017,33478.35156
22-11-2017,33561.55078
23-11-2017,33588.07813
24-11-2017,33679.23828
27-11-2017,33724.44141
28-11-2017,33618.58984
29-11-2017,33602.76172
30-11-2017,33149.35156
01-12-2017,32832.94141
04-12-2017,32869.71875
05-12-2017,32802.44141
06-12-2017,32597.17969
07-12-2017,32949.21094
08-12-2017,33250.30078
11-12-2017,33455.78906
12-12-2017,33227.98828
13-12-2017,33053.03906
14-12-2017,33246.69922
15-12-2017,33462.96875
18-12-2017,33601.67969
19-12-2017,33836.73828
20-12-2017,33777.37891
21-12-2017,33756.28125
22-12-2017,33940.30078
26-12-2017,34010.60938
27-12-2017,33911.80859
28-12-2017,33848.03125
29-12-2017,34056.82813
01-01-2018,33812.75
02-01-2018,33812.26172
03-01-2018,33793.37891
04-01-2018,33969.64063
05-01-2018,34153.85156
08-01-2018,34352.78906
09-01-2018,34443.19141
10-01-2018,34433.07031
11-01-2018,34503.48828
12-01-2018,34592.39063
15-01-2018,34843.51172
16-01-2018,34771.05078
17-01-2018,35081.82031
18-01-2018,35260.28906
19-01-2018,35511.57813
22-01-2018,35798.01172
23-01-2018,36139.98047
24-01-2018,36161.64063
25-01-2018,36050.44141
29-01-2018,36283.25
30-01-2018,36033.73047
31-01-2018,35965.01953
01-02-2018,35906.66016
02-02-2018,35066.75
05-02-2018,34757.16016
06-02-2018,34195.94141
07-02-2018,34082.71094
08-02-2018,34413.16016
09-02-2018,34005.76172
12-02-2018,34300.46875
14-02-2018,34155.94922
15-02-2018,34297.46875
16-02-2018,34010.76172
19-02-2018,33774.66016
20-02-2018,33703.58984
21-02-2018,33844.85938
22-02-2018,33819.5
23-02-2018,34142.14844
26-02-2018,34445.75
27-02-2018,34346.39063
28-02-2018,34184.03906
01-03-2018,34046.94141
05-03-2018,33746.78125
06-03-2018,33317.19922
07-03-2018,33033.08984
08-03-2018,33351.57031
09-03-2018,33307.14063
12-03-2018,33917.94141
13-03-2018,33856.78125
14-03-2018,33835.73828
15-03-2018,33685.53906
16-03-2018,33176
19-03-2018,32923.12109
20-03-2018,32996.76172
21-03-2018,33136.17969
22-03-2018,33006.26953
23-03-2018,32596.53906
26-03-2018,33066.41016
27-03-2018,33174.39063
28-03-2018,32968.67969
02-04-2018,33255.35938
03-04-2018,33370.62891
04-04-2018,33019.07031
05-04-2018,33596.80078
06-04-2018,33626.96875
09-04-2018,33788.53906
10-04-2018,33880.25
11-04-2018,33940.44141
12-04-2018,34101.12891
13-04-2018,34192.64844
16-04-2018,34305.42969
17-04-2018,34395.05859
18-04-2018,34331.67969
19-04-2018,34427.28906
20-04-2018,34415.57813
23-04-2018,34450.76953
24-04-2018,34616.64063
25-04-2018,34501.26953
26-04-2018,34713.60156
27-04-2018,34969.69922
30-04-2018,35160.35938
02-05-2018,35176.42188
03-05-2018,35103.14063
04-05-2018,34915.37891
07-05-2018,35208.14063
08-05-2018,35216.32031
09-05-2018,35319.35156
10-05-2018,35246.26953
11-05-2018,35535.78906
14-05-2018,35556.71094
15-05-2018,35543.94141
16-05-2018,35387.87891
17-05-2018,35149.12109
18-05-2018,34848.30078
21-05-2018,34616.12891
22-05-2018,34651.23828
23-05-2018,34344.91016
24-05-2018,34663.10938
25-05-2018,34924.87109
28-05-2018,35165.48047
29-05-2018,34949.23828
30-05-2018,34906.10938
31-05-2018,35322.37891
01-06-2018,35227.26172
04-06-2018,35011.89063
05-06-2018,34903.21094
06-06-2018,35178.87891
07-06-2018,35463.07813
08-06-2018,35443.67188
11-06-2018,35483.46875
12-06-2018,35692.51953
13-06-2018,35739.16016
14-06-2018,35599.82031
15-06-2018,35622.14063
18-06-2018,35548.26172
19-06-2018,35286.73828
20-06-2018,35547.32813
21-06-2018,35432.39063
22-06-2018,35689.60156
25-06-2018,35470.35156
26-06-2018,35490.03906
27-06-2018,35217.10938
28-06-2018,35037.64063
29-06-2018,35423.48047
02-07-2018,35264.41016
03-07-2018,35378.60156
04-07-2018,35645.39844
05-07-2018,35574.55078
06-07-2018,35657.85938
09-07-2018,35934.71875
10-07-2018,36239.62109
11-07-2018,36265.92969
12-07-2018,36548.41016
13-07-2018,36541.62891
16-07-2018,36323.76953
17-07-2018,36519.96094
18-07-2018,36373.44141
19-07-2018,36351.23047
20-07-2018,36496.37109
23-07-2018,36718.60156
24-07-2018,36825.10156
25-07-2018,36858.23047
26-07-2018,36984.64063
27-07-2018,37336.85156
30-07-2018,37494.39844
31-07-2018,37606.57813
01-08-2018,37521.62109
02-08-2018,37165.16016
03-08-2018,37556.16016
06-08-2018,37691.89063
07-08-2018,37665.80078
08-08-2018,37887.55859
09-08-2018,38024.37109
10-08-2018,37869.23047
13-08-2018,37644.89844
14-08-2018,37852
16-08-2018,37663.55859
17-08-2018,37947.87891
20-08-2018,38278.75
21-08-2018,38285.75
23-08-2018,38336.76172
24-08-2018,38251.80078
27-08-2018,38694.10938
28-08-2018,38896.62891
29-08-2018,38722.92969
30-08-2018,38690.10156
31-08-2018,38645.07031
03-09-2018,38312.51953
04-09-2018,38157.92188
05-09-2018,38018.30859
06-09-2018,38242.80859
07-09-2018,38389.82031
10-09-2018,37922.17188
11-09-2018,37413.12891
12-09-2018,37717.96094
14-09-2018,38090.64063
17-09-2018,37585.51172
18-09-2018,37290.67188
19-09-2018,37121.21875
21-09-2018,36841.60156
24-09-2018,36305.01953
25-09-2018,36652.05859
26-09-2018,36542.26953
27-09-2018,36324.17188
28-09-2018,36227.14063
01-10-2018,36526.14063
03-10-2018,35975.62891
04-10-2018,35169.16016
05-10-2018,34376.98828
08-10-2018,34474.37891
09-10-2018,34299.46875
10-10-2018,34760.89063
11-10-2018,34001.14844
12-10-2018,34733.57813
15-10-2018,34865.10156
16-10-2018,35162.48047
17-10-2018,34779.57813
19-10-2018,34315.62891
22-10-2018,34134.37891
23-10-2018,33847.23047
24-10-2018,34033.96094
25-10-2018,33690.08984
26-10-2018,33349.30859
29-10-2018,34067.39844
30-10-2018,33891.12891
31-10-2018,34442.05078
01-11-2018,34431.96875
02-11-2018,35011.64844
05-11-2018,34950.92188
06-11-2018,34991.91016
07-11-2018,35237.67969
09-11-2018,35158.55078
12-11-2018,34812.98828
13-11-2018,35144.48828
14-11-2018,35141.98828
15-11-2018,35260.53906
16-11-2018,35457.16016
19-11-2018,35774.87891
20-11-2018,35474.51172
21-11-2018,35199.80078
22-11-2018,34981.01953
26-11-2018,35354.07813
27-11-2018,35513.14063
28-11-2018,35716.94922
29-11-2018,36170.41016
30-11-2018,36194.30078
03-12-2018,36241
04-12-2018,36134.30859
05-12-2018,35884.41016
06-12-2018,35312.12891
07-12-2018,35673.25
10-12-2018,34959.71875
11-12-2018,35150.01172
12-12-2018,35779.07031
13-12-2018,35929.64063
14-12-2018,35962.92969
17-12-2018,36270.07031
18-12-2018,36347.07813
19-12-2018,36484.32813
20-12-2018,36431.67188
21-12-2018,35742.07031
24-12-2018,35470.14844
26-12-2018,35649.94141
27-12-2018,35807.28125
28-12-2018,36076.71875
31-12-2018,36068.32813
02-01-2019,35891.51953
03-01-2019,35513.71094
04-01-2019,35695.10156
07-01-2019,35850.16016
08-01-2019,35980.92969
09-01-2019,36212.91016
10-01-2019,36106.5
11-01-2019,36009.83984
14-01-2019,35853.55859
15-01-2019,36318.32813
16-01-2019,36321.28906
17-01-2019,36374.07813
18-01-2019,36386.60938
21-01-2019,36578.96094
22-01-2019,36444.64063
23-01-2019,36108.46875
24-01-2019,36195.10156
25-01-2019,36025.53906
28-01-2019,35656.69922
29-01-2019,35592.5
30-01-2019,35591.25
31-01-2019,36256.69141
01-02-2019,36469.42969
04-02-2019,36582.73828
05-02-2019,36616.80859
06-02-2019,36975.23047
07-02-2019,36971.08984
08-02-2019,36546.48047
11-02-2019,36395.03125
12-02-2019,36153.62109
14-02-2019,35876.21875
15-02-2019,35808.94922
18-02-2019,35498.44141
19-02-2019,35352.60938
20-02-2019,35756.26172
21-02-2019,35898.35156
22-02-2019,35871.48047
25-02-2019,36213.37891
26-02-2019,35973.71094
27-02-2019,35905.42969
28-02-2019,35867.44141
01-03-2019,36063.80859
05-03-2019,36442.53906
06-03-2019,36636.10156
07-03-2019,36725.42188
08-03-2019,36671.42969
11-03-2019,37054.10156
12-03-2019,37535.66016
13-03-2019,37752.17188
14-03-2019,37754.89063
15-03-2019,38024.32031
18-03-2019,38095.07031
19-03-2019,38363.46875
20-03-2019,38386.75
22-03-2019,38164.60938
25-03-2019,37808.91016
26-03-2019,38233.41016
27-03-2019,38132.87891
28-03-2019,38545.71875
01-04-2019,38871.87109
02-04-2019,39056.64844
03-04-2019,38877.12109
04-04-2019,38684.71875
05-04-2019,38862.23047
08-04-2019,38700.53125
09-04-2019,38939.21875
10-04-2019,38585.35156
11-04-2019,38607.01172
12-04-2019,38767.10938
15-04-2019,38905.83984
16-04-2019,39275.64063
18-04-2019,39140.28125
22-04-2019,38645.17969
23-04-2019,38564.87891
24-04-2019,39054.67969
25-04-2019,38730.85938
26-04-2019,39067.32813
30-04-2019,39031.55078
02-05-2019,38981.42969
03-05-2019,38963.26172
06-05-2019,38600.33984
07-05-2019,38276.62891
08-05-2019,37789.12891
09-05-2019,37558.91016
10-05-2019,37462.98828
13-05-2019,37090.82031
14-05-2019,37318.53125
15-05-2019,37114.87891
16-05-2019,37393.48047
17-05-2019,37930.76953
20-05-2019,39352.67188
21-05-2019,38969.80078
22-05-2019,39110.21094
23-05-2019,38811.39063
24-05-2019,39434.71875
27-05-2019,39683.28906
28-05-2019,39749.73047
29-05-2019,39502.05078
30-05-2019,39831.96875
31-05-2019,39714.19922
03-06-2019,40267.62109
04-06-2019,40083.53906
06-06-2019,39529.71875
07-06-2019,39615.89844
10-06-2019,39784.51953
11-06-2019,39950.46094
12-06-2019,39756.80859
13-06-2019,39741.35938
14-06-2019,39452.07031
17-06-2019,38960.78906
18-06-2019,39046.33984
19-06-2019,39112.73828
20-06-2019,39601.62891
21-06-2019,39194.48828
24-06-2019,39122.96094
25-06-2019,39434.94141
26-06-2019,39592.07813
27-06-2019,39586.41016
28-06-2019,39394.64063
01-07-2019,39686.5
02-07-2019,39816.48047
03-07-2019,39839.25
04-07-2019,39908.05859
05-07-2019,39513.39063
08-07-2019,38720.57031
09-07-2019,38730.82031
10-07-2019,38557.03906
11-07-2019,38823.10938
12-07-2019,38736.23047
15-07-2019,38896.71094
16-07-2019,39131.03906
17-07-2019,39215.64063
18-07-2019,38897.46094
19-07-2019,38337.01172
22-07-2019,38031.12891
23-07-2019,37982.73828
24-07-2019,37847.64844
25-07-2019,37830.98047
26-07-2019,37882.78906
29-07-2019,37686.37109
30-07-2019,37397.23828
31-07-2019,37481.12109
01-08-2019,37018.32031
02-08-2019,37118.21875
05-08-2019,36699.83984
06-08-2019,36976.85156
07-08-2019,36690.5
08-08-2019,37327.35938
09-08-2019,37581.91016
13-08-2019,36958.16016
14-08-2019,37311.53125
16-08-2019,37350.32813
19-08-2019,37402.48828
20-08-2019,37328.01172
21-08-2019,37060.37109
22-08-2019,36472.92969
23-08-2019,36701.16016
26-08-2019,37494.12109
27-08-2019,37641.26953
28-08-2019,37451.83984
29-08-2019,37068.92969
30-08-2019,37332.78906
03-09-2019,36562.91016
04-09-2019,36724.73828
05-09-2019,36644.42188
06-09-2019,36981.76953
09-09-2019,37145.44922
11-09-2019,37270.82031
12-09-2019,37104.28125
13-09-2019,37384.98828
16-09-2019,37123.30859
17-09-2019,36481.08984
18-09-2019,36563.87891
19-09-2019,36093.46875
20-09-2019,38014.62109
23-09-2019,39090.03125
24-09-2019,39097.14063
25-09-2019,38593.51953
26-09-2019,38989.73828
27-09-2019,38822.57031
30-09-2019,38667.32813
01-10-2019,38305.41016
03-10-2019,38106.87109
04-10-2019,37673.30859
07-10-2019,37531.98047
09-10-2019,38177.94922
10-10-2019,37880.39844
11-10-2019,38127.07813
14-10-2019,38214.46875
15-10-2019,38506.08984
16-10-2019,38598.98828
17-10-2019,39052.05859
18-10-2019,39298.37891
22-10-2019,38963.83984
23-10-2019,39058.82813
24-10-2019,39020.39063
25-10-2019,39058.05859
29-10-2019,39831.83984
30-10-2019,40051.87109
31-10-2019,40129.05078
01-11-2019,40165.03125
04-11-2019,40301.96094
05-11-2019,40248.23047
06-11-2019,40469.78125
07-11-2019,40653.73828
08-11-2019,40323.60938
11-11-2019,40345.07813
13-11-2019,40116.05859
14-11-2019,40286.48047
15-11-2019,40356.69141
18-11-2019,40284.19141
19-11-2019,40469.69922
20-11-2019,40651.64063
21-11-2019,40575.17188
22-11-2019,40359.41016
25-11-2019,40889.23047
26-11-2019,40821.30078
27-11-2019,41020.60938
28-11-2019,41130.17188
29-11-2019,40793.80859
02-12-2019,40802.17188
03-12-2019,40675.44922
04-12-2019,40850.28906
05-12-2019,40779.58984
06-12-2019,40445.14844
09-12-2019,40487.42969
10-12-2019,40239.87891
11-12-2019,40412.57031
12-12-2019,40581.71094
13-12-2019,41009.71094
16-12-2019,40938.71875
17-12-2019,41352.17188
18-12-2019,41558.57031
19-12-2019,41673.92188
20-12-2019,41681.53906
23-12-2019,41642.66016
24-12-2019,41461.26172
26-12-2019,41163.76172
27-12-2019,41575.14063
30-12-2019,41558
31-12-2019,41253.73828
02-01-2020,41626.64063
03-01-2020,41464.60938
06-01-2020,40676.62891
07-01-2020,40869.46875
08-01-2020,40817.73828
09-01-2020,41452.35156
10-01-2020,41599.71875
13-01-2020,41859.69141
14-01-2020,41952.62891
15-01-2020,41872.73047
16-01-2020,41932.55859
17-01-2020,41945.37109
20-01-2020,41528.91016
21-01-2020,41323.80859
22-01-2020,41115.37891
23-01-2020,41386.39844
24-01-2020,41613.19141
27-01-2020,41155.12109
28-01-2020,40966.85938
29-01-2020,41198.66016
30-01-2020,40913.82031
31-01-2020,40723.48828
03-02-2020,39872.30859
04-02-2020,40789.37891
05-02-2020,41142.66016
06-02-2020,41306.03125
07-02-2020,41141.85156
10-02-2020,40979.62109
11-02-2020,41216.14063
12-02-2020,41565.89844
13-02-2020,41459.78906
14-02-2020,41257.73828
17-02-2020,41055.69141
18-02-2020,40894.37891
19-02-2020,41323
20-02-2020,41170.12109
24-02-2020,40363.23047
25-02-2020,40281.19922
26-02-2020,39888.96094
27-02-2020,39745.66016
28-02-2020,38297.28906
02-03-2020,38144.01953
03-03-2020,38623.69922
04-03-2020,38409.48047
05-03-2020,38470.60938
06-03-2020,37576.62109
09-03-2020,35634.94922
11-03-2020,35697.39844
12-03-2020,32778.14063
13-03-2020,34103.48047
16-03-2020,31390.07031
17-03-2020,30579.08984
18-03-2020,28869.50977
19-03-2020,28288.23047
20-03-2020,29915.96094
23-03-2020,25981.24023
24-03-2020,26674.0293
25-03-2020,28535.7793
26-03-2020,29946.76953
27-03-2020,29815.58984
30-03-2020,28440.32031
31-03-2020,29468.49023
01-04-2020,28265.31055
03-04-2020,27590.94922
07-04-2020,30067.21094
08-04-2020,29893.96094
09-04-2020,31159.61914
13-04-2020,30690.01953
15-04-2020,30379.81055
16-04-2020,30602.60938
17-04-2020,31588.7207
20-04-2020,31648
21-04-2020,30636.71094
22-04-2020,31379.55078
23-04-2020,31863.08008
24-04-2020,31327.2207
27-04-2020,31743.08008
28-04-2020,32114.51953
29-04-2020,32720.16016
30-04-2020,33717.62109
04-05-2020,31715.34961
05-05-2020,31453.50977
06-05-2020,31685.75
07-05-2020,31443.38086
08-05-2020,31642.69922
11-05-2020,31561.2207
12-05-2020,31371.11914
13-05-2020,32008.60938
14-05-2020,31122.89063
15-05-2020,31097.73047
18-05-2020,30028.98047
19-05-2020,30196.16992
20-05-2020,30818.60938
21-05-2020,30932.90039
22-05-2020,30672.58984
26-05-2020,30609.30078
27-05-2020,31605.2207
28-05-2020,32200.58984
29-05-2020,32424.09961
01-06-2020,33303.51953
02-06-2020,33825.53125
03-06-2020,34109.53906
04-06-2020,33980.69922
05-06-2020,34287.23828
08-06-2020,34370.57813
09-06-2020,33956.69141
10-06-2020,34247.05078
11-06-2020,33538.37109
12-06-2020,33780.89063
15-06-2020,33228.80078
16-06-2020,33605.21875
17-06-2020,33507.92188
18-06-2020,34208.05078
19-06-2020,34731.73047
22-06-2020,34911.32031
23-06-2020,35430.42969
24-06-2020,34868.98047
25-06-2020,34842.10156
26-06-2020,35171.26953
29-06-2020,34961.51953
30-06-2020,34915.80078
01-07-2020,35414.44922
02-07-2020,35843.69922
03-07-2020,36021.42188
06-07-2020,36487.28125
07-07-2020,36674.51953
08-07-2020,36329.01172
09-07-2020,36737.69141
10-07-2020,36594.32813
13-07-2020,36693.69141
14-07-2020,36033.05859
15-07-2020,36051.80859
16-07-2020,36471.67969
17-07-2020,37020.14063
20-07-2020,37418.98828
21-07-2020,37930.32813
22-07-2020,37871.51953
23-07-2020,38140.46875
24-07-2020,38128.89844
27-07-2020,37934.73047
28-07-2020,38492.94922
29-07-2020,38071.12891
30-07-2020,37736.07031
31-07-2020,37606.89063
03-08-2020,36939.60156
04-08-2020,37687.91016
05-08-2020,37663.32813
06-08-2020,38025.44922
07-08-2020,38040.57031
10-08-2020,38182.07813
11-08-2020,38407.01172
12-08-2020,38369.62891
13-08-2020,38310.48828
14-08-2020,37877.33984
17-08-2020,38050.78125
18-08-2020,38528.32031
19-08-2020,38614.78906
20-08-2020,38220.39063
21-08-2020,38434.71875
24-08-2020,38799.07813
25-08-2020,38843.87891
26-08-2020,39073.92188
27-08-2020,39113.46875
28-08-2020,39467.30859
31-08-2020,38628.28906
01-09-2020,38900.80078
02-09-2020,39086.03125
03-09-2020,38990.94141
04-09-2020,38357.17969
07-09-2020,38417.23047
08-09-2020,38365.35156
09-09-2020,38193.92188
10-09-2020,38840.32031
11-09-2020,38854.55078
14-09-2020,38756.62891
15-09-2020,39044.35156
16-09-2020,39302.85156
17-09-2020,38979.85156
18-09-2020,38845.82031
21-09-2020,38034.14063
22-09-2020,37734.07813
23-09-2020,37668.42188
24-09-2020,36553.60156
25-09-2020,37388.66016
28-09-2020,37981.62891
29-09-2020,37973.21875
30-09-2020,38067.92969
01-10-2020,38697.05078
05-10-2020,38973.69922
06-10-2020,39574.57031
07-10-2020,39878.94922
08-10-2020,40182.67188
09-10-2020,40509.48828
12-10-2020,40593.80078
13-10-2020,40625.51172
14-10-2020,40794.73828
15-10-2020,39728.41016
16-10-2020,39982.98047
19-10-2020,40431.60156
20-10-2020,40544.37109
21-10-2020,40707.30859
22-10-2020,40558.48828
23-10-2020,40685.5
26-10-2020,40145.5
27-10-2020,40522.10156
28-10-2020,39922.46094
29-10-2020,39749.85156
30-10-2020,39614.07031
02-11-2020,39757.57813
03-11-2020,40261.12891
04-11-2020,40616.14063
05-11-2020,41340.16016
06-11-2020,41893.05859
09-11-2020,42597.42969
10-11-2020,43277.64844
11-11-2020,43593.67188
12-11-2020,43357.19141
13-11-2020,43443
17-11-2020,43952.71094
18-11-2020,44180.05078
19-11-2020,43599.96094
20-11-2020,43882.25
23-11-2020,44077.14844
24-11-2020,44523.01953
25-11-2020,43828.10156
26-11-2020,44259.73828
27-11-2020,44149.71875
01-12-2020,44655.44141
02-12-2020,44618.03906
03-12-2020,44632.64844
04-12-2020,45079.55078
07-12-2020,45426.96875
08-12-2020,45608.51172
09-12-2020,46103.5
10-12-2020,45959.87891
11-12-2020,46099.01172
14-12-2020,46253.46094
15-12-2020,46263.17188
16-12-2020,46666.46094
17-12-2020,46890.33984
18-12-2020,46960.69141
21-12-2020,45553.96094
22-12-2020,46006.69141
23-12-2020,46444.17969
24-12-2020,46973.53906
28-12-2020,47353.75
29-12-2020,47613.07813
30-12-2020,47746.21875
31-12-2020,47751.32813
01-01-2021,47868.98047
04-01-2021,48176.80078
05-01-2021,48437.78125
06-01-2021,48174.05859
07-01-2021,48093.32031
08-01-2021,48782.51172
11-01-2021,49269.32031
12-01-2021,49517.10938
13-01-2021,49492.32031
14-01-2021,49584.16016
15-01-2021,49034.67188
18-01-2021,48564.26953
19-01-2021,49398.28906
20-01-2021,49792.12109
21-01-2021,49624.76172
22-01-2021,48878.53906
25-01-2021,48347.58984
27-01-2021,47409.92969
28-01-2021,46874.35938
29-01-2021,46285.76953
01-02-2021,48600.60938
02-02-2021,49797.71875
03-02-2021,50255.75
04-02-2021,50614.28906
05-02-2021,50731.62891
08-02-2021,51348.76953
09-02-2021,51329.07813
10-02-2021,51309.39063
11-02-2021,51531.51953
12-02-2021,51544.30078
15-02-2021,52154.12891
16-02-2021,52104.17188
17-02-2021,51703.82813
18-02-2021,51324.69141
19-02-2021,50889.76172
22-02-2021,49744.32031
23-02-2021,49751.41016
24-02-2021,50781.69141
25-02-2021,51039.30859
26-02-2021,49099.98828
01-03-2021,49849.83984
02-03-2021,50296.89063
03-03-2021,51444.64844
04-03-2021,50846.07813
05-03-2021,50405.32031
08-03-2021,50441.07031
09-03-2021,51025.48047
10-03-2021,51279.51172
12-03-2021,50792.07813
15-03-2021,50395.07813
16-03-2021,50363.96094
17-03-2021,49801.62109
18-03-2021,49216.51953
19-03-2021,49858.23828
22-03-2021,49771.28906
23-03-2021,50051.44141
24-03-2021,49180.30859
25-03-2021,48440.12109
26-03-2021,49008.5
30-03-2021,50136.57813
31-03-2021,49509.14844
01-04-2021,50029.82813
05-04-2021,49159.32031
06-04-2021,49201.39063
07-04-2021,49661.76172
08-04-2021,49746.21094
09-04-2021,49591.32031
12-04-2021,47883.37891
13-04-2021,48544.05859
15-04-2021,48803.67969
16-04-2021,48832.03125
19-04-2021,47949.42188
20-04-2021,47705.80078
22-04-2021,48080.67188
23-04-2021,47878.44922
26-04-2021,48386.51172
27-04-2021,48944.14063
28-04-2021,49733.83984
29-04-2021,49765.94141
30-04-2021,48782.35938
03-05-2021,48718.51953
04-05-2021,48253.51172
05-05-2021,48677.55078
06-05-2021,48949.76172
10-05-2021,49502.41016
11-05-2021,49161.80859
12-05-2021,48690.80078
14-05-2021,48732.55078
17-05-2021,49580.73047
18-05-2021,50193.32813
19-05-2021,49902.64063
20-05-2021,49564.85938
21-05-2021,50540.48047
24-05-2021,50651.89844
25-05-2021,50637.53125
26-05-2021,51017.51953
27-05-2021,51115.21875
28-05-2021,51422.87891
31-05-2021,51937.44141
01-06-2021,51934.87891
02-06-2021,51849.48047
03-06-2021,52232.42969
04-06-2021,52100.05078
07-06-2021,52328.51172
08-06-2021,52275.57031
09-06-2021,51941.64063
10-06-2021,52300.46875
11-06-2021,52474.76172
14-06-2021,52551.53125
15-06-2021,52773.05078
16-06-2021,52501.98047
17-06-2021,52323.32813
18-06-2021,52344.44922
21-06-2021,52574.46094
22-06-2021,52588.71094
23-06-2021,52306.07813
24-06-2021,52699
25-06-2021,52925.03906
28-06-2021,52735.58984
29-06-2021,52549.66016
30-06-2021,52482.71094
01-07-2021,52318.60156
02-07-2021,52484.67188
05-07-2021,52880
06-07-2021,52861.17969
07-07-2021,53054.76172
08-07-2021,52568.94141
09-07-2021,52386.19141
12-07-2021,52372.69141
13-07-2021,52769.73047
14-07-2021,52904.05078
15-07-2021,53158.85156
16-07-2021,53140.05859
19-07-2021,52553.39844
20-07-2021,52198.51172
22-07-2021,52837.21094
23-07-2021,52975.80078
26-07-2021,52852.26953
27-07-2021,52578.76172
28-07-2021,52443.71094
29-07-2021,52653.07031
30-07-2021,52586.83984
02-08-2021,52950.62891
03-08-2021,53823.35938
04-08-2021,54369.76953
05-08-2021,54492.83984
06-08-2021,54277.71875
09-08-2021,54402.85156
10-08-2021,54554.66016
11-08-2021,54525.92969
12-08-2021,54843.98047
13-08-2021,55437.28906
16-08-2021,55582.57813
17-08-2021,55792.26953
18-08-2021,55629.48828
20-08-2021,55329.32031
23-08-2021,55555.78906
24-08-2021,55958.98047
25-08-2021,55944.21094
26-08-2021,55949.10156
27-08-2021,56124.71875
30-08-2021,56889.76172
31-08-2021,57552.39063
01-09-2021,57338.21094
02-09-2021,57852.53906
03-09-2021,58129.94922
06-09-2021,58296.91016
07-09-2021,58279.48047
08-09-2021,58250.26172
09-09-2021,58305.07031
13-09-2021,58177.76172
14-09-2021,58247.08984
15-09-2021,58723.19922
16-09-2021,59141.16016
17-09-2021,59015.89063
20-09-2021,58490.92969
21-09-2021,59005.26953
22-09-2021,58927.32813
23-09-2021,59885.35938
24-09-2021,60048.46875
27-09-2021,60077.87891
28-09-2021,59667.60156
29-09-2021,59413.26953
30-09-2021,59126.35938
01-10-2021,58765.57813
04-10-2021,59299.32031
05-10-2021,59744.87891
06-10-2021,59189.73047
07-10-2021,59677.82813
08-10-2021,60059.05859
11-10-2021,60135.78125
12-10-2021,60284.30859
13-10-2021,60737.05078
14-10-2021,61305.94922
18-10-2021,61765.58984
19-10-2021,61716.05078
20-10-2021,61259.96094
21-10-2021,60923.5
22-10-2021,60821.62109
25-10-2021,60967.05078
26-10-2021,61350.26172
27-10-2021,61143.32813
28-10-2021,59984.69922
29-10-2021,59306.92969
01-11-2021,60138.46094
02-11-2021,60029.05859
03-11-2021,59771.92188
04-11-2021,60067.62109
08-11-2021,60545.60938
09-11-2021,60433.44922
10-11-2021,60352.82031
11-11-2021,59919.69141
12-11-2021,60686.69141
15-11-2021,60718.71094
16-11-2021,60322.37109
17-11-2021,60008.32813
18-11-2021,59636.01172
22-11-2021,58465.89063
23-11-2021,58664.32813
24-11-2021,58340.98828
25-11-2021,58795.08984
26-11-2021,57107.14844
29-11-2021,57260.57813
30-11-2021,57064.87109
01-12-2021,57684.78906
02-12-2021,58461.28906
03-12-2021,57696.46094
06-12-2021,56747.14063
07-12-2021,57633.64844
08-12-2021,58649.67969
09-12-2021,58807.12891
10-12-2021,58786.67188
13-12-2021,58283.42188
14-12-2021,58117.08984
15-12-2021,57788.03125
16-12-2021,57901.14063
17-12-2021,57011.73828
20-12-2021,55822.01172
21-12-2021,56319.01172
22-12-2021,56930.55859
23-12-2021,57315.28125
24-12-2021,57124.30859
27-12-2021,57420.23828
28-12-2021,57897.48047
29-12-2021,57806.48828
30-12-2021,57794.32031
31-12-2021,58253.82031
03-01-2022,59183.21875
04-01-2022,59855.92969
05-01-2022,60223.14844
06-01-2022,59601.83984
07-01-2022,59744.64844
10-01-2022,60395.62891
11-01-2022,60616.89063
12-01-2022,61150.03906
13-01-2022,61235.30078
14-01-2022,61223.03125
17-01-2022,61308.91016
18-01-2022,60754.85938
19-01-2022,60098.82031
20-01-2022,59464.62109
21-01-2022,59037.17969
24-01-2022,57491.51172
25-01-2022,57858.14844
27-01-2022,57276.94141
28-01-2022,57200.23047
31-01-2022,58014.17188
01-02-2022,58862.57031
02-02-2022,59558.32813
03-02-2022,58788.01953
04-02-2022,58644.82031
07-02-2022,57621.19141
08-02-2022,57808.57813
09-02-2022,58465.96875
10-02-2022,58926.03125
11-02-2022,58152.92188
14-02-2022,56405.83984
15-02-2022,58142.05078
16-02-2022,57996.67969
17-02-2022,57892.01172
18-02-2022,57832.96875
21-02-2022,57683.58984
22-02-2022,57300.67969
23-02-2022,57232.05859
24-02-2022,54529.91016
25-02-2022,55858.51953
28-02-2022,56247.28125
02-03-2022,55468.89844
03-03-2022,55102.67969
04-03-2022,54333.80859
07-03-2022,52842.75
08-03-2022,53424.08984
09-03-2022,54647.32813
10-03-2022,55464.39063
11-03-2022,55550.30078
14-03-2022,56486.01953
15-03-2022,55776.85156
16-03-2022,56816.64844
17-03-2022,57863.92969
21-03-2022,57292.48828
22-03-2022,57989.30078
23-03-2022,57684.82031
24-03-2022,57595.67969
25-03-2022,57362.19922
28-03-2022,57593.48828
29-03-2022,57943.64844
30-03-2022,58683.98828
31-03-2022,58568.51172
01-04-2022,59276.69141
04-04-2022,60611.73828
05-04-2022,60176.5
06-04-2022,59610.41016
07-04-2022,59034.94922
08-04-2022,59447.17969
11-04-2022,58964.57031
12-04-2022,58576.37109
13-04-2022,58338.92969
18-04-2022,57166.73828
19-04-2022,56463.14844
20-04-2022,57037.5
21-04-2022,57911.67969
22-04-2022,57197.14844
25-04-2022,56579.89063
26-04-2022,57356.60938
27-04-2022,56819.39063
28-04-2022,57521.05859
29-04-2022,57060.87109
02-05-2022,56975.98828
04-05-2022,55669.03125
05-05-2022,55702.23047
06-05-2022,54835.57813
09-05-2022,54470.67188
10-05-2022,54364.85156
11-05-2022,54088.39063
12-05-2022,52930.30859
13-05-2022,52793.62109
16-05-2022,52973.83984
17-05-2022,54318.46875
18-05-2022,54208.53125
19-05-2022,52792.23047
20-05-2022,54326.39063
23-05-2022,54288.60938
24-05-2022,54052.60938
25-05-2022,53749.26172
26-05-2022,54252.53125
27-05-2022,54884.66016
30-05-2022,55925.73828
31-05-2022,55566.41016
01-06-2022,55381.17188
02-06-2022,55818.10938
03-06-2022,55769.23047
06-06-2022,55675.32031
07-06-2022,55107.33984
08-06-2022,54892.48828
09-06-2022,55320.28125
10-06-2022,54303.44141
13-06-2022,52846.69922
14-06-2022,52693.57031
15-06-2022,52541.39063
16-06-2022,51495.78906
17-06-2022,51360.42188
20-06-2022,51597.83984
21-06-2022,52532.07031
22-06-2022,51822.53125
23-06-2022,52265.71875
24-06-2022,52727.98047
27-06-2022,53161.28125
28-06-2022,53177.44922
29-06-2022,53026.96875
30-06-2022,53018.94141
01-07-2022,52907.92969
04-07-2022,53234.76953
05-07-2022,53134.35156
06-07-2022,53750.96875
07-07-2022,54178.46094
08-07-2022,54481.83984
11-07-2022,54395.23047
12-07-2022,53886.60938
13-07-2022,53514.14844
14-07-2022,53416.14844
15-07-2022,53760.78125
18-07-2022,54521.14844
19-07-2022,54767.62109
20-07-2022,55397.53125
21-07-2022,55681.94922
22-07-2022,56072.23047
25-07-2022,55766.21875
26-07-2022,55268.48828
27-07-2022,55816.32031
28-07-2022,56857.78906
29-07-2022,57570.25
01-08-2022,58115.5
02-08-2022,58136.35938
03-08-2022,58350.53125
04-08-2022,58298.80078
05-08-2022,58387.92969
08-08-2022,58853.07031
10-08-2022,58817.28906
11-08-2022,59332.60156
12-08-2022,59462.78125
16-08-2022,59842.21094
17-08-2022,60260.12891
18-08-2022,60298
19-08-2022,59646.14844
22-08-2022,58773.87109
23-08-2022,59031.30078
24-08-2022,59085.42969
25-08-2022,58774.71875
26-08-2022,58833.87109
29-08-2022,57972.62109
30-08-2022,59537.07031
01-09-2022,58766.58984
02-09-2022,58803.32813
05-09-2022,59245.98047
06-09-2022,59196.98828
07-09-2022,59028.91016
08-09-2022,59688.21875
09-09-2022,59793.14063
12-09-2022,60115.12891
13-09-2022,60571.07813
14-09-2022,60346.96875
15-09-2022,59934.01172
16-09-2022,58840.78906
19-09-2022,59141.23047
20-09-2022,59719.73828
21-09-2022,59456.78125
22-09-2022,59119.71875
23-09-2022,58098.92188
26-09-2022,57145.21875
27-09-2022,57107.51953
28-09-2022,56598.28125
29-09-2022,56409.96094
30-09-2022,57426.92188
03-10-2022,56788.80859
04-10-2022,58065.46875
06-10-2022,58222.10156
07-10-2022,58191.28906
10-10-2022,57991.10938
11-10-2022,57147.32031
12-10-2022,57625.91016
13-10-2022,57235.32813
14-10-2022,57919.96875
17-10-2022,58410.98047
18-10-2022,58960.60156
19-10-2022,59107.19141
20-10-2022,59202.89844
21-10-2022,59307.14844
24-10-2022,59831.66016
25-10-2022,59543.96094
27-10-2022,59756.83984
28-10-2022,59959.85156
31-10-2022,60746.58984
01-11-2022,61121.35156
02-11-2022,60906.08984
03-11-2022,60836.41016
04-11-2022,60950.35938
07-11-2022,61185.14844
09-11-2022,61033.55078
10-11-2022,60613.69922
11-11-2022,61795.03906
14-11-2022,61624.14844
15-11-2022,61872.98828
16-11-2022,61980.71875
17-11-2022,61750.60156
18-11-2022,61663.48047
21-11-2022,61144.83984
22-11-2022,61418.96094
23-11-2022,61510.57813
24-11-2022,62272.67969
25-11-2022,62293.64063
28-11-2022,62504.80078
29-11-2022,62681.83984
30-11-2022,63099.64844
01-12-2022,63284.19141
02-12-2022,62868.5
05-12-2022,62834.60156
06-12-2022,62626.35938
07-12-2022,62410.67969
08-12-2022,62570.67969
09-12-2022,62181.67188
12-12-2022,62130.57031
13-12-2022,62533.30078
14-12-2022,62677.91016
15-12-2022,61799.03125
16-12-2022,61337.80859
19-12-2022,61806.19141
20-12-2022,61702.28906
21-12-2022,61067.23828
22-12-2022,60826.21875
23-12-2022,59845.28906
26-12-2022,60566.42188
27-12-2022,60927.42969
28-12-2022,60910.28125
29-12-2022,61133.87891
30-12-2022,60840.73828
02-01-2023,61167.78906
03-01-2023,61294.19922
04-01-2023,60657.44922
05-01-2023,60353.26953
06-01-2023,59900.37109
09-01-2023,60747.30859
10-01-2023,60115.48047
11-01-2023,60105.5
12-01-2023,59958.03125
13-01-2023,60261.17969
16-01-2023,60092.96875
17-01-2023,60655.71875
18-01-2023,61045.73828
19-01-2023,60858.42969
20-01-2023,60621.76953
23-01-2023,60941.67188
24-01-2023,60978.75
25-01-2023,60205.05859
27-01-2023,59330.89844
30-01-2023,59500.41016
31-01-2023,59549.89844
01-02-2023,59708.07813
02-02-2023,59932.23828
03-02-2023,60841.87891
06-02-2023,60506.89844
07-02-2023,60286.03906
08-02-2023,60663.78906
09-02-2023,60806.21875
10-02-2023,60682.69922
13-02-2023,60431.83984
14-02-2023,61032.26172
15-02-2023,61275.08984
16-02-2023,61319.51172
17-02-2023,61002.57031
20-02-2023,60691.53906
21-02-2023,60672.71875
22-02-2023,59744.98047
23-02-2023,59605.80078
24-02-2023,59463.92969
27-02-2023,59288.35156
28-02-2023,58962.12109
01-03-2023,59411.07813
02-03-2023,58909.35156
03-03-2023,59808.96875
06-03-2023,60224.46094
08-03-2023,60348.08984
09-03-2023,59806.28125
10-03-2023,59135.12891
13-03-2023,58237.85156
14-03-2023,57900.19141
15-03-2023,57555.89844
16-03-2023,57634.83984
17-03-2023,57989.89844
20-03-2023,57628.94922
21-03-2023,58074.67969
22-03-2023,58214.58984
23-03-2023,57925.28125
24-03-2023,57527.10156
27-03-2023,57653.85938
28-03-2023,57613.71875
29-03-2023,57960.08984
31-03-2023,58991.51953
03-04-2023,59106.44141
05-04-2023,59689.30859
06-04-2023,59832.96875
10-04-2023,59846.51172
11-04-2023,60157.71875
12-04-2023,60392.76953
13-04-2023,60431
17-04-2023,59910.75
18-04-2023,59727.01172
19-04-2023,59567.80078
20-04-2023,59632.35156
21-04-2023,59655.05859
24-04-2023,60056.10156
25-04-2023,60130.71094
26-04-2023,60300.57813
27-04-2023,60649.37891
28-04-2023,61112.44141
02-05-2023,61354.71094
03-05-2023,61193.30078
04-05-2023,61749.25
05-05-2023,61054.28906
08-05-2023,61764.25
09-05-2023,61761.32813
10-05-2023,61940.19922
11-05-2023,61904.51953
12-05-2023,62027.89844
15-05-2023,62345.71094
16-05-2023,61932.46875
17-05-2023,61560.64063
18-05-2023,61431.73828
19-05-2023,61729.67969
22-05-2023,61963.67969
23-05-2023,61981.78906
24-05-2023,61773.78125
25-05-2023,61872.62109
26-05-2023,62501.69141
29-05-2023,62846.37891
30-05-2023,62969.12891
31-05-2023,62622.23828
01-06-2023,62428.53906
02-06-2023,62547.10938
05-06-2023,62787.46875
06-06-2023,62792.87891
07-06-2023,63142.96094
08-06-2023,62848.64063
09-06-2023,62625.62891
12-06-2023,62724.71094
13-06-2023,63143.16016
14-06-2023,63228.51172
15-06-2023,62917.62891
16-06-2023,63384.57813
19-06-2023,63168.30078
20-06-2023,63327.69922
21-06-2023,63523.14844
22-06-2023,63238.89063
23-06-2023,62979.37109
26-06-2023,62970
27-06-2023,63416.03125
28-06-2023,63915.42188
30-06-2023,64718.55859
03-07-2023,65205.05078
04-07-2023,65479.05078
05-07-2023,65446.03906
06-07-2023,65785.64063
07-07-2023,65280.44922
10-07-2023,65344.17188
11-07-2023,65617.84375
12-07-2023,65393.89844
13-07-2023,65558.89063
14-07-2023,66060.89844
17-07-2023,66589.92969
18-07-2023,66795.14063
19-07-2023,67097.4375
20-07-2023,67571.89844
21-07-2023,66684.25781
24-07-2023,66384.78125
25-07-2023,66355.71094
26-07-2023,66707.20313
27-07-2023,66266.82031
28-07-2023,66160.20313
31-07-2023,66527.67188
01-08-2023,66459.3125
02-08-2023,65782.78125
03-08-2023,65240.67969
04-08-2023,65721.25
07-08-2023,65953.47656
08-08-2023,65846.5
09-08-2023,65995.8125
10-08-2023,65688.17969
11-08-2023,65322.64844
14-08-2023,65401.92188
16-08-2023,65539.42188
17-08-2023,65151.01953
18-08-2023,64948.66016
21-08-2023,65216.08984
22-08-2023,65220.03125
23-08-2023,65433.30078
24-08-2023,65252.33984
25-08-2023,64886.51172
28-08-2023,64996.60156
29-08-2023,65075.82031
30-08-2023,65087.25
31-08-2023,64831.41016
01-09-2023,65387.16016
04-09-2023,65628.14063
05-09-2023,65780.25781
06-09-2023,65880.52344
07-09-2023,66265.5625
08-09-2023,66598.90625
11-09-2023,67127.07813
12-09-2023,67221.13281
13-09-2023,67466.99219
14-09-2023,67519
15-09-2023,67838.63281
18-09-2023,67596.84375
20-09-2023,66800.84375
21-09-2023,66230.24219
22-09-2023,66009.14844
25-09-2023,66023.6875
26-09-2023,65945.46875
27-09-2023,66118.6875
28-09-2023,65508.32031
29-09-2023,65828.40625
03-10-2023,65512.10156
04-10-2023,65226.03906
05-10-2023,65631.57031
06-10-2023,65995.63281
09-10-2023,65512.39063
10-10-2023,66079.35938
11-10-2023,66473.04688
12-10-2023,66408.39063
13-10-2023,66282.74219
16-10-2023,66166.92969
17-10-2023,66428.09375
18-10-2023,65877.02344
19-10-2023,65629.24219
20-10-2023,65397.62109
23-10-2023,64571.87891
25-10-2023,64049.05859
26-10-2023,63148.14844
27-10-2023,63782.80078
30-10-2023,64112.64844
31-10-2023,63874.92969
01-11-2023,63591.32813
02-11-2023,64080.89844
03-11-2023,64363.78125
06-11-2023,64958.69141
07-11-2023,64942.39844
08-11-2023,64975.60938
09-11-2023,64832.19922
10-11-2023,64904.67969
13-11-2023,64933.87109
15-11-2023,65675.92969
16-11-2023,65982.47656
17-11-2023,65794.72656
20-11-2023,65655.14844
21-11-2023,65930.77344
22-11-2023,66023.24219
23-11-2023,66017.8125
24-11-2023,65970.03906
28-11-2023,66174.20313
29-11-2023,66901.90625
30-11-2023,66988.4375
01-12-2023,67481.1875
04-12-2023,68865.11719
05-12-2023,69296.14063
06-12-2023,69653.72656
07-12-2023,69521.6875
08-12-2023,69825.60156
11-12-2023,69928.53125
12-12-2023,69551.03125
13-12-2023,69584.60156
14-12-2023,70514.20313
15-12-2023,71483.75
18-12-2023,71315.09375
19-12-2023,71437.1875
20-12-2023,70506.3125
21-12-2023,70865.10156
22-12-2023,71106.96094
26-12-2023,71336.79688
27-12-2023,72038.42969
28-12-2023,72410.38281
