Date,USD/EUR
02-01-2009,0.718240023
05-01-2009,0.732819974
06-01-2009,0.740190029
07-01-2009,0.734700024
08-01-2009,0.729979992
09-01-2009,0.743219972
12-01-2009,0.74849999
13-01-2009,0.757459998
14-01-2009,0.756600022
15-01-2009,0.759989977
16-01-2009,0.752330005
19-01-2009,0.763710022
20-01-2009,0.77609998
21-01-2009,0.768930018
22-01-2009,0.768830001
23-01-2009,0.771309972
26-01-2009,0.758040011
27-01-2009,0.756659985
28-01-2009,0.76027
29-01-2009,0.772920012
30-01-2009,0.778999984
02-02-2009,0.780340016
03-02-2009,0.768469989
04-02-2009,0.777869999
05-02-2009,0.781790018
06-02-2009,0.773570001
09-02-2009,0.77165997
10-02-2009,0.774349988
11-02-2009,0.777119994
12-02-2009,0.775740027
13-02-2009,0.777239978
16-02-2009,0.781310022
17-02-2009,0.79479003
18-02-2009,0.795610011
19-02-2009,0.789950013
20-02-2009,0.773220003
23-02-2009,0.788760006
24-02-2009,0.776759982
25-02-2009,0.785899997
26-02-2009,0.786130011
27-02-2009,0.788709998
02-03-2009,0.795920014
03-03-2009,0.797969997
04-03-2009,0.791260004
05-03-2009,0.797020018
06-03-2009,0.791260004
09-03-2009,0.792219996
10-03-2009,0.786369979
11-03-2009,0.78083998
12-03-2009,0.775259972
13-03-2009,0.773400009
16-03-2009,0.770650029
17-03-2009,0.767270029
18-03-2009,0.741620004
19-03-2009,0.731959999
20-03-2009,0.73627001
23-03-2009,0.734189987
24-03-2009,0.741770029
25-03-2009,0.73654002
26-03-2009,0.739059985
27-03-2009,0.752330005
30-03-2009,0.758369982
31-03-2009,0.754890025
01-04-2009,0.75523001
02-04-2009,0.742560029
03-04-2009,0.741339982
06-04-2009,0.745949984
07-04-2009,0.75316
08-04-2009,0.754639983
09-04-2009,0.759880006
10-04-2009,0.758960009
13-04-2009,0.748279989
14-04-2009,0.753350019
15-04-2009,0.756089985
16-04-2009,0.758700013
17-04-2009,0.766579986
20-04-2009,0.773459971
21-04-2009,0.773100019
22-04-2009,0.768890023
23-04-2009,0.76098001
24-04-2009,0.754260004
27-04-2009,0.768109977
28-04-2009,0.761560023
29-04-2009,0.753809988
30-04-2009,0.755559981
01-05-2009,0.753690004
04-05-2009,0.745230019
05-05-2009,0.75098002
06-05-2009,0.751150012
07-05-2009,0.746710002
08-05-2009,0.73319
11-05-2009,0.735840023
12-05-2009,0.732869983
13-05-2009,0.735909998
14-05-2009,0.733349979
15-05-2009,0.740629971
18-05-2009,0.737569988
19-05-2009,0.733550012
20-05-2009,0.726059973
21-05-2009,0.719110012
22-05-2009,0.714129984
25-05-2009,0.713930011
26-05-2009,0.714590013
27-05-2009,0.722859979
28-05-2009,0.717819989
29-05-2009,0.706359982
01-06-2009,0.706019998
02-06-2009,0.698880017
03-06-2009,0.706730008
04-06-2009,0.705320001
05-06-2009,0.715719998
08-06-2009,0.719269991
09-06-2009,0.711070001
10-06-2009,0.715110004
11-06-2009,0.70867002
12-06-2009,0.714230001
15-06-2009,0.725430012
16-06-2009,0.723070025
17-06-2009,0.717459977
18-06-2009,0.718649983
19-06-2009,0.717000008
22-06-2009,0.72122997
23-06-2009,0.71063
24-06-2009,0.717310011
25-06-2009,0.715020001
26-06-2009,0.711589992
29-06-2009,0.709919989
30-06-2009,0.712310016
01-07-2009,0.70717001
02-07-2009,0.71645999
03-07-2009,0.716329992
06-07-2009,0.715460002
07-07-2009,0.718599975
08-07-2009,0.720510006
09-07-2009,0.712859988
10-07-2009,0.717670023
13-07-2009,0.714789987
14-07-2009,0.715740025
15-07-2009,0.709119976
16-07-2009,0.707159996
17-07-2009,0.70897001
20-07-2009,0.703639984
21-07-2009,0.704299986
22-07-2009,0.70393002
23-07-2009,0.706049979
24-07-2009,0.703629971
27-07-2009,0.701900005
28-07-2009,0.706910014
29-07-2009,0.713540018
30-07-2009,0.709980011
31-07-2009,0.701259971
03-08-2009,0.693870008
04-08-2009,0.693499982
05-08-2009,0.693880022
06-08-2009,0.695749998
07-08-2009,0.704670012
10-08-2009,0.707660019
11-08-2009,0.706709981
12-08-2009,0.703379989
13-08-2009,0.700479984
14-08-2009,0.703880012
17-08-2009,0.708920002
18-08-2009,0.705959976
19-08-2009,0.70156002
20-08-2009,0.701259971
21-08-2009,0.698279977
24-08-2009,0.699639976
25-08-2009,0.700079978
26-08-2009,0.70243001
27-08-2009,0.695749998
28-08-2009,0.696380019
31-08-2009,0.697220027
01-09-2009,0.703629971
02-09-2009,0.700569987
03-09-2009,0.701439977
04-09-2009,0.699590027
07-09-2009,0.697740018
08-09-2009,0.68945998
09-09-2009,0.687380016
10-09-2009,0.68581003
11-09-2009,0.685869992
14-09-2009,0.682910025
15-09-2009,0.681620002
16-09-2009,0.679719985
17-09-2009,0.678749979
18-09-2009,0.679530025
21-09-2009,0.681010008
22-09-2009,0.67513001
23-09-2009,0.679069996
24-09-2009,0.682550013
25-09-2009,0.680970013
28-09-2009,0.683920026
29-09-2009,0.68532002
30-09-2009,0.682359993
01-10-2009,0.688899994
02-10-2009,0.685400009
05-10-2009,0.682129979
06-10-2009,0.679270029
07-10-2009,0.679740012
08-10-2009,0.676530004
09-10-2009,0.67869997
12-10-2009,0.675999999
13-10-2009,0.673579991
14-10-2009,0.669700027
15-10-2009,0.668630004
16-10-2009,0.670780003
19-10-2009,0.668229997
20-10-2009,0.669589996
21-10-2009,0.666360021
22-10-2009,0.664810002
23-10-2009,0.666220009
26-10-2009,0.67286998
27-10-2009,0.674899995
28-10-2009,0.679440022
29-10-2009,0.67385
30-10-2009,0.678749979
02-11-2009,0.676859975
03-11-2009,0.678839982
04-11-2009,0.672540009
05-11-2009,0.672129989
06-11-2009,0.673449993
09-11-2009,0.666310012
10-11-2009,0.66711998
11-11-2009,0.667379975
12-11-2009,0.673089981
13-11-2009,0.670740008
16-11-2009,0.667389989
17-11-2009,0.672179997
18-11-2009,0.668720007
19-11-2009,0.670409977
20-11-2009,0.672770023
23-11-2009,0.668359995
24-11-2009,0.668150008
25-11-2009,0.661029994
26-11-2009,0.667869985
27-11-2009,0.667069972
30-11-2009,0.66494
01-12-2009,0.662689984
02-12-2009,0.66358
03-12-2009,0.66377002
04-12-2009,0.673080027
07-12-2009,0.673799992
08-12-2009,0.680410028
09-12-2009,0.678520024
10-12-2009,0.678910017
11-12-2009,0.68404001
14-12-2009,0.68226999
15-12-2009,0.687659979
16-12-2009,0.688419998
17-12-2009,0.697009981
18-12-2009,0.696910024
21-12-2009,0.69994998
22-12-2009,0.701539993
23-12-2009,0.697539985
24-12-2009,0.695169985
25-12-2009,0.694490016
28-12-2009,0.695649981
29-12-2009,0.6972
30-12-2009,0.697250009
31-12-2009,0.697979987
01-01-2010,0.694930017
04-01-2010,0.693289995
05-01-2010,0.696089983
06-01-2010,0.694249988
07-01-2010,0.698419988
08-01-2010,0.693910003
11-01-2010,0.689119995
12-01-2010,0.69076997
13-01-2010,0.688520014
14-01-2010,0.689660013
15-01-2010,0.694880009
18-01-2010,0.69411999
19-01-2010,0.700230002
20-01-2010,0.708700001
21-01-2010,0.709370017
22-01-2010,0.707159996
25-01-2010,0.706709981
26-01-2010,0.710110009
27-01-2010,0.712710023
28-01-2010,0.715919971
29-01-2010,0.721140027
01-02-2010,0.718029976
02-02-2010,0.715499997
03-02-2010,0.719370008
04-02-2010,0.727540016
05-02-2010,0.730989993
08-02-2010,0.732349992
09-02-2010,0.725579977
10-02-2010,0.727100015
11-02-2010,0.73089999
12-02-2010,0.733410001
15-02-2010,0.735130012
16-02-2010,0.726369977
17-02-2010,0.734920025
18-02-2010,0.742860019
19-02-2010,0.734480023
22-02-2010,0.734990001
23-02-2010,0.739260018
24-02-2010,0.738380015
25-02-2010,0.738770008
26-02-2010,0.733619988
01-03-2010,0.737349987
02-03-2010,0.734179974
03-03-2010,0.729839981
04-03-2010,0.73615998
05-03-2010,0.733730018
08-03-2010,0.734380007
09-03-2010,0.734920025
10-03-2010,0.732959986
11-03-2010,0.73071003
12-03-2010,0.726220012
15-03-2010,0.731130004
16-03-2010,0.726279974
17-03-2010,0.727890015
18-03-2010,0.734539986
19-03-2010,0.73872
22-03-2010,0.737079978
23-03-2010,0.742500007
24-03-2010,0.750129998
25-03-2010,0.751479983
26-03-2010,0.745710015
29-03-2010,0.741779983
30-03-2010,0.744930029
31-03-2010,0.7403
01-04-2010,0.73615998
02-04-2010,0.740469992
05-04-2010,0.741339982
06-04-2010,0.746159971
07-04-2010,0.749149978
08-04-2010,0.748440027
09-04-2010,0.740689993
12-04-2010,0.735509992
13-04-2010,0.734830022
14-04-2010,0.732280016
15-04-2010,0.736699998
16-04-2010,0.74052
19-04-2010,0.741439998
20-04-2010,0.744319975
21-04-2010,0.746829987
22-04-2010,0.753579974
23-04-2010,0.747160017
26-04-2010,0.746200025
27-04-2010,0.759259999
28-04-2010,0.756839991
29-04-2010,0.753979981
30-04-2010,0.75199002
03-05-2010,0.757579982
04-05-2010,0.771369994
05-05-2010,0.780340016
06-05-2010,0.791580021
07-05-2010,0.783940017
10-05-2010,0.782519996
11-05-2010,0.791769981
12-05-2010,0.791199982
13-05-2010,0.797379971
14-05-2010,0.809059978
17-05-2010,0.806909978
18-05-2010,0.821089983
19-05-2010,0.806879997
20-05-2010,0.801349998
21-05-2010,0.795729995
24-05-2010,0.80971998
25-05-2010,0.809979975
26-05-2010,0.82148999
27-05-2010,0.809849977
28-05-2010,0.814729989
31-05-2010,0.813809991
01-06-2010,0.817460001
02-06-2010,0.817059994
03-06-2010,0.821730018
04-06-2010,0.835349977
07-06-2010,0.838720024
08-06-2010,0.835280001
09-06-2010,0.833890021
10-06-2010,0.825829983
11-06-2010,0.825489998
14-06-2010,0.818459988
15-06-2010,0.811749995
16-06-2010,0.812219977
17-06-2010,0.807619989
18-06-2010,0.806909978
21-06-2010,0.811950028
22-06-2010,0.814660013
23-06-2010,0.811749995
24-06-2010,0.81054002
25-06-2010,0.808210015
28-06-2010,0.814530015
29-06-2010,0.820590019
30-06-2010,0.817659974
01-07-2010,0.799520016
02-07-2010,0.795480013
05-07-2010,0.797640026
06-07-2010,0.792140007
07-07-2010,0.791570008
08-07-2010,0.787769973
09-07-2010,0.790889978
12-07-2010,0.794279993
13-07-2010,0.786109984
14-07-2010,0.78490001
15-07-2010,0.773479998
16-07-2010,0.773280025
19-07-2010,0.772830009
20-07-2010,0.77561003
21-07-2010,0.78320998
22-07-2010,0.77500999
23-07-2010,0.774410009
26-07-2010,0.76928997
27-07-2010,0.769770026
28-07-2010,0.769689977
29-07-2010,0.764639974
30-07-2010,0.766929984
02-08-2010,0.758960009
03-08-2010,0.756139994
04-08-2010,0.756139994
05-08-2010,0.759989977
06-08-2010,0.758650005
09-08-2010,0.752690017
10-08-2010,0.755859971
11-08-2010,0.758440018
12-08-2010,0.778569996
13-08-2010,0.779429972
16-08-2010,0.783029974
17-08-2010,0.780520022
18-08-2010,0.77640003
19-08-2010,0.777819991
20-08-2010,0.78075999
23-08-2010,0.78678
24-08-2010,0.791450024
25-08-2010,0.791580021
26-08-2010,0.789640009
27-08-2010,0.787
30-08-2010,0.784070015
31-08-2010,0.789520025
01-09-2010,0.788190007
02-09-2010,0.781069994
03-09-2010,0.77967
06-09-2010,0.775550008
07-09-2010,0.777100027
08-09-2010,0.78877002
09-09-2010,0.785420001
10-09-2010,0.787829995
13-09-2010,0.786350012
14-09-2010,0.776880026
15-09-2010,0.769720018
16-09-2010,0.768339992
17-09-2010,0.764760017
20-09-2010,0.766640007
21-09-2010,0.765290022
22-09-2010,0.754320025
23-09-2010,0.746770024
24-09-2010,0.750800014
27-09-2010,0.741890013
28-09-2010,0.744099975
29-09-2010,0.736869991
30-09-2010,0.733780026
01-10-2010,0.734099984
04-10-2010,0.725849986
05-10-2010,0.73131001
06-10-2010,0.722859979
07-10-2010,0.718389988
08-10-2010,0.717980027
11-10-2010,0.715430021
12-10-2010,0.720449984
13-10-2010,0.718550026
14-10-2010,0.715960026
15-10-2010,0.71063
18-10-2010,0.716109991
19-10-2010,0.717570007
20-10-2010,0.72785002
21-10-2010,0.716170013
22-10-2010,0.718550026
25-10-2010,0.717149973
26-10-2010,0.716899991
27-10-2010,0.721800029
28-10-2010,0.725790024
29-10-2010,0.725790024
01-11-2010,0.715560019
02-11-2010,0.718859971
03-11-2010,0.712450027
04-11-2010,0.707849979
05-11-2010,0.702839971
08-11-2010,0.71043998
09-11-2010,0.721000016
10-11-2010,0.726109982
11-11-2010,0.725920022
12-11-2010,0.734160006
15-11-2010,0.730289996
16-11-2010,0.736660004
17-11-2010,0.741259992
18-11-2010,0.737789989
19-11-2010,0.73220998
22-11-2010,0.727569997
23-11-2010,0.735189974
24-11-2010,0.74703002
25-11-2010,0.748619974
26-11-2010,0.749639988
29-11-2010,0.755400002
30-11-2010,0.763130009
01-12-2010,0.769699991
02-12-2010,0.761910021
03-12-2010,0.756659985
06-12-2010,0.745379984
07-12-2010,0.752619982
08-12-2010,0.755020022
09-12-2010,0.754670024
10-12-2010,0.755169988
13-12-2010,0.757740021
14-12-2010,0.746519983
15-12-2010,0.748449981
16-12-2010,0.756200016
17-12-2010,0.755289972
20-12-2010,0.75959003
21-12-2010,0.762310028
22-12-2010,0.763939977
23-12-2010,0.762459993
24-12-2010,0.761780024
27-12-2010,0.764540017
28-12-2010,0.758170009
29-12-2010,0.764159977
30-12-2010,0.756169975
31-12-2010,0.751810014
03-01-2011,0.748619974
04-01-2011,0.748679996
05-01-2011,0.750689983
06-01-2011,0.760060012
07-01-2011,0.770420015
10-01-2011,0.775489986
11-01-2011,0.771309972
12-01-2011,0.770179987
13-01-2011,0.761709988
14-01-2011,0.748880029
17-01-2011,0.747370005
18-01-2011,0.752789974
19-01-2011,0.747489989
20-01-2011,0.74338001
21-01-2011,0.742500007
24-01-2011,0.734239995
25-01-2011,0.732919991
26-01-2011,0.730669975
27-01-2011,0.729390025
28-01-2011,0.728699982
31-01-2011,0.736769974
01-02-2011,0.729189992
02-02-2011,0.723070025
03-02-2011,0.723699987
04-02-2011,0.733969986
07-02-2011,0.73664999
08-02-2011,0.735729992
09-02-2011,0.733839989
10-02-2011,0.728810012
11-02-2011,0.735189974
14-02-2011,0.740190029
15-02-2011,0.741779983
16-02-2011,0.740819991
17-02-2011,0.736630023
18-02-2011,0.733889997
21-02-2011,0.729210019
22-02-2011,0.730870008
23-02-2011,0.731329978
24-02-2011,0.726530015
25-02-2011,0.723590016
28-02-2011,0.728100002
01-03-2011,0.723510027
02-03-2011,0.726119995
03-03-2011,0.721159995
04-03-2011,0.716390014
07-03-2011,0.714760005
08-03-2011,0.716130018
09-03-2011,0.719529986
10-03-2011,0.719309986
11-03-2011,0.724569976
14-03-2011,0.717639983
15-03-2011,0.71469003
16-03-2011,0.71499002
17-03-2011,0.720210016
18-03-2011,0.712610006
21-03-2011,0.705690026
22-03-2011,0.703379989
23-03-2011,0.70581001
24-03-2011,0.708920002
25-03-2011,0.705619991
28-03-2011,0.712960005
29-03-2011,0.710240006
30-03-2011,0.708660007
31-03-2011,0.708150029
01-04-2011,0.706279993
04-04-2011,0.703069985
05-04-2011,0.703230023
06-04-2011,0.703279972
07-04-2011,0.69757998
08-04-2011,0.699199975
11-04-2011,0.691460013
12-04-2011,0.692619979
13-04-2011,0.690779984
14-04-2011,0.692420006
15-04-2011,0.692900002
18-04-2011,0.69382
19-04-2011,0.703040004
20-04-2011,0.697449982
21-04-2011,0.688989997
22-04-2011,0.687049985
25-04-2011,0.686950028
26-04-2011,0.68592
27-04-2011,0.680830002
28-04-2011,0.676590025
29-04-2011,0.673669994
02-05-2011,0.675949991
03-05-2011,0.674589992
04-05-2011,0.674160004
05-05-2011,0.674319983
06-05-2011,0.687550008
09-05-2011,0.696720004
10-05-2011,0.695599973
11-05-2011,0.693910003
12-05-2011,0.703679979
13-05-2011,0.70235002
16-05-2011,0.710330009
17-05-2011,0.706309974
18-05-2011,0.700820029
19-05-2011,0.701499999
20-05-2011,0.698509991
23-05-2011,0.708930016
24-05-2011,0.712419987
25-05-2011,0.70927
26-05-2011,0.709980011
27-05-2011,0.707459986
30-05-2011,0.699429989
31-05-2011,0.698210001
01-06-2011,0.693099976
02-06-2011,0.697109997
03-06-2011,0.690320015
06-06-2011,0.682359993
07-06-2011,0.68572998
08-06-2011,0.680920005
09-06-2011,0.684840024
10-06-2011,0.688910007
13-06-2011,0.697709978
14-06-2011,0.69362998
15-06-2011,0.692040026
16-06-2011,0.705120027
17-06-2011,0.704270005
20-06-2011,0.700030029
21-06-2011,0.698059976
22-06-2011,0.695330024
23-06-2011,0.698599994
24-06-2011,0.70077002
27-06-2011,0.705649972
28-06-2011,0.69848001
29-06-2011,0.696479976
30-06-2011,0.69066
01-07-2011,0.689800024
04-07-2011,0.687759995
05-07-2011,0.687139988
06-07-2011,0.693090022
07-07-2011,0.697759986
08-07-2011,0.696160018
11-07-2011,0.704129994
12-07-2011,0.712220013
13-07-2011,0.715870023
14-07-2011,0.702530026
15-07-2011,0.706350029
18-07-2011,0.708060026
19-07-2011,0.708620012
20-07-2011,0.705569983
21-07-2011,0.70077002
22-07-2011,0.693480015
25-07-2011,0.694999993
26-07-2011,0.695819974
27-07-2011,0.68927002
28-07-2011,0.695749998
29-07-2011,0.697740018
01-08-2011,0.696200013
02-08-2011,0.701160014
03-08-2011,0.705550015
04-08-2011,0.696720004
05-08-2011,0.710879982
08-08-2011,0.699590027
09-08-2011,0.705680013
10-08-2011,0.695259988
11-08-2011,0.707979977
12-08-2011,0.70292002
15-08-2011,0.700569987
16-08-2011,0.692600012
17-08-2011,0.694540024
18-08-2011,0.693040013
19-08-2011,0.698109984
22-08-2011,0.695930004
23-08-2011,0.696330011
24-08-2011,0.692659974
25-08-2011,0.693849981
26-08-2011,0.695749998
29-08-2011,0.689890027
30-08-2011,0.688499987
31-08-2011,0.692849994
01-09-2011,0.695670009
02-09-2011,0.701160014
05-09-2011,0.706330001
06-09-2011,0.711080015
07-09-2011,0.714119971
08-09-2011,0.709940016
09-09-2011,0.719210029
12-09-2011,0.735249996
13-09-2011,0.732050002
14-09-2011,0.730669975
15-09-2011,0.727479994
16-09-2011,0.721029997
19-09-2011,0.729849994
20-09-2011,0.734990001
21-09-2011,0.730250001
22-09-2011,0.73605001
23-09-2011,0.741789997
26-09-2011,0.738170028
27-09-2011,0.739750028
28-09-2011,0.736249983
29-09-2011,0.738680005
30-09-2011,0.736060023
03-10-2011,0.748449981
04-10-2011,0.757860005
05-10-2011,0.750180006
06-10-2011,0.749629974
07-10-2011,0.74466002
10-10-2011,0.747049987
11-10-2011,0.73338002
12-10-2011,0.732829988
13-10-2011,0.725059986
14-10-2011,0.72803998
17-10-2011,0.720510006
18-10-2011,0.727590024
19-10-2011,0.727800012
20-10-2011,0.726480007
21-10-2011,0.725740016
24-10-2011,0.722140014
25-10-2011,0.718270004
26-10-2011,0.719190001
27-10-2011,0.720619977
28-10-2011,0.705519974
31-10-2011,0.707210004
01-11-2011,0.721499979
02-11-2011,0.732280016
03-11-2011,0.730459988
04-11-2011,0.723070025
07-11-2011,0.725199997
08-11-2011,0.726740003
09-11-2011,0.723249972
10-11-2011,0.739279985
11-11-2011,0.734749973
14-11-2011,0.725319982
15-11-2011,0.733990014
16-11-2011,0.740350008
17-11-2011,0.743990004
18-11-2011,0.743049979
21-11-2011,0.739099979
22-11-2011,0.741599977
23-11-2011,0.739539981
24-11-2011,0.748950005
25-11-2011,0.750129998
28-11-2011,0.751119971
29-11-2011,0.750919998
30-11-2011,0.750519991
01-12-2011,0.743830025
02-12-2011,0.742560029
05-12-2011,0.745209992
06-12-2011,0.747009993
07-12-2011,0.745599985
08-12-2011,0.746060014
09-12-2011,0.749319971
12-12-2011,0.747850001
13-12-2011,0.759239972
14-12-2011,0.768100023
15-12-2011,0.769940019
16-12-2011,0.767480016
19-12-2011,0.767050028
20-12-2011,0.768769979
21-12-2011,0.76406002
22-12-2011,0.766870022
23-12-2011,0.765929997
26-12-2011,0.766579986
27-12-2011,0.766250014
28-12-2011,0.764989972
29-12-2011,0.773559988
30-12-2011,0.771839976
02-01-2012,0.771600008
03-01-2012,0.772740006
04-01-2012,0.765929997
05-01-2012,0.773310006
06-01-2012,0.781490028
09-01-2012,0.788619995
10-01-2012,0.782720029
11-01-2012,0.784200013
12-01-2012,0.785920024
13-01-2012,0.779999971
16-01-2012,0.790700018
17-01-2012,0.78944999
18-01-2012,0.784560025
19-01-2012,0.777239978
20-01-2012,0.771309972
23-01-2012,0.776109993
24-01-2012,0.767639995
25-01-2012,0.76681
26-01-2012,0.762929976
27-01-2012,0.763779998
30-01-2012,0.757120013
31-01-2012,0.761059999
01-02-2012,0.764699996
02-02-2012,0.759299994
03-02-2012,0.761200011
06-02-2012,0.761780024
07-02-2012,0.762099981
08-02-2012,0.754800022
09-02-2012,0.754800022
10-02-2012,0.753099978
13-02-2012,0.755469978
14-02-2012,0.75999999
15-02-2012,0.761399984
16-02-2012,0.765810013
17-02-2012,0.761799991
20-02-2012,0.75602001
21-02-2012,0.757300019
22-02-2012,0.755100012
23-02-2012,0.754390001
24-02-2012,0.747739971
27-02-2012,0.742550015
28-02-2012,0.745899975
29-02-2012,0.741949975
01-03-2012,0.750699997
02-03-2012,0.75059998
05-03-2012,0.758369982
06-03-2012,0.756099999
07-03-2012,0.762000024
08-03-2012,0.761039972
09-03-2012,0.753300011
12-03-2012,0.761900008
13-03-2012,0.75940001
14-03-2012,0.764500022
15-03-2012,0.76789999
16-03-2012,0.764599979
19-03-2012,0.758889973
20-03-2012,0.755900025
21-03-2012,0.755420029
22-03-2012,0.756500006
23-03-2012,0.757300019
26-03-2012,0.752839983
27-03-2012,0.74849999
28-03-2012,0.750259995
29-03-2012,0.750400007
30-03-2012,0.751100004
02-04-2012,0.748600006
03-04-2012,0.75
04-04-2012,0.75612998
05-04-2012,0.760800004
06-04-2012,0.765399992
09-04-2012,0.764580011
10-04-2012,0.762700021
11-04-2012,0.764900029
12-04-2012,0.762199998
13-04-2012,0.75819999
16-04-2012,0.765900016
17-04-2012,0.761799991
18-04-2012,0.761300027
19-04-2012,0.762199998
20-04-2012,0.760699987
23-04-2012,0.757300019
24-04-2012,0.760339975
25-04-2012,0.757700026
26-04-2012,0.755699992
27-04-2012,0.758099973
30-04-2012,0.755200028
01-05-2012,0.755299985
02-05-2012,0.755299985
03-05-2012,0.760599971
04-05-2012,0.760100007
07-05-2012,0.770990014
08-05-2012,0.765600026
09-05-2012,0.769500017
10-05-2012,0.773000002
11-05-2012,0.773100019
14-05-2012,0.775200009
15-05-2012,0.779299974
16-05-2012,0.7852
17-05-2012,0.78549999
18-05-2012,0.787500024
21-05-2012,0.782899976
22-05-2012,0.780600011
23-05-2012,0.789600015
24-05-2012,0.79610002
25-05-2012,0.797699988
28-05-2012,0.795599997
29-05-2012,0.798399985
30-05-2012,0.801400006
31-05-2012,0.808099985
01-06-2012,0.808899999
04-06-2012,0.806299984
05-06-2012,0.799399972
06-06-2012,0.802399993
07-06-2012,0.795300007
08-06-2012,0.79549998
11-06-2012,0.790799975
12-06-2012,0.801400006
13-06-2012,0.799700022
14-06-2012,0.795300007
15-06-2012,0.791899979
18-06-2012,0.787100017
19-06-2012,0.793799996
20-06-2012,0.788600028
21-06-2012,0.788600028
22-06-2012,0.796700001
25-06-2012,0.797599971
26-06-2012,0.799700022
27-06-2012,0.800800025
28-06-2012,0.801699996
29-06-2012,0.803799987
02-07-2012,0.790189981
03-07-2012,0.794799984
04-07-2012,0.793299973
05-07-2012,0.79895997
06-07-2012,0.806999981
09-07-2012,0.814899981
10-07-2012,0.811800003
11-07-2012,0.815900028
12-07-2012,0.816510022
13-07-2012,0.820159972
16-07-2012,0.816399992
17-07-2012,0.815100014
18-07-2012,0.813300014
19-07-2012,0.814499974
20-07-2012,0.814540029
23-07-2012,0.824599981
24-07-2012,0.824800014
25-07-2012,0.829060018
26-07-2012,0.823700011
27-07-2012,0.814300001
30-07-2012,0.812699974
31-07-2012,0.815699995
01-08-2012,0.813399971
02-08-2012,0.816900015
03-08-2012,0.82099998
06-08-2012,0.8046
07-08-2012,0.807099998
08-08-2012,0.807299972
09-08-2012,0.808189988
10-08-2012,0.813399971
13-08-2012,0.814520001
14-08-2012,0.811200023
15-08-2012,0.81129998
16-08-2012,0.81370002
17-08-2012,0.809199989
20-08-2012,0.810859978
21-08-2012,0.809499979
22-08-2012,0.801500022
23-08-2012,0.797800004
24-08-2012,0.79610002
27-08-2012,0.799719989
28-08-2012,0.799899995
29-08-2012,0.795400023
30-08-2012,0.797999978
31-08-2012,0.799300015
03-09-2012,0.795099974
04-09-2012,0.794499993
05-09-2012,0.797800004
06-09-2012,0.793500006
07-09-2012,0.791599989
10-09-2012,0.781499982
11-09-2012,0.783599973
12-09-2012,0.778100014
13-09-2012,0.774999976
14-09-2012,0.769599974
17-09-2012,0.762399971
18-09-2012,0.762769997
19-09-2012,0.766499996
20-09-2012,0.765799999
21-09-2012,0.770799994
24-09-2012,0.771099985
25-09-2012,0.772700012
26-09-2012,0.775189996
27-09-2012,0.776300013
28-09-2012,0.774399996
01-10-2012,0.780700028
02-10-2012,0.775900006
03-10-2012,0.774200022
04-10-2012,0.773800015
05-10-2012,0.76819998
08-10-2012,0.768299997
09-10-2012,0.770600021
10-10-2012,0.777700007
11-10-2012,0.777700007
12-10-2012,0.773199975
15-10-2012,0.772599995
16-10-2012,0.771099985
17-10-2012,0.762899995
18-10-2012,0.762399971
19-10-2012,0.765160024
22-10-2012,0.76789999
23-10-2012,0.765100002
24-10-2012,0.770799994
25-10-2012,0.771300018
26-10-2012,0.772899985
29-10-2012,0.773750007
30-10-2012,0.774699986
31-10-2012,0.771449983
01-11-2012,0.771300018
02-11-2012,0.772300005
05-11-2012,0.779550016
06-11-2012,0.781099975
07-11-2012,0.78075999
08-11-2012,0.783699989
09-11-2012,0.784600019
12-11-2012,0.785920024
13-11-2012,0.786800027
14-11-2012,0.786800027
15-11-2012,0.785399973
16-11-2012,0.782199979
19-11-2012,0.78372997
20-11-2012,0.783119977
21-11-2012,0.780369997
22-11-2012,0.7773
23-11-2012,0.776690006
26-11-2012,0.77125001
27-11-2012,0.769999981
28-11-2012,0.772899985
29-11-2012,0.772000015
30-11-2012,0.770799994
03-12-2012,0.769420028
05-12-2012,0.763400018
06-12-2012,0.765100002
07-12-2012,0.771399975
10-12-2012,0.774829984
11-12-2012,0.772899985
12-12-2012,0.768450022
13-12-2012,0.765299976
14-12-2012,0.764599979
17-12-2012,0.759540021
18-12-2012,0.759599984
19-12-2012,0.755800009
20-12-2012,0.756699979
21-12-2012,0.755420029
24-12-2012,0.75861001
25-12-2012,0.758700013
26-12-2012,0.758700013
27-12-2012,0.756099999
28-12-2012,0.754700005
31-12-2012,0.755990028
01-01-2013,0.757499993
02-01-2013,0.757700026
03-01-2013,0.758599997
04-01-2013,0.76730001
07-01-2013,0.765259981
08-01-2013,0.761900008
09-01-2013,0.764389992
10-01-2013,0.765999973
11-01-2013,0.753400028
14-01-2013,0.748390019
15-01-2013,0.747500002
16-01-2013,0.751399994
17-01-2013,0.752399981
18-01-2013,0.747799993
21-01-2013,0.750750005
22-01-2013,0.751230001
23-01-2013,0.75108999
24-01-2013,0.751399994
25-01-2013,0.747979999
28-01-2013,0.742609978
29-01-2013,0.743700027
30-01-2013,0.74119997
31-01-2013,0.737010002
01-02-2013,0.734700024
04-02-2013,0.732670009
05-02-2013,0.740100026
06-02-2013,0.736299992
07-02-2013,0.73943001
08-02-2013,0.746860027
11-02-2013,0.74804002
12-02-2013,0.746070027
13-02-2013,0.74338001
14-02-2013,0.743799984
15-02-2013,0.748899996
18-02-2013,0.74940002
19-02-2013,0.749220014
20-02-2013,0.746500015
21-02-2013,0.753400028
22-02-2013,0.7579
25-02-2013,0.757809997
26-02-2013,0.765399992
27-02-2013,0.765349984
28-02-2013,0.760399997
01-03-2013,0.765699983
04-03-2013,0.768230021
05-03-2013,0.767099977
06-03-2013,0.766369998
07-03-2013,0.770500004
08-03-2013,0.762700021
11-03-2013,0.769940019
12-03-2013,0.76730001
13-03-2013,0.767499983
14-03-2013,0.771700025
15-03-2013,0.76849997
18-03-2013,0.775629997
19-03-2013,0.772499979
20-03-2013,0.777369976
21-03-2013,0.772700012
22-03-2013,0.774900019
25-03-2013,0.767809987
26-03-2013,0.777700007
27-03-2013,0.77759999
28-03-2013,0.782599986
29-03-2013,0.780279994
01-04-2013,0.780900002
02-04-2013,0.778199971
03-04-2013,0.779999971
04-04-2013,0.778199971
05-04-2013,0.773500025
08-04-2013,0.769699991
09-04-2013,0.767499983
10-04-2013,0.764509976
11-04-2013,0.765969992
12-04-2013,0.762499988
15-04-2013,0.763400018
16-04-2013,0.766009986
17-04-2013,0.75880003
18-04-2013,0.767170012
19-04-2013,0.766099989
22-04-2013,0.765950024
23-04-2013,0.765600026
24-04-2013,0.769559979
25-04-2013,0.76819998
26-04-2013,0.76880002
29-04-2013,0.766719997
30-04-2013,0.763599992
01-05-2013,0.75940001
02-05-2013,0.758599997
03-05-2013,0.765399992
06-05-2013,0.762000024
07-05-2013,0.765100002
08-05-2013,0.764699996
09-05-2013,0.759800017
10-05-2013,0.767199993
13-05-2013,0.771290004
14-05-2013,0.769940019
15-05-2013,0.772970021
16-05-2013,0.776250005
17-05-2013,0.776199996
20-05-2013,0.779079974
21-05-2013,0.775730014
22-05-2013,0.774049997
23-05-2013,0.778689981
24-05-2013,0.773689985
27-05-2013,0.772930026
28-05-2013,0.773159981
29-05-2013,0.778429985
30-05-2013,0.772329986
31-05-2013,0.766640007
03-06-2013,0.769439995
04-06-2013,0.764940023
05-06-2013,0.764909983
06-06-2013,0.763750017
07-06-2013,0.754970014
10-06-2013,0.756200016
11-06-2013,0.756200016
12-06-2013,0.756200016
13-06-2013,0.749650002
14-06-2013,0.748059988
17-06-2013,0.749140024
18-06-2013,0.748329997
19-06-2013,0.746829987
20-06-2013,0.752340019
21-06-2013,0.755540013
24-06-2013,0.76305002
25-06-2013,0.761479974
26-06-2013,0.764540017
27-06-2013,0.768440008
28-06-2013,0.76710999
01-07-2013,0.768400013
02-07-2013,0.765250027
03-07-2013,0.770479977
04-07-2013,0.768589973
05-07-2013,0.774730027
08-07-2013,0.77947998
09-07-2013,0.776939988
10-07-2013,0.782360017
11-07-2013,0.758279979
12-07-2013,0.763490021
15-07-2013,0.765699983
16-07-2013,0.765770018
17-07-2013,0.760389984
18-07-2013,0.76236999
19-07-2013,0.762740016
22-07-2013,0.759880006
23-07-2013,0.758130014
24-07-2013,0.75624001
25-07-2013,0.758099973
26-07-2013,0.753340006
29-07-2013,0.752590001
30-07-2013,0.753939986
31-07-2013,0.75387001
01-08-2013,0.751800001
02-08-2013,0.756889999
05-08-2013,0.753069997
06-08-2013,0.754289985
07-08-2013,0.751420021
08-08-2013,0.749570012
09-08-2013,0.747380018
12-08-2013,0.749660015
13-08-2013,0.752279997
14-08-2013,0.753830016
15-08-2013,0.753910005
16-08-2013,0.748839974
19-08-2013,0.750240028
20-08-2013,0.749970019
21-08-2013,0.745100021
22-08-2013,0.749459982
23-08-2013,0.748780012
26-08-2013,0.747020006
27-08-2013,0.747430027
28-08-2013,0.746710002
29-08-2013,0.749909997
30-08-2013,0.755500019
02-09-2013,0.757099986
03-09-2013,0.758149981
04-09-2013,0.759069979
05-09-2013,0.757539988
06-09-2013,0.762290001
09-09-2013,0.759060025
10-09-2013,0.754260004
11-09-2013,0.753790021
12-09-2013,0.750999987
13-09-2013,0.751940012
16-09-2013,0.748539984
17-09-2013,0.749740005
18-09-2013,0.748619974
19-09-2013,0.739480019
20-09-2013,0.738870025
23-09-2013,0.738849998
24-09-2013,0.740800023
25-09-2013,0.74229002
26-09-2013,0.73980999
27-09-2013,0.74150002
30-09-2013,0.740989983
01-10-2013,0.739359975
02-10-2013,0.739459991
03-10-2013,0.735780001
04-10-2013,0.733990014
07-10-2013,0.736919999
09-10-2013,0.735400021
10-10-2013,0.739629984
11-10-2013,0.739279985
14-10-2013,0.737640023
15-10-2013,0.737540007
16-10-2013,0.739549994
17-10-2013,0.73951
18-10-2013,0.73168999
21-10-2013,0.730889976
22-10-2013,0.731209993
23-10-2013,0.725769997
24-10-2013,0.725639999
25-10-2013,0.724430025
28-10-2013,0.724359989
29-10-2013,0.725199997
30-10-2013,0.727639973
31-10-2013,0.728649974
01-11-2013,0.736389995
04-11-2013,0.741069973
05-11-2013,0.73980999
06-11-2013,0.742219985
07-11-2013,0.739750028
08-11-2013,0.745760024
11-11-2013,0.749180019
12-11-2013,0.74575001
13-11-2013,0.744050026
14-11-2013,0.74131
15-11-2013,0.743550003
18-11-2013,0.741620004
19-11-2013,0.740499973
20-11-2013,0.73706001
21-11-2013,0.744390011
22-11-2013,0.74229002
25-11-2013,0.737879992
26-11-2013,0.739229977
27-11-2013,0.737039983
28-11-2013,0.736720026
29-11-2013,0.735080004
02-12-2013,0.736100018
03-12-2013,0.738439977
04-12-2013,0.735800028
05-12-2013,0.736029983
06-12-2013,0.731530011
09-12-2013,0.729579985
10-12-2013,0.727789998
11-12-2013,0.726509988
12-12-2013,0.72536999
13-12-2013,0.727230012
16-12-2013,0.727840006
17-12-2013,0.726589978
18-12-2013,0.726149976
19-12-2013,0.730729997
20-12-2013,0.73229003
23-12-2013,0.731079996
24-12-2013,0.729929984
25-12-2013,0.730889976
26-12-2013,0.73161
27-12-2013,0.730130017
30-12-2013,0.727259994
31-12-2013,0.724110007
01-01-2014,0.727540016
02-01-2014,0.726390004
03-01-2014,0.731710017
06-01-2014,0.735509992
07-01-2014,0.73356998
08-01-2014,0.734409988
09-01-2014,0.736810029
10-01-2014,0.734910011
13-01-2014,0.731429994
14-01-2014,0.731530011
15-01-2014,0.73161
16-01-2014,0.735329986
17-01-2014,0.734319985
20-01-2014,0.739229977
21-01-2014,0.738059998
22-01-2014,0.737510026
23-01-2014,0.738430023
24-01-2014,0.730509996
27-01-2014,0.730570018
28-01-2014,0.731280029
29-01-2014,0.732330024
30-01-2014,0.732140005
31-01-2014,0.737529993
03-02-2014,0.74138999
04-02-2014,0.739369988
05-02-2014,0.739870012
06-02-2014,0.738820016
07-02-2014,0.735719979
10-02-2014,0.734250009
11-02-2014,0.73281002
12-02-2014,0.73319
13-02-2014,0.735830009
14-02-2014,0.731060028
17-02-2014,0.729929984
18-02-2014,0.729690015
19-02-2014,0.726639986
20-02-2014,0.728309989
21-02-2014,0.728799999
24-02-2014,0.727909982
25-02-2014,0.728009999
26-02-2014,0.727479994
27-02-2014,0.730889976
28-02-2014,0.729529977
03-03-2014,0.725849986
04-03-2014,0.727959991
05-03-2014,0.72773999
06-03-2014,0.728110015
07-03-2014,0.721340001
10-03-2014,0.720529974
11-03-2014,0.72052002
12-03-2014,0.721599996
13-03-2014,0.719190001
14-03-2014,0.721220016
17-03-2014,0.71875
18-03-2014,0.718050003
19-03-2014,0.717830002
20-03-2014,0.723630011
21-03-2014,0.725579977
24-03-2014,0.724870026
25-03-2014,0.722599983
26-03-2014,0.723640025
27-03-2014,0.725579977
28-03-2014,0.727729976
31-03-2014,0.727159977
01-04-2014,0.725950003
02-04-2014,0.724910021
03-04-2014,0.726310015
04-04-2014,0.728659987
07-04-2014,0.729709983
08-04-2014,0.727639973
09-04-2014,0.72499001
10-04-2014,0.721759975
11-04-2014,0.720130026
14-04-2014,0.722220004
15-04-2014,0.723739982
16-04-2014,0.724009991
17-04-2014,0.723219991
18-04-2014,0.723999977
21-04-2014,0.723839998
22-04-2014,0.724900007
23-04-2014,0.724110007
24-04-2014,0.723630011
25-04-2014,0.722959995
28-04-2014,0.72250998
29-04-2014,0.721870005
30-04-2014,0.723919988
01-05-2014,0.721019983
02-05-2014,0.72092998
05-05-2014,0.720839977
06-05-2014,0.720669985
07-05-2014,0.717840016
08-05-2014,0.718819976
09-05-2014,0.72232002
12-05-2014,0.726710021
13-05-2014,0.726920009
14-05-2014,0.729420006
15-05-2014,0.728860021
16-05-2014,0.729049981
19-05-2014,0.729749978
20-05-2014,0.729189992
21-05-2014,0.729709983
22-05-2014,0.73089999
23-05-2014,0.732360005
26-05-2014,0.733739972
27-05-2014,0.732529998
28-05-2014,0.733299971
29-05-2014,0.735650003
30-05-2014,0.735050023
02-06-2014,0.733780026
03-06-2014,0.735350013
04-06-2014,0.734160006
05-06-2014,0.73506999
06-06-2014,0.731959999
09-06-2014,0.732980013
10-06-2014,0.735689998
11-06-2014,0.738499999
12-06-2014,0.738709986
13-06-2014,0.737760007
16-06-2014,0.738659978
17-06-2014,0.736530006
18-06-2014,0.738120019
19-06-2014,0.735800028
20-06-2014,0.734679997
23-06-2014,0.735669971
24-06-2014,0.735189974
25-06-2014,0.734979987
26-06-2014,0.733730018
27-06-2014,0.734589994
30-06-2014,0.732900023
01-07-2014,0.730270028
02-07-2014,0.730949998
03-07-2014,0.732439995
04-07-2014,0.734749973
07-07-2014,0.735920012
08-07-2014,0.73496002
09-07-2014,0.734369993
10-07-2014,0.732980013
11-07-2014,0.735019982
14-07-2014,0.735090017
15-07-2014,0.734120011
16-07-2014,0.736810029
17-07-2014,0.739099979
18-07-2014,0.739709973
21-07-2014,0.738979995
22-07-2014,0.739260018
23-07-2014,0.742500007
24-07-2014,0.74278003
25-07-2014,0.742680013
28-07-2014,0.74466002
29-07-2014,0.744099975
30-07-2014,0.745649993
31-07-2014,0.746490002
01-08-2014,0.746829987
04-08-2014,0.74466002
05-08-2014,0.745039999
06-08-2014,0.747810006
07-08-2014,0.74721998
08-08-2014,0.748600006
11-08-2014,0.745980024
12-08-2014,0.747110009
13-08-2014,0.748160005
14-08-2014,0.748059988
15-08-2014,0.748279989
18-08-2014,0.746800005
19-08-2014,0.748440027
20-08-2014,0.750639975
21-08-2014,0.754119992
22-08-2014,0.753050029
25-08-2014,0.757650018
26-08-2014,0.758210003
27-08-2014,0.75928998
28-08-2014,0.758099973
29-08-2014,0.758440018
01-09-2014,0.761740029
02-09-2014,0.761500001
03-09-2014,0.761500001
04-09-2014,0.760399997
05-09-2014,0.773230016
08-09-2014,0.772000015
09-09-2014,0.775730014
10-09-2014,0.772679985
11-09-2014,0.774169981
12-09-2014,0.773779988
15-09-2014,0.771600008
16-09-2014,0.772809982
17-09-2014,0.77165997
18-09-2014,0.778209984
19-09-2014,0.773989975
22-09-2014,0.778729975
23-09-2014,0.778119981
24-09-2014,0.777970016
25-09-2014,0.782589972
26-09-2014,0.783879995
29-09-2014,0.78907001
30-09-2014,0.787970006
01-10-2014,0.791869998
02-10-2014,0.792129993
03-10-2014,0.789229989
06-10-2014,0.799130023
07-10-2014,0.790759981
08-10-2014,0.789390028
09-10-2014,0.784739971
10-10-2014,0.788079977
13-10-2014,0.791149974
14-10-2014,0.785920024
15-10-2014,0.791199982
16-10-2014,0.779929996
17-10-2014,0.780979991
20-10-2014,0.784340024
21-10-2014,0.781539977
22-10-2014,0.786490023
23-10-2014,0.791050017
24-10-2014,0.790260017
27-10-2014,0.788850009
28-10-2014,0.787310004
29-10-2014,0.785030007
30-10-2014,0.791589975
31-10-2014,0.792810023
03-11-2014,0.799799979
04-11-2014,0.800260007
05-11-2014,0.796649992
06-11-2014,0.801280022
07-11-2014,0.807749987
10-11-2014,0.802479982
11-11-2014,0.804509997
12-11-2014,0.801549971
13-11-2014,0.804509997
14-11-2014,0.801540017
17-11-2014,0.798820019
18-11-2014,0.803279996
19-11-2014,0.79786998
20-11-2014,0.797399998
21-11-2014,0.797129989
24-11-2014,0.808080018
25-11-2014,0.80430001
26-11-2014,0.801240027
27-11-2014,0.799619973
28-11-2014,0.802439988
01-12-2014,0.803969979
02-12-2014,0.801919997
03-12-2014,0.807200015
04-12-2014,0.811909974
05-12-2014,0.807319999
08-12-2014,0.813399971
09-12-2014,0.81200999
10-12-2014,0.806779981
11-12-2014,0.801670015
12-12-2014,0.806779981
15-12-2014,0.802339971
16-12-2014,0.803629994
17-12-2014,0.79922998
18-12-2014,0.810440004
19-12-2014,0.813639998
22-12-2014,0.817929983
23-12-2014,0.818080008
24-12-2014,0.821359992
25-12-2014,0.819769979
26-12-2014,0.819000006
29-12-2014,0.821730018
30-12-2014,0.822809994
31-12-2014,0.822229981
01-01-2015,0.826539993
02-01-2015,0.827170014
05-01-2015,0.837069988
06-01-2015,0.837589979
07-01-2015,0.842079997
08-01-2015,0.844879985
09-01-2015,0.847739995
12-01-2015,0.842410028
13-01-2015,0.845200002
14-01-2015,0.849020004
15-01-2015,0.848469973
16-01-2015,0.859300017
19-01-2015,0.864600003
20-01-2015,0.862219989
21-01-2015,0.866029978
22-01-2015,0.860930026
23-01-2015,0.881309986
26-01-2015,0.89884001
27-01-2015,0.889069974
28-01-2015,0.879710019
29-01-2015,0.886409998
30-01-2015,0.882179976
02-02-2015,0.884249985
03-02-2015,0.881699979
04-02-2015,0.872799993
05-02-2015,0.883490026
06-02-2015,0.871689975
09-02-2015,0.883830011
10-02-2015,0.882849991
11-02-2015,0.883239985
12-02-2015,0.884019971
13-02-2015,0.876890004
16-02-2015,0.877189994
17-02-2015,0.882300019
18-02-2015,0.876829982
19-02-2015,0.877189994
20-02-2015,0.879760027
23-02-2015,0.878620028
24-02-2015,0.882380009
25-02-2015,0.881910026
26-02-2015,0.879999995
27-02-2015,0.892430007
02-03-2015,0.895900011
03-03-2015,0.894529998
04-03-2015,0.894280016
05-03-2015,0.902360022
06-03-2015,0.906449974
09-03-2015,0.921999991
10-03-2015,0.923070014
11-03-2015,0.933820009
12-03-2015,0.947979987
13-03-2015,0.941060007
16-03-2015,0.954050004
17-03-2015,0.94581002
18-03-2015,0.943570018
19-03-2015,0.921660006
20-03-2015,0.937300026
23-03-2015,0.923650026
24-03-2015,0.91365999
25-03-2015,0.917259991
26-03-2015,0.912370026
27-03-2015,0.918579996
30-03-2015,0.91869998
31-03-2015,0.923340023
01-04-2015,0.93125999
02-04-2015,0.92851001
03-04-2015,0.9199
06-04-2015,0.908980012
07-04-2015,0.914510012
08-04-2015,0.923860013
09-04-2015,0.927190006
10-04-2015,0.937290013
13-04-2015,0.942520022
14-04-2015,0.94581002
15-04-2015,0.939220011
16-04-2015,0.936609983
17-04-2015,0.929750025
20-04-2015,0.92505002
21-04-2015,0.930450022
22-04-2015,0.930949986
23-04-2015,0.932330012
24-04-2015,0.92464
27-04-2015,0.920050025
28-04-2015,0.919290006
29-04-2015,0.911650002
30-04-2015,0.899739981
01-05-2015,0.891690016
04-05-2015,0.893980026
05-05-2015,0.896929979
06-05-2015,0.893949986
07-05-2015,0.881720006
08-05-2015,0.889129996
11-05-2015,0.893329978
12-05-2015,0.897310019
13-05-2015,0.891149998
14-05-2015,0.88102001
15-05-2015,0.876810014
18-05-2015,0.873740017
19-05-2015,0.882910013
20-05-2015,0.897130013
21-05-2015,0.900839984
22-05-2015,0.899940014
25-05-2015,0.909669995
26-05-2015,0.91148001
27-05-2015,0.918370008
28-05-2015,0.917429984
29-05-2015,0.91237998
01-06-2015,0.912580013
02-06-2015,0.915499985
03-06-2015,0.896860003
04-06-2015,0.88827002
05-06-2015,0.892229974
08-06-2015,0.900240004
09-06-2015,0.886449993
10-06-2015,0.885029972
11-06-2015,0.884019971
12-06-2015,0.88963002
15-06-2015,0.891269982
16-06-2015,0.886759996
17-06-2015,0.889519989
18-06-2015,0.879509985
19-06-2015,0.879450023
22-06-2015,0.879279971
23-06-2015,0.88112998
24-06-2015,0.89507997
25-06-2015,0.89230001
26-06-2015,0.892620027
29-06-2015,0.911159992
30-06-2015,0.891030014
01-07-2015,0.898069978
02-07-2015,0.906319976
03-07-2015,0.901960015
06-07-2015,0.909500003
07-07-2015,0.905059993
08-07-2015,0.908270001
09-07-2015,0.903259993
10-07-2015,0.903909981
13-07-2015,0.898549974
14-07-2015,0.909879982
15-07-2015,0.90842998
16-07-2015,0.913779974
17-07-2015,0.918609977
20-07-2015,0.923340023
21-07-2015,0.922900021
22-07-2015,0.914080024
23-07-2015,0.91516
24-07-2015,0.910000026
27-07-2015,0.911379993
28-07-2015,0.901709974
29-07-2015,0.903670013
30-07-2015,0.910409987
31-07-2015,0.914139986
03-08-2015,0.911660016
04-08-2015,0.912739992
05-08-2015,0.918359995
06-08-2015,0.917169988
07-08-2015,0.91516
10-08-2015,0.911989987
11-08-2015,0.907689989
12-08-2015,0.905629992
13-08-2015,0.89598
14-08-2015,0.89598
17-08-2015,0.901470006
18-08-2015,0.902689993
19-08-2015,0.90654999
20-08-2015,0.899439991
21-08-2015,0.889919996
24-08-2015,0.878970027
25-08-2015,0.863330007
26-08-2015,0.865729988
27-08-2015,0.881829977
28-08-2015,0.889050007
31-08-2015,0.891740024
01-09-2015,0.890799999
02-09-2015,0.885469973
03-09-2015,0.891579986
04-09-2015,0.898800015
07-09-2015,0.896700025
08-09-2015,0.895739973
09-09-2015,0.892270029
10-09-2015,0.89121002
11-09-2015,0.885670006
14-09-2015,0.881519973
15-09-2015,0.884360015
16-09-2015,0.887170017
17-09-2015,0.885580003
18-09-2015,0.877120018
21-09-2015,0.885580003
22-09-2015,0.893580019
23-09-2015,0.89921999
24-09-2015,0.893660009
25-09-2015,0.894540012
28-09-2015,0.892719984
29-09-2015,0.890389979
30-09-2015,0.888419986
01-10-2015,0.895089984
02-10-2015,0.893379986
05-10-2015,0.890709996
06-10-2015,0.893239975
07-10-2015,0.887470007
08-10-2015,0.889680028
09-10-2015,0.88598001
12-10-2015,0.879509985
13-10-2015,0.880630016
14-10-2015,0.878350019
15-10-2015,0.871420026
16-10-2015,0.879649997
19-10-2015,0.880200028
20-10-2015,0.882690012
21-10-2015,0.88075
22-10-2015,0.881210029
23-10-2015,0.902450025
26-10-2015,0.907410026
27-10-2015,0.903670013
28-10-2015,0.906040013
29-10-2015,0.915000021
30-10-2015,0.909600019
02-11-2015,0.906949997
03-11-2015,0.907769978
04-11-2015,0.91207999
05-11-2015,0.920130014
06-11-2015,0.918780029
09-11-2015,0.93167001
10-11-2015,0.929409981
11-11-2015,0.931309998
12-11-2015,0.929109991
13-11-2015,0.92464
16-11-2015,0.934580028
17-11-2015,0.935630023
18-11-2015,0.939509988
19-11-2015,0.937210023
20-11-2015,0.932299972
23-11-2015,0.939760029
24-11-2015,0.939670026
25-11-2015,0.939509988
26-11-2015,0.941179991
27-11-2015,0.943000019
30-11-2015,0.94490999
01-12-2015,0.94581002
02-12-2015,0.941100001
03-12-2015,0.94224
04-12-2015,0.916090012
07-12-2015,0.918780029
08-12-2015,0.923020005
09-12-2015,0.917940021
10-12-2015,0.907609999
11-12-2015,0.913399994
14-12-2015,0.910420001
15-12-2015,0.909669995
16-12-2015,0.914390028
17-12-2015,0.919579983
18-12-2015,0.922160029
21-12-2015,0.919969976
22-12-2015,0.916339993
23-12-2015,0.913240016
24-12-2015,0.916660011
25-12-2015,0.911580026
28-12-2015,0.911909997
29-12-2015,0.911140025
30-12-2015,0.915080011
31-12-2015,0.914579988
01-01-2016,0.920889974
04-01-2016,0.921320021
05-01-2016,0.923569977
06-01-2016,0.930060029
07-01-2016,0.927730024
08-01-2016,0.915250003
11-01-2016,0.913990021
12-01-2016,0.920979977
13-01-2016,0.922169983
14-01-2016,0.918609977
15-01-2016,0.920899987
18-01-2016,0.915750027
19-01-2016,0.917850018
20-01-2016,0.916339993
21-01-2016,0.919369996
22-01-2016,0.920639992
25-01-2016,0.926010013
26-01-2016,0.921400011
27-01-2016,0.92039001
28-01-2016,0.916760027
29-01-2016,0.914330006
01-02-2016,0.923709989
02-02-2016,0.917659998
03-02-2016,0.915579975
04-02-2016,0.901629984
05-02-2016,0.892859995
08-02-2016,0.89726001
09-02-2016,0.893670022
10-02-2016,0.885739982
11-02-2016,0.886449993
12-02-2016,0.883549988
15-02-2016,0.890789986
16-02-2016,0.894930005
17-02-2016,0.897099972
18-02-2016,0.899039984
19-02-2016,0.90000999
22-02-2016,0.898959994
23-02-2016,0.906780005
24-02-2016,0.906859994
25-02-2016,0.90793997
26-02-2016,0.907029986
29-02-2016,0.915419996
01-03-2016,0.918359995
02-03-2016,0.919459999
03-03-2016,0.920050025
04-03-2016,0.913330019
07-03-2016,0.909590006
08-03-2016,0.907769978
09-03-2016,0.908760011
10-03-2016,0.910000026
11-03-2016,0.894580007
14-03-2016,0.895420015
15-03-2016,0.900740027
16-03-2016,0.900170028
17-03-2016,0.891349971
18-03-2016,0.883549988
21-03-2016,0.886600018
22-03-2016,0.889999986
23-03-2016,0.891030014
24-03-2016,0.894370019
25-03-2016,0.895420015
28-03-2016,0.89605999
29-03-2016,0.892639995
30-03-2016,0.885580003
31-03-2016,0.882250011
01-04-2016,0.87875998
04-04-2016,0.877960026
05-04-2016,0.878040016
06-04-2016,0.878579974
07-04-2016,0.876810014
08-04-2016,0.879199982
11-04-2016,0.87695998
12-04-2016,0.87620002
13-04-2016,0.878350019
14-04-2016,0.886600018
15-04-2016,0.887310028
18-04-2016,0.884959996
19-04-2016,0.884249985
20-04-2016,0.880309999
21-04-2016,0.884559989
22-04-2016,0.885580003
25-04-2016,0.890150011
26-04-2016,0.887390018
27-04-2016,0.885029972
28-04-2016,0.882690012
29-04-2016,0.880599976
02-05-2016,0.872370005
03-05-2016,0.867680013
04-05-2016,0.869260013
05-05-2016,0.870090008
06-05-2016,0.876730025
09-05-2016,0.878120005
10-05-2016,0.878120005
11-05-2016,0.879170001
12-05-2016,0.875119984
13-05-2016,0.878970027
16-05-2016,0.883629978
17-05-2016,0.883700013
18-05-2016,0.883700013
19-05-2016,0.891030014
20-05-2016,0.892379999
23-05-2016,0.891129971
24-05-2016,0.891579986
25-05-2016,0.897830009
26-05-2016,0.896139979
27-05-2016,0.893490016
30-05-2016,0.900089979
31-05-2016,0.896990001
01-06-2016,0.897989988
02-06-2016,0.893729985
03-06-2016,0.896700025
06-06-2016,0.880980015
07-06-2016,0.879970014
08-06-2016,0.88045001
09-06-2016,0.876649976
10-06-2016,0.883780003
13-06-2016,0.889680028
14-06-2016,0.885659993
15-06-2016,0.891820014
16-06-2016,0.887889981
17-06-2016,0.88872999
20-06-2016,0.88112998
21-06-2016,0.883159995
22-06-2016,0.88884002
23-06-2016,0.882749975
24-06-2016,0.883080006
27-06-2016,0.906130016
28-06-2016,0.907850027
29-06-2016,0.903020024
30-06-2016,0.898630023
01-07-2016,0.900409997
04-07-2016,0.898389995
05-07-2016,0.897180021
06-07-2016,0.903750002
07-07-2016,0.900979996
08-07-2016,0.903689981
11-07-2016,0.905470014
12-07-2016,0.904320002
13-07-2016,0.903919995
14-07-2016,0.901310027
15-07-2016,0.900409997
18-07-2016,0.904720008
19-07-2016,0.903190017
20-07-2016,0.907970011
21-07-2016,0.907480001
22-07-2016,0.906379998
25-07-2016,0.911539972
26-07-2016,0.90982002
27-07-2016,0.910099983
28-07-2016,0.903060019
29-07-2016,0.902170002
01-08-2016,0.895410001
02-08-2016,0.895410001
03-08-2016,0.891340017
04-08-2016,0.896740019
05-08-2016,0.898090005
08-08-2016,0.901750028
09-08-2016,0.902230024
10-08-2016,0.899619997
11-08-2016,0.893939972
12-08-2016,0.897740006
15-08-2016,0.895500004
16-08-2016,0.894129992
17-08-2016,0.886839986
18-08-2016,0.885039985
19-08-2016,0.881099999
22-08-2016,0.885100007
23-08-2016,0.883449972
24-08-2016,0.88489002
25-08-2016,0.887799978
26-08-2016,0.885699987
29-08-2016,0.89289999
30-08-2016,0.893429995
31-08-2016,0.896600008
01-09-2016,0.896000028
02-09-2016,0.892799973
05-09-2016,0.895900011
06-09-2016,0.896600008
07-09-2016,0.888599992
08-09-2016,0.889599979
09-09-2016,0.887199998
12-09-2016,0.889590025
13-09-2016,0.889400005
14-09-2016,0.891369998
15-09-2016,0.889100015
16-09-2016,0.889209986
19-09-2016,0.896179974
20-09-2016,0.894400001
21-09-2016,0.896539986
22-09-2016,0.893400013
23-09-2016,0.892050028
26-09-2016,0.88973999
27-09-2016,0.888899982
28-09-2016,0.891300023
29-09-2016,0.890869975
30-09-2016,0.891300023
03-10-2016,0.890100002
04-10-2016,0.892030001
05-10-2016,0.89200002
06-10-2016,0.892199993
07-10-2016,0.897300005
10-10-2016,0.893100023
11-10-2016,0.897599995
12-10-2016,0.903999984
13-10-2016,0.908110023
14-10-2016,0.904999971
17-10-2016,0.911759973
18-10-2016,0.907800019
19-10-2016,0.911000013
20-10-2016,0.911149979
21-10-2016,0.914879978
24-10-2016,0.918900013
25-10-2016,0.919499993
26-10-2016,0.918500006
27-10-2016,0.916419983
28-10-2016,0.917400002
31-10-2016,0.910359979
01-11-2016,0.911300004
02-11-2016,0.904399991
03-11-2016,0.90109998
04-11-2016,0.900699973
07-11-2016,0.90079999
08-11-2016,0.904799998
09-11-2016,0.907519996
10-11-2016,0.915700018
11-11-2016,0.918299973
14-11-2016,0.923799992
15-11-2016,0.930199981
16-11-2016,0.932200015
17-11-2016,0.934000015
18-11-2016,0.941349983
21-11-2016,0.944800019
22-11-2016,0.939949989
23-11-2016,0.940400004
24-11-2016,0.948300004
25-11-2016,0.946799994
28-11-2016,0.942300022
29-11-2016,0.941500008
30-11-2016,0.939100027
01-12-2016,0.944100022
02-12-2016,0.937810004
05-12-2016,0.944999993
06-12-2016,0.9296
07-12-2016,0.932799995
08-12-2016,0.929199994
09-12-2016,0.941500008
12-12-2016,0.948099971
13-12-2016,0.939700007
14-12-2016,0.940800011
15-12-2016,0.951099992
16-12-2016,0.959800005
19-12-2016,0.956939995
20-12-2016,0.961000025
21-12-2016,0.962419987
22-12-2016,0.958899975
23-12-2016,0.95806998
26-12-2016,0.956499994
27-12-2016,0.95630002
28-12-2016,0.95581001
29-12-2016,0.959969997
30-12-2016,0.945599973
02-01-2017,0.949940026
03-01-2017,0.956019998
04-01-2017,0.959699988
05-01-2017,0.952300012
06-01-2017,0.942870021
09-01-2017,0.949500024
10-01-2017,0.944410026
11-01-2017,0.947650015
12-01-2017,0.943599999
13-01-2017,0.941900015
16-01-2017,0.940850019
17-01-2017,0.943130016
18-01-2017,0.934859991
19-01-2017,0.940930009
20-01-2017,0.938109994
23-01-2017,0.933380008
24-01-2017,0.92930001
25-01-2017,0.932079971
26-01-2017,0.930060029
27-01-2017,0.936070025
30-01-2017,0.933359981
31-01-2017,0.933830023
01-02-2017,0.925599992
02-02-2017,0.928730011
03-02-2017,0.929220021
06-02-2017,0.927389979
07-02-2017,0.930819988
08-02-2017,0.936500013
09-02-2017,0.935259998
10-02-2017,0.938210011
13-02-2017,0.941659987
14-02-2017,0.943530023
15-02-2017,0.945330024
16-02-2017,0.942740023
17-02-2017,0.93700999
20-02-2017,0.941030025
21-02-2017,0.942560017
22-02-2017,0.948580027
23-02-2017,0.94749999
24-02-2017,0.944779992
27-02-2017,0.947619975
28-02-2017,0.944800019
01-03-2017,0.946150005
02-03-2017,0.949140012
03-03-2017,0.951499999
06-03-2017,0.941579998
07-03-2017,0.945249975
08-03-2017,0.946060002
09-03-2017,0.948099971
10-03-2017,0.94532001
13-03-2017,0.935450017
14-03-2017,0.938839972
15-03-2017,0.942290008
16-03-2017,0.931280017
17-03-2017,0.92809999
20-03-2017,0.930840015
21-03-2017,0.931299984
22-03-2017,0.924860001
23-03-2017,0.926769972
24-03-2017,0.92730999
27-03-2017,0.921700001
28-03-2017,0.920729995
29-03-2017,0.924409986
30-03-2017,0.929400027
31-03-2017,0.935710013
03-04-2017,0.93730998
04-04-2017,0.93720001
05-04-2017,0.93629998
06-04-2017,0.936990023
07-04-2017,0.939440012
10-04-2017,0.944999993
11-04-2017,0.943610013
12-04-2017,0.942390025
13-04-2017,0.937150002
14-04-2017,0.94194001
17-04-2017,0.942460001
18-04-2017,0.939450026
19-04-2017,0.932079971
20-04-2017,0.933269978
21-04-2017,0.933279991
24-04-2017,0.919629991
25-04-2017,0.920400023
26-04-2017,0.915059984
27-04-2017,0.916679978
28-04-2017,0.920449972
01-05-2017,0.916800022
02-05-2017,0.916679978
03-05-2017,0.914439976
04-05-2017,0.918359995
05-05-2017,0.910619974
08-05-2017,0.911979973
09-05-2017,0.915099978
10-05-2017,0.918540001
11-05-2017,0.9199
12-05-2017,0.92039001
15-05-2017,0.915139973
16-05-2017,0.910600007
17-05-2017,0.901390016
18-05-2017,0.896350026
19-05-2017,0.899800003
22-05-2017,0.892470002
23-05-2017,0.889769971
24-05-2017,0.894509971
25-05-2017,0.890399992
26-05-2017,0.89200002
29-05-2017,0.894770026
30-05-2017,0.898549974
31-05-2017,0.895120025
01-06-2017,0.889400005
02-06-2017,0.891600013
05-06-2017,0.886460006
06-06-2017,0.88835001
07-06-2017,0.887199998
08-06-2017,0.888480008
09-06-2017,0.894070029
12-06-2017,0.892700016
13-06-2017,0.893159986
14-06-2017,0.892149985
15-06-2017,0.891600013
16-06-2017,0.897109985
19-06-2017,0.892199993
20-06-2017,0.897300005
21-06-2017,0.897909999
22-06-2017,0.895479977
23-06-2017,0.896889985
26-06-2017,0.892949998
27-06-2017,0.894169986
28-06-2017,0.881900012
29-06-2017,0.878530025
30-06-2017,0.874000013
03-07-2017,0.875419974
04-07-2017,0.879400015
05-07-2017,0.880270004
06-07-2017,0.881299973
07-07-2017,0.875289977
10-07-2017,0.876900017
12-07-2017,0.87154001
13-07-2017,0.875739992
14-07-2017,0.876890004
17-07-2017,0.87142998
18-07-2017,0.871510029
19-07-2017,0.865819991
20-07-2017,0.867420018
21-07-2017,0.859939992
24-07-2017,0.856040001
25-07-2017,0.859189987
26-07-2017,0.858770013
27-07-2017,0.85266
28-07-2017,0.855530024
31-07-2017,0.851260006
01-08-2017,0.845730007
02-08-2017,0.846650004
03-08-2017,0.843800008
04-08-2017,0.841400027
07-08-2017,0.849009991
08-08-2017,0.847389996
09-08-2017,0.850730002
10-08-2017,0.850229979
11-08-2017,0.849600017
14-08-2017,0.84562999
15-08-2017,0.84920001
16-08-2017,0.851700008
17-08-2017,0.849309981
18-08-2017,0.853569984
21-08-2017,0.850610018
22-08-2017,0.846599996
23-08-2017,0.85017997
24-08-2017,0.846270025
25-08-2017,0.847299993
28-08-2017,0.836690009
29-08-2017,0.83585
30-08-2017,0.835389972
31-08-2017,0.840799987
01-09-2017,0.839600027
04-09-2017,0.841549993
05-09-2017,0.840799987
06-09-2017,0.838639975
07-09-2017,0.838379979
08-09-2017,0.831319988
11-09-2017,0.832109988
12-09-2017,0.836160004
13-09-2017,0.835099995
14-09-2017,0.841000021
15-09-2017,0.838810027
18-09-2017,0.837719977
19-09-2017,0.836170018
20-09-2017,0.833850026
21-09-2017,0.842310011
22-09-2017,0.83713001
25-09-2017,0.838419974
26-09-2017,0.843479991
27-09-2017,0.848460019
28-09-2017,0.851090014
29-09-2017,0.848770022
02-10-2017,0.846930027
03-10-2017,0.852240026
04-10-2017,0.851239979
05-10-2017,0.850539982
06-10-2017,0.853799999
09-10-2017,0.851610005
10-10-2017,0.851670027
11-10-2017,0.846390009
12-10-2017,0.842779994
13-10-2017,0.845179975
16-10-2017,0.846449971
17-10-2017,0.847850025
18-10-2017,0.849479973
19-10-2017,0.847800016
20-10-2017,0.844020009
23-10-2017,0.850799978
24-10-2017,0.850399971
25-10-2017,0.850409985
26-10-2017,0.845969975
27-10-2017,0.859309971
30-10-2017,0.86172998
31-10-2017,0.858169973
01-11-2017,0.858240008
02-11-2017,0.859939992
03-11-2017,0.857500017
06-11-2017,0.860960007
07-11-2017,0.861129999
08-11-2017,0.861989975
09-11-2017,0.862299979
10-11-2017,0.85860002
13-11-2017,0.857550025
14-11-2017,0.857270002
15-11-2017,0.847970009
17-11-2017,0.849080026
20-11-2017,0.852379978
21-11-2017,0.851700008
22-11-2017,0.851989985
23-11-2017,0.846400023
24-11-2017,0.843599975
27-11-2017,0.838469982
28-11-2017,0.83999002
29-11-2017,0.844020009
30-11-2017,0.843739986
01-12-2017,0.840460002
04-12-2017,0.843180001
05-12-2017,0.842620015
06-12-2017,0.845099986
07-12-2017,0.847150028
08-12-2017,0.849460006
11-12-2017,0.849619985
12-12-2017,0.849070013
13-12-2017,0.851599991
14-12-2017,0.844889998
15-12-2017,0.849259973
18-12-2017,0.851530015
19-12-2017,0.848590016
20-12-2017,0.844500005
21-12-2017,0.841880023
22-12-2017,0.843360007
25-12-2017,0.84345001
26-12-2017,0.842279971
27-12-2017,0.843320012
28-12-2017,0.840279996
29-12-2017,0.837400019
01-01-2018,0.832989991
02-01-2018,0.832530022
03-01-2018,0.828949988
04-01-2018,0.832610011
05-01-2018,0.828580022
08-01-2018,0.830739975
09-01-2018,0.835389972
10-01-2018,0.838270009
11-01-2018,0.836390018
12-01-2018,0.830420017
15-01-2018,0.820190012
16-01-2018,0.815100014
17-01-2018,0.814909995
18-01-2018,0.820749998
19-01-2018,0.817219973
22-01-2018,0.81595999
23-01-2018,0.815909982
24-01-2018,0.812330008
25-01-2018,0.807030022
26-01-2018,0.806949973
29-01-2018,0.804629982
30-01-2018,0.807680011
31-01-2018,0.805830002
01-02-2018,0.805239975
02-02-2018,0.799359977
05-02-2018,0.803409994
06-02-2018,0.80855
07-02-2018,0.807669997
08-02-2018,0.815119982
09-02-2018,0.815609992
12-02-2018,0.816139996
13-02-2018,0.812759995
14-02-2018,0.809469998
15-02-2018,0.802100003
16-02-2018,0.799769998
19-02-2018,0.805679977
20-02-2018,0.806540012
21-02-2018,0.810679972
22-02-2018,0.814209998
23-02-2018,0.811249971
26-02-2018,0.813859999
27-02-2018,0.811980009
28-02-2018,0.817640007
01-03-2018,0.820259988
02-03-2018,0.814939976
05-03-2018,0.811990023
06-03-2018,0.810599983
07-03-2018,0.805369973
08-03-2018,0.805499971
09-03-2018,0.812569976
12-03-2018,0.812430024
13-03-2018,0.810400009
14-03-2018,0.806949973
15-03-2018,0.808040023
16-03-2018,0.812399983
19-03-2018,0.814279974
20-03-2018,0.810580015
21-03-2018,0.816200018
22-03-2018,0.809870005
23-03-2018,0.811360002
26-03-2018,0.809430003
27-03-2018,0.802730024
28-03-2018,0.805939972
29-03-2018,0.812330008
30-03-2018,0.812820017
02-04-2018,0.812070012
03-04-2018,0.813489974
04-04-2018,0.814429998
05-04-2018,0.813880026
06-04-2018,0.816219985
09-04-2018,0.814899981
10-04-2018,0.811529994
11-04-2018,0.808860004
12-04-2018,0.808300018
13-04-2018,0.811049998
16-04-2018,0.810859978
17-04-2018,0.807420015
18-04-2018,0.808200002
19-04-2018,0.807810009
20-04-2018,0.810010016
23-04-2018,0.814769983
24-04-2018,0.819069982
25-04-2018,0.816900015
26-04-2018,0.821579993
27-04-2018,0.825789988
30-04-2018,0.824890018
01-05-2018,0.82773
02-05-2018,0.833920002
03-05-2018,0.836749971
04-05-2018,0.834079981
07-05-2018,0.836470008
08-05-2018,0.837960005
09-05-2018,0.842610002
10-05-2018,0.844079971
11-05-2018,0.839100003
14-05-2018,0.836669981
15-05-2018,0.838140011
16-05-2018,0.845960021
17-05-2018,0.846239984
18-05-2018,0.847800016
21-05-2018,0.849860013
22-05-2018,0.84799999
23-05-2018,0.848280013
24-05-2018,0.853959978
25-05-2018,0.853049994
28-05-2018,0.855509996
29-05-2018,0.86006999
30-05-2018,0.866599977
31-05-2018,0.85710001
01-06-2018,0.855199993
04-06-2018,0.856999993
05-06-2018,0.854659975
06-06-2018,0.852789998
07-06-2018,0.848500013
08-06-2018,0.847800016
11-06-2018,0.848609984
12-06-2018,0.849319994
13-06-2018,0.851189971
14-06-2018,0.846899986
15-06-2018,0.864560008
18-06-2018,0.862370014
19-06-2018,0.859790027
20-06-2018,0.862919986
21-06-2018,0.863629997
22-06-2018,0.861639977
25-06-2018,0.857529998
26-06-2018,0.854499996
27-06-2018,0.858349979
28-06-2018,0.864780009
29-06-2018,0.864830017
02-07-2018,0.856270015
03-07-2018,0.858950019
04-07-2018,0.857689977
05-07-2018,0.857460022
06-07-2018,0.855000019
09-07-2018,0.850899994
10-07-2018,0.850560009
11-07-2018,0.852729976
12-07-2018,0.856400013
13-07-2018,0.857200027
16-07-2018,0.856230021
17-07-2018,0.854009986
18-07-2018,0.858129978
19-07-2018,0.858690023
20-07-2018,0.857990026
23-07-2018,0.85165
24-07-2018,0.855130017
25-07-2018,0.855759978
26-07-2018,0.851970017
27-07-2018,0.858889997
30-07-2018,0.857599974
31-07-2018,0.854160011
01-08-2018,0.855459988
02-08-2018,0.857200027
03-08-2018,0.863110006
06-08-2018,0.864880025
07-08-2018,0.865199983
08-08-2018,0.861850023
09-08-2018,0.86127001
10-08-2018,0.867760003
13-08-2018,0.877600014
14-08-2018,0.876999974
15-08-2018,0.881389976
16-08-2018,0.881500006
17-08-2018,0.879400015
20-08-2018,0.874300003
21-08-2018,0.870220006
22-08-2018,0.863799989
23-08-2018,0.863200009
24-08-2018,0.866299987
27-08-2018,0.858449996
28-08-2018,0.85589999
29-08-2018,0.855340004
30-08-2018,0.853990018
31-08-2018,0.85729003
03-09-2018,0.861989975
04-09-2018,0.860920012
05-09-2018,0.863070011
06-09-2018,0.859459996
07-09-2018,0.860580027
10-09-2018,0.864970028
11-09-2018,0.862370014
12-09-2018,0.862360001
13-09-2018,0.859899998
14-09-2018,0.855300009
17-09-2018,0.859920025
18-09-2018,0.856959999
19-09-2018,0.856169999
20-09-2018,0.856559992
21-09-2018,0.849189997
24-09-2018,0.850989997
25-09-2018,0.850849986
26-09-2018,0.850109994
27-09-2018,0.851170003
28-09-2018,0.859300017
01-10-2018,0.861670017
02-10-2018,0.863740027
03-10-2018,0.865670025
04-10-2018,0.871360004
05-10-2018,0.868200004
08-10-2018,0.867860019
09-10-2018,0.870010018
10-10-2018,0.869040012
11-10-2018,0.867049992
12-10-2018,0.862779975
15-10-2018,0.865700006
16-10-2018,0.863300025
17-10-2018,0.863910019
18-10-2018,0.869499981
19-10-2018,0.872600019
22-10-2018,0.868849993
23-10-2018,0.871999979
24-10-2018,0.871599972
25-10-2018,0.877250016
26-10-2018,0.878899992
29-10-2018,0.87729001
30-10-2018,0.879029989
31-10-2018,0.881340027
01-11-2018,0.883650005
02-11-2018,0.876940012
05-11-2018,0.877380013
06-11-2018,0.87620002
07-11-2018,0.874239981
08-11-2018,0.874580026
09-11-2018,0.879630029
12-11-2018,0.883000016
13-11-2018,0.890200019
14-11-2018,0.884079993
15-11-2018,0.884029984
16-11-2018,0.88301003
19-11-2018,0.876119971
20-11-2018,0.872979999
21-11-2018,0.879320025
22-11-2018,0.878090024
23-11-2018,0.876950026
26-11-2018,0.882040024
27-11-2018,0.882350028
28-11-2018,0.885049999
29-11-2018,0.879620016
30-11-2018,0.877749979
03-12-2018,0.881659985
04-12-2018,0.880680025
05-12-2018,0.881609976
06-12-2018,0.88112998
07-12-2018,0.879140019
10-12-2018,0.877120018
11-12-2018,0.880550027
12-12-2018,0.883149981
13-12-2018,0.879239976
14-12-2018,0.879999995
17-12-2018,0.884490013
18-12-2018,0.881070018
19-12-2018,0.879090011
20-12-2018,0.878000021
21-12-2018,0.872839987
24-12-2018,0.879289985
25-12-2018,0.876890004
26-12-2018,0.875999987
27-12-2018,0.880180001
28-12-2018,0.87480998
31-12-2018,0.874130011
01-01-2019,0.870090008
02-01-2019,0.872470021
03-01-2019,0.883539975
04-01-2019,0.877879977
07-01-2019,0.87638998
08-01-2019,0.871100008
09-01-2019,0.872900009
10-01-2019,0.865429997
11-01-2019,0.868799984
14-01-2019,0.872590005
15-01-2019,0.871619999
16-01-2019,0.875899971
17-01-2019,0.877340019
18-01-2019,0.877759993
21-01-2019,0.87984997
22-01-2019,0.879559994
23-01-2019,0.879970014
24-01-2019,0.878099978
25-01-2019,0.883899987
28-01-2019,0.876190007
29-01-2019,0.874890029
30-01-2019,0.874480009
31-01-2019,0.870500028
01-02-2019,0.873399973
04-02-2019,0.872959971
05-02-2019,0.874409974
06-02-2019,0.876429975
07-02-2019,0.879819989
08-02-2019,0.881929994
11-02-2019,0.883059978
12-02-2019,0.886600018
13-02-2019,0.882250011
14-02-2019,0.887709975
15-02-2019,0.885320008
18-02-2019,0.885110021
19-02-2019,0.884019971
20-02-2019,0.881600022
21-02-2019,0.881340027
22-02-2019,0.881600022
25-02-2019,0.881659985
26-02-2019,0.879700005
27-02-2019,0.877719998
28-02-2019,0.878719985
01-03-2019,0.879239976
04-03-2019,0.879050016
05-03-2019,0.882040024
06-03-2019,0.88440001
07-03-2019,0.883859992
08-03-2019,0.892989993
11-03-2019,0.890280008
12-03-2019,0.88815999
13-03-2019,0.885940015
14-03-2019,0.882529974
15-03-2019,0.884299994
18-03-2019,0.883409977
19-03-2019,0.882130027
20-03-2019,0.880680025
21-03-2019,0.875050008
22-03-2019,0.879119992
25-03-2019,0.885280013
26-03-2019,0.883719981
27-03-2019,0.886929989
28-03-2019,0.888750017
29-03-2019,0.890470028
01-04-2019,0.890959978
02-04-2019,0.892400026
03-04-2019,0.892549992
04-04-2019,0.889129996
05-04-2019,0.890799999
08-04-2019,0.891300023
09-04-2019,0.888379991
10-04-2019,0.887549996
11-04-2019,0.886799991
12-04-2019,0.888040006
15-04-2019,0.884559989
16-04-2019,0.884570003
17-04-2019,0.886129975
18-04-2019,0.885179996
19-04-2019,0.889999986
22-04-2019,0.889320016
23-04-2019,0.888180017
24-04-2019,0.890919983
25-04-2019,0.896579981
26-04-2019,0.897920012
29-04-2019,0.896839976
30-04-2019,0.894039989
01-05-2019,0.891579986
02-05-2019,0.89279002
03-05-2019,0.89497
06-05-2019,0.89398998
07-05-2019,0.89270997
08-05-2019,0.893570006
09-05-2019,0.892989993
10-05-2019,0.891099989
13-05-2019,0.889959991
14-05-2019,0.890269995
15-05-2019,0.892499983
16-05-2019,0.892279983
17-05-2019,0.89497
20-05-2019,0.895630002
21-05-2019,0.895370007
23-05-2019,0.896420002
24-05-2019,0.894089997
27-05-2019,0.892090023
28-05-2019,0.893350005
29-05-2019,0.895200014
30-05-2019,0.897880018
31-05-2019,0.898379982
03-06-2019,0.894930005
04-06-2019,0.889180005
05-06-2019,0.888570011
06-06-2019,0.890550017
07-06-2019,0.886799991
10-06-2019,0.883379996
11-06-2019,0.883539975
12-06-2019,0.882650018
13-06-2019,0.885299981
14-06-2019,0.886489987
17-06-2019,0.891499996
18-06-2019,0.890900016
19-06-2019,0.893000007
20-06-2019,0.889800012
21-06-2019,0.885299981
24-06-2019,0.878369987
25-06-2019,0.877170026
26-06-2019,0.879509985
27-06-2019,0.879140019
28-06-2019,0.879279971
01-07-2019,0.879899979
02-07-2019,0.885940015
03-07-2019,0.885500014
04-07-2019,0.885900021
05-07-2019,0.886070013
08-07-2019,0.890680015
09-07-2019,0.891579986
10-07-2019,0.892199993
11-07-2019,0.888189971
12-07-2019,0.888700008
15-07-2019,0.88714999
16-07-2019,0.887960017
17-07-2019,0.891879976
18-07-2019,0.890500009
19-07-2019,0.887979984
22-07-2019,0.89139998
23-07-2019,0.892369986
24-07-2019,0.896759987
25-07-2019,0.897469997
26-07-2019,0.897170007
29-07-2019,0.898299992
30-07-2019,0.897419989
31-07-2019,0.896220028
01-08-2019,0.903199971
02-08-2019,0.902620018
05-08-2019,0.900250018
06-08-2019,0.889379978
07-08-2019,0.89230001
08-08-2019,0.892509997
09-08-2019,0.89388001
12-08-2019,0.892180026
13-08-2019,0.89139998
14-08-2019,0.894689977
15-08-2019,0.897400022
16-08-2019,0.899800003
19-08-2019,0.90140003
20-08-2019,0.902270019
21-08-2019,0.901080012
22-08-2019,0.901650012
23-08-2019,0.902199984
26-08-2019,0.897419989
27-08-2019,0.900600016
28-08-2019,0.901709974
29-08-2019,0.902050018
30-08-2019,0.903999984
02-09-2019,0.909770012
03-09-2019,0.91170001
04-09-2019,0.911199987
05-09-2019,0.906210005
06-09-2019,0.906099975
09-09-2019,0.907389998
10-09-2019,0.905110002
11-09-2019,0.904950023
12-09-2019,0.907980025
13-09-2019,0.904299974
16-09-2019,0.902249992
17-09-2019,0.908599973
18-09-2019,0.902960002
19-09-2019,0.906499982
20-09-2019,0.905099988
23-09-2019,0.907519996
24-09-2019,0.909609973
25-09-2019,0.907700002
26-09-2019,0.912999988
27-09-2019,0.915520012
30-09-2019,0.913850009
01-10-2019,0.917460024
02-10-2019,0.914499998
03-10-2019,0.912100017
04-10-2019,0.911130011
07-10-2019,0.9102
08-10-2019,0.91140002
09-10-2019,0.912400007
10-10-2019,0.910099983
11-10-2019,0.908179998
14-10-2019,0.906617999
15-10-2019,0.906700015
16-10-2019,0.906229973
17-10-2019,0.902939975
18-10-2019,0.898699999
21-10-2019,0.896399975
22-10-2019,0.896719992
23-10-2019,0.898530006
24-10-2019,0.898280025
25-10-2019,0.900579989
28-10-2019,0.902180016
29-10-2019,0.900969982
30-10-2019,0.899699986
31-10-2019,0.896499991
01-11-2019,0.896290004
04-11-2019,0.895529985
05-11-2019,0.898590028
06-11-2019,0.902999997
07-11-2019,0.903310001
08-11-2019,0.907465994
11-11-2019,0.907239974
12-11-2019,0.906170011
13-11-2019,0.908070028
14-11-2019,0.907999992
15-11-2019,0.907400012
18-11-2019,0.90456003
19-11-2019,0.903150022
20-11-2019,0.902526975
21-11-2019,0.902620018
22-11-2019,0.903680027
25-11-2019,0.90723002
26-11-2019,0.907899976
27-11-2019,0.90723002
28-11-2019,0.908689976
29-11-2019,0.908119977
02-12-2019,0.907519996
03-12-2019,0.90259999
04-12-2019,0.902100027
05-12-2019,0.902279973
06-12-2019,0.900460005
09-12-2019,0.904250026
10-12-2019,0.903751016
11-12-2019,0.901489973
12-12-2019,0.898000002
13-12-2019,0.893970013
16-12-2019,0.89892
17-12-2019,0.897909999
18-12-2019,0.896749973
19-12-2019,0.899609983
20-12-2019,0.898800015
23-12-2019,0.902540028
24-12-2019,0.90140003
25-12-2019,0.90170002
26-12-2019,0.901269972
27-12-2019,0.900810003
30-12-2019,0.894270003
31-12-2019,0.892674029
01-01-2020,0.891200006
02-01-2020,0.891200006
03-01-2020,0.895139992
06-01-2020,0.895900011
07-01-2020,0.893016994
08-01-2020,0.896480024
09-01-2020,0.899829984
10-01-2020,0.899999976
13-01-2020,0.899550021
14-01-2020,0.898010015
15-01-2020,0.898400009
16-01-2020,0.896538973
17-01-2020,0.897700012
20-01-2020,0.901340008
21-01-2020,0.901149988
22-01-2020,0.902069986
23-01-2020,0.901189983
24-01-2020,0.904550016
27-01-2020,0.907000005
28-01-2020,0.907459974
29-01-2020,0.90723002
30-01-2020,0.907700002
31-01-2020,0.906690001
03-02-2020,0.901730001
04-02-2020,0.903919995
05-02-2020,0.905200005
06-02-2020,0.908900023
07-02-2020,0.91049999
10-02-2020,0.913299978
11-02-2020,0.916299999
12-02-2020,0.915799975
13-02-2020,0.919459999
14-02-2020,0.921999991
17-02-2020,0.922360003
18-02-2020,0.922500014
19-02-2020,0.926320016
20-02-2020,0.925060987
21-02-2020,0.926955998
24-02-2020,0.922590017
25-02-2020,0.921727002
26-02-2020,0.918949008
27-02-2020,0.91861999
28-02-2020,0.909319997
02-03-2020,0.904869974
03-03-2020,0.89734
04-03-2020,0.894400001
05-03-2020,0.897740006
06-03-2020,0.890959978
09-03-2020,0.87826997
10-03-2020,0.877349973
11-03-2020,0.883665025
12-03-2020,0.887979984
13-03-2020,0.894060016
16-03-2020,0.896430016
17-03-2020,0.895799994
18-03-2020,0.907809973
19-03-2020,0.912280023
20-03-2020,0.938319981
23-03-2020,0.935069978
24-03-2020,0.928969979
25-03-2020,0.925700009
26-03-2020,0.918309987
27-03-2020,0.905120015
30-03-2020,0.897740006
31-03-2020,0.906579971
01-04-2020,0.906899989
02-04-2020,0.912940025
03-04-2020,0.921880007
06-04-2020,0.925329983
07-04-2020,0.925599992
08-04-2020,0.917840004
09-04-2020,0.92049998
10-04-2020,0.915130019
13-04-2020,0.914690018
14-04-2020,0.915499985
15-04-2020,0.910300016
16-04-2020,0.917002022
17-04-2020,0.920939982
20-04-2020,0.920220017
21-04-2020,0.920400023
22-04-2020,0.921109974
23-04-2020,0.925100029
24-04-2020,0.927900016
27-04-2020,0.923900008
28-04-2020,0.923799992
29-04-2020,0.922800004
30-04-2020,0.919350028
01-05-2020,0.913619995
04-05-2020,0.912440002
05-05-2020,0.917069972
06-05-2020,0.922630012
07-05-2020,0.926050007
08-05-2020,0.922749996
11-05-2020,0.922550023
12-05-2020,0.925119996
13-05-2020,0.921930015
14-05-2020,0.923900008
15-05-2020,0.925329983
18-05-2020,0.924099982
19-05-2020,0.916159987
20-05-2020,0.915099978
21-05-2020,0.91049999
22-05-2020,0.912999988
25-05-2020,0.916774988
26-05-2020,0.917178988
27-05-2020,0.910600007
28-05-2020,0.907700002
29-05-2020,0.90259999
01-06-2020,0.899399996
02-06-2020,0.898800015
03-06-2020,0.893700004
04-06-2020,0.889999986
05-06-2020,0.882000029
08-06-2020,0.883430004
09-06-2020,0.884519994
10-06-2020,0.882439971
11-06-2020,0.879859984
12-06-2020,0.885890007
15-06-2020,0.88872999
16-06-2020,0.882009983
17-06-2020,0.887650013
18-06-2020,0.889450014
19-06-2020,0.891981006
22-06-2020,0.894649982
23-06-2020,0.886550009
24-06-2020,0.88398999
25-06-2020,0.888819993
26-06-2020,0.891099989
29-06-2020,0.890799999
30-06-2020,0.889110029
01-07-2020,0.889999986
02-07-2020,0.888779998
03-07-2020,0.88985002
06-07-2020,0.889110029
07-07-2020,0.883949995
08-07-2020,0.886900008
09-07-2020,0.881900012
10-07-2020,0.885900021
13-07-2020,0.884169996
14-07-2020,0.881407022
15-07-2020,0.876370013
16-07-2020,0.875872016
17-07-2020,0.877799988
20-07-2020,0.873899996
21-07-2020,0.872699976
22-07-2020,0.866999984
23-07-2020,0.864400029
24-07-2020,0.862360001
27-07-2020,0.858179986
28-07-2020,0.849669993
29-07-2020,0.853330016
30-07-2020,0.848689973
31-07-2020,0.842299998
03-08-2020,0.848730028
04-08-2020,0.850099981
05-08-2020,0.846350014
06-08-2020,0.842260003
07-08-2020,0.842000008
10-08-2020,0.848699987
11-08-2020,0.85194999
12-08-2020,0.852039993
13-08-2020,0.847903013
14-08-2020,0.846270025
17-08-2020,0.843699992
18-08-2020,0.842000008
19-08-2020,0.836969972
20-08-2020,0.844344974
21-08-2020,0.842199981
24-08-2020,0.847599983
25-08-2020,0.847850025
26-08-2020,0.84495002
27-08-2020,0.844399989
28-08-2020,0.846050024
31-08-2020,0.839049995
01-09-2020,0.837589979
02-09-2020,0.838699996
03-09-2020,0.844070017
04-09-2020,0.844609976
07-09-2020,0.844990015
08-09-2020,0.845899999
09-09-2020,0.849600017
10-09-2020,0.847000003
11-09-2020,0.84570998
14-09-2020,0.844399989
15-09-2020,0.842459977
16-09-2020,0.844280005
17-09-2020,0.84720999
18-09-2020,0.844009995
21-09-2020,0.844200015
22-09-2020,0.849762022
23-09-2020,0.854089975
24-09-2020,0.857739985
25-09-2020,0.856660008
28-09-2020,0.859449983
29-09-2020,0.856249988
30-09-2020,0.851639986
01-10-2020,0.852800012
02-10-2020,0.851429999
05-10-2020,0.853209972
06-10-2020,0.84799999
07-10-2020,0.851960003
08-10-2020,0.849799991
09-10-2020,0.849834025
12-10-2020,0.846249998
13-10-2020,0.846300006
14-10-2020,0.851629972
15-10-2020,0.851499975
16-10-2020,0.854179978
19-10-2020,0.853569984
20-10-2020,0.849699974
21-10-2020,0.845319986
22-10-2020,0.843599975
23-10-2020,0.846379995
26-10-2020,0.843990028
27-10-2020,0.846780002
28-10-2020,0.84859997
29-10-2020,0.85115999
30-10-2020,0.856260002
02-11-2020,0.858950019
03-11-2020,0.858900011
04-11-2020,0.85017997
05-11-2020,0.852320015
06-11-2020,0.846199989
09-11-2020,0.840830028
10-11-2020,0.845499992
11-11-2020,0.846109986
12-11-2020,0.848874986
13-11-2020,0.847213984
16-11-2020,0.844219983
17-11-2020,0.843209982
18-11-2020,0.842909992
19-11-2020,0.84404999
20-11-2020,0.842710018
23-11-2020,0.842710018
24-11-2020,0.844399989
25-11-2020,0.840300024
26-11-2020,0.838926017
27-11-2020,0.839208007
30-11-2020,0.835319996
01-12-2020,0.837650001
02-12-2020,0.828199983
03-12-2020,0.825450003
04-12-2020,0.823339999
07-12-2020,0.824989974
08-12-2020,0.82555002
09-12-2020,0.825699985
10-12-2020,0.827899992
11-12-2020,0.823432028
14-12-2020,0.824171007
15-12-2020,0.823119998
16-12-2020,0.822754025
17-12-2020,0.819700003
18-12-2020,0.815479994
21-12-2020,0.818589985
22-12-2020,0.817200005
23-12-2020,0.820569992
24-12-2020,0.820249975
25-12-2020,0.82069999
28-12-2020,0.819329977
29-12-2020,0.818099976
30-12-2020,0.816129982
31-12-2020,0.813014984
01-01-2021,0.82099998
04-01-2021,0.816280007
05-01-2021,0.816219985
06-01-2021,0.81299001
07-01-2021,0.810299993
08-01-2021,0.814899981
11-01-2021,0.820599973
12-01-2021,0.822320998
13-01-2021,0.819074988
14-01-2021,0.8222
15-01-2021,0.822960019
18-01-2021,0.828629971
19-01-2021,0.828000009
20-01-2021,0.823800027
21-01-2021,0.825380027
22-01-2021,0.821942985
25-01-2021,0.821730018
26-01-2021,0.823300004
27-01-2021,0.822166026
28-01-2021,0.826099992
29-01-2021,0.825079978
01-02-2021,0.824819982
02-02-2021,0.828589976
03-02-2021,0.830630004
04-02-2021,0.83039999
05-02-2021,0.835650027
08-02-2021,0.829959989
09-02-2021,0.829627991
10-02-2021,0.825083017
11-02-2021,0.824999988
12-02-2021,0.824299991
15-02-2021,0.824940026
16-02-2021,0.824253023
17-02-2021,0.826960027
18-02-2021,0.830012977
19-02-2021,0.827000022
22-02-2021,0.82464999
23-02-2021,0.82190901
24-02-2021,0.822899997
25-02-2021,0.82160002
26-02-2021,0.822340012
01-03-2021,0.827160001
02-03-2021,0.82980001
03-03-2021,0.827440023
04-03-2021,0.829829991
05-03-2021,0.835579991
08-03-2021,0.838530004
09-03-2021,0.843760014
10-03-2021,0.840484023
11-03-2021,0.838500023
12-03-2021,0.834299982
15-03-2021,0.836820006
16-03-2021,0.83851999
17-03-2021,0.840219975
18-03-2021,0.834529996
19-03-2021,0.839049995
22-03-2021,0.841530025
23-03-2021,0.838010013
24-03-2021,0.844579995
25-03-2021,0.846520007
26-03-2021,0.849139988
29-03-2021,0.848320007
30-03-2021,0.849545002
31-03-2021,0.852980018
01-04-2021,0.852599978
02-04-2021,0.84890002
05-04-2021,0.849749982
06-04-2021,0.846099973
07-04-2021,0.842159986
08-04-2021,0.842199981
09-04-2021,0.839230001
12-04-2021,0.840300024
13-04-2021,0.839299977
14-04-2021,0.83653003
15-04-2021,0.834299982
16-04-2021,0.835300028
19-04-2021,0.835460007
20-04-2021,0.830200016
21-04-2021,0.831089973
22-04-2021,0.830720007
23-04-2021,0.832310021
26-04-2021,0.827139974
27-04-2021,0.827700019
28-04-2021,0.827108979
29-04-2021,0.824000001
30-04-2021,0.824599981
03-05-2021,0.831409991
04-05-2021,0.829100013
05-05-2021,0.832289994
06-05-2021,0.832780004
07-05-2021,0.828599989
10-05-2021,0.821619987
11-05-2021,0.823660016
12-05-2021,0.823418021
13-05-2021,0.82791698
14-05-2021,0.828000009
17-05-2021,0.823019981
18-05-2021,0.82257998
19-05-2021,0.818063021
20-05-2021,0.821500003
21-05-2021,0.817969978
24-05-2021,0.820800006
25-05-2021,0.818690002
26-05-2021,0.816386998
27-05-2021,0.820169985
28-05-2021,0.820129991
31-05-2021,0.820339978
01-06-2021,0.817470014
02-06-2021,0.818480015
03-06-2021,0.819010019
04-06-2021,0.824198008
07-06-2021,0.821799994
08-06-2021,0.820100009
09-06-2021,0.821500003
10-06-2021,0.820882976
11-06-2021,0.821519971
14-06-2021,0.825749993
15-06-2021,0.824930012
16-06-2021,0.824599981
17-06-2021,0.833639979
18-06-2021,0.83938998
21-06-2021,0.842199981
22-06-2021,0.839450002
23-06-2021,0.837750018
24-06-2021,0.838
25-06-2021,0.838199973
28-06-2021,0.837369978
29-06-2021,0.83829999
30-06-2021,0.840200007
01-07-2021,0.843400002
02-07-2021,0.844150007
05-07-2021,0.843439996
06-07-2021,0.842899978
07-07-2021,0.845700026
08-07-2021,0.847931981
09-07-2021,0.844024003
12-07-2021,0.84224999
13-07-2021,0.842800021
14-07-2021,0.849229991
15-07-2021,0.845070004
16-07-2021,0.84661001
19-07-2021,0.846453011
20-07-2021,0.847899973
21-07-2021,0.84859997
22-07-2021,0.847980022
23-07-2021,0.849420011
26-07-2021,0.849370003
27-07-2021,0.846899986
28-07-2021,0.845799983
29-07-2021,0.844169974
30-07-2021,0.840830982
02-08-2021,0.842670023
03-08-2021,0.842130005
04-08-2021,0.842499971
05-08-2021,0.844780028
06-08-2021,0.844900012
09-08-2021,0.851100028
10-08-2021,0.851899981
11-08-2021,0.852999985
12-08-2021,0.851651013
13-08-2021,0.85206002
16-08-2021,0.847840011
17-08-2021,0.84890002
18-08-2021,0.853990018
19-08-2021,0.854460001
20-08-2021,0.85641402
23-08-2021,0.854879975
24-08-2021,0.85145998
25-08-2021,0.850839972
26-08-2021,0.849300027
27-08-2021,0.850600004
30-08-2021,0.847528994
31-08-2021,0.847679973
01-09-2021,0.84671998
02-09-2021,0.844529986
03-09-2021,0.842000008
06-09-2021,0.841329992
07-09-2021,0.842100024
08-09-2021,0.844340026
09-09-2021,0.846087992
10-09-2021,0.845600009
13-09-2021,0.846599996
14-09-2021,0.846599996
15-09-2021,0.847100019
16-09-2021,0.846023977
17-09-2021,0.849799991
20-09-2021,0.852519989
21-09-2021,0.852500021
22-09-2021,0.853030026
23-09-2021,0.855599999
24-09-2021,0.851769984
27-09-2021,0.853020012
28-09-2021,0.85493499
29-09-2021,0.855700016
30-09-2021,0.86194998
01-10-2021,0.863969982
04-10-2021,0.861530006
05-10-2021,0.860700011
06-10-2021,0.862360001
07-10-2021,0.865400016
08-10-2021,0.865069985
11-10-2021,0.864600003
12-10-2021,0.86552
13-10-2021,0.866999984
14-10-2021,0.862100005
15-10-2021,0.862699986
18-10-2021,0.862290025
19-10-2021,0.861039996
20-10-2021,0.859700024
21-10-2021,0.85799998
22-10-2021,0.860189974
25-10-2021,0.859099984
26-10-2021,0.861199975
27-10-2021,0.862200022
28-10-2021,0.86206001
29-10-2021,0.85589999
01-11-2021,0.8653
02-11-2021,0.862100005
03-11-2021,0.863600016
04-11-2021,0.860899985
05-11-2021,0.865400016
08-11-2021,0.864390016
09-11-2021,0.862699986
10-11-2021,0.862399995
11-11-2021,0.870630026
12-11-2021,0.873300016
15-11-2021,0.874000013
16-11-2021,0.879779994
17-11-2021,0.883300006
18-11-2021,0.883300006
19-11-2021,0.879630029
22-11-2021,0.886860013
23-11-2021,0.889509976
24-11-2021,0.889289975
25-11-2021,0.892620027
26-11-2021,0.892090023
29-11-2021,0.88549
30-11-2021,0.885469973
01-12-2021,0.882589996
02-12-2021,0.883430004
03-12-2021,0.884469986
06-12-2021,0.884580016
07-12-2021,0.885999978
08-12-2021,0.886799991
09-12-2021,0.881399989
10-12-2021,0.885479987
13-12-2021,0.884029984
14-12-2021,0.886099994
15-12-2021,0.888000011
16-12-2021,0.88568002
17-12-2021,0.882290006
20-12-2021,0.889400005
21-12-2021,0.886720002
22-12-2021,0.885930002
23-12-2021,0.882700026
24-12-2021,0.88282001
27-12-2021,0.883059978
28-12-2021,0.882610023
29-12-2021,0.88380003
30-12-2021,0.880270004
31-12-2021,0.883000016
03-01-2022,0.879239976
04-01-2022,0.88477999
05-01-2022,0.886240005
06-01-2022,0.883899987
07-01-2022,0.885200024
10-01-2022,0.88075
11-01-2022,0.882579982
12-01-2022,0.879779994
13-01-2022,0.874000013
14-01-2022,0.87282002
17-01-2022,0.876370013
18-01-2022,0.876380026
19-01-2022,0.882640004
20-01-2022,0.881569982
21-01-2022,0.883880019
24-01-2022,0.881720006
25-01-2022,0.883069992
26-01-2022,0.884599984
27-01-2022,0.889400005
28-01-2022,0.897099972
31-01-2022,0.896669984
01-02-2022,0.890500009
02-02-2022,0.887000024
03-02-2022,0.884959996
04-02-2022,0.874450028
07-02-2022,0.872969985
08-02-2022,0.873899996
09-02-2022,0.875559986
10-02-2022,0.875540018
11-02-2022,0.875999987
14-02-2022,0.879890025
15-02-2022,0.884459972
16-02-2022,0.88053
17-02-2022,0.879100025
18-02-2022,0.879779994
21-02-2022,0.88361001
22-02-2022,0.884199977
23-02-2022,0.882679999
24-02-2022,0.884509981
25-02-2022,0.893599987
28-02-2022,0.894370019
01-03-2022,0.891589999
02-03-2022,0.898249984
03-03-2022,0.899900019
04-03-2022,0.903599977
07-03-2022,0.919579983
08-03-2022,0.920360029
09-03-2022,0.917580009
10-03-2022,0.903029978
11-03-2022,0.90793997
14-03-2022,0.914740026
15-03-2022,0.913810015
16-03-2022,0.911629975
17-03-2022,0.907280028
18-03-2022,0.900940001
21-03-2022,0.905539989
22-03-2022,0.907670021
23-03-2022,0.906639993
24-03-2022,0.908569992
25-03-2022,0.908299983
28-03-2022,0.910589993
29-03-2022,0.909600019
30-03-2022,0.90158999
31-03-2022,0.895910025
01-04-2022,0.903150022
04-04-2022,0.905200005
05-04-2022,0.911090016
06-04-2022,0.916890025
07-04-2022,0.917580009
08-04-2022,0.920400023
11-04-2022,0.91869998
12-04-2022,0.919290006
13-04-2022,0.923690021
14-04-2022,0.91772002
15-04-2022,0.924130023
18-04-2022,0.924619973
19-04-2022,0.927489996
20-04-2022,0.926400006
21-04-2022,0.92167002
22-04-2022,0.922919989
25-04-2022,0.924979985
26-04-2022,0.933340013
27-04-2022,0.939530015
28-04-2022,0.947409987
29-04-2022,0.952000022
02-05-2022,0.949129999
03-05-2022,0.95156002
04-05-2022,0.949800014
05-05-2022,0.941399992
06-05-2022,0.948790014
09-05-2022,0.949469984
10-05-2022,0.946449995
11-05-2022,0.949400008
12-05-2022,0.951250017
13-05-2022,0.963429987
16-05-2022,0.961480021
17-05-2022,0.957949996
18-05-2022,0.948059976
19-05-2022,0.954859972
20-05-2022,0.945270002
23-05-2022,0.946089983
24-05-2022,0.936150014
25-05-2022,0.931400001
26-05-2022,0.935750008
27-05-2022,0.931710005
30-05-2022,0.931840003
31-05-2022,0.928200006
01-06-2022,0.931609988
02-06-2022,0.938600004
03-06-2022,0.930140018
06-06-2022,0.932309985
07-06-2022,0.935329974
08-06-2022,0.934700012
09-06-2022,0.933040023
10-06-2022,0.941690028
13-06-2022,0.953289986
14-06-2022,0.96013999
15-06-2022,0.957799971
16-06-2022,0.956369996
17-06-2022,0.948149979
20-06-2022,0.953159988
21-06-2022,0.950500011
22-06-2022,0.949429989
23-06-2022,0.94660002
24-06-2022,0.950559974
27-06-2022,0.946420014
28-06-2022,0.945100009
29-06-2022,0.95025003
30-06-2022,0.957249999
01-07-2022,0.954410017
04-07-2022,0.958410025
05-07-2022,0.95848
06-07-2022,0.97487998
07-07-2022,0.981700003
08-07-2022,0.983299971
11-07-2022,0.983659983
12-07-2022,0.995270014
13-07-2022,0.996699989
14-07-2022,0.996739984
15-07-2022,0.997439981
18-07-2022,0.990459979
19-07-2022,0.985689998
20-07-2022,0.977389991
21-07-2022,0.982050002
22-07-2022,0.978370011
25-07-2022,0.980369985
26-07-2022,0.977999985
27-07-2022,0.987209976
28-07-2022,0.979499996
29-07-2022,0.981130004
01-08-2022,0.979600012
02-08-2022,0.974529982
03-08-2022,0.984669983
04-08-2022,0.984480023
05-08-2022,0.975820005
08-08-2022,0.983200014
09-08-2022,0.980620027
10-08-2022,0.979610026
11-08-2022,0.970799983
12-08-2022,0.969299972
15-08-2022,0.975000024
16-08-2022,0.984059989
17-08-2022,0.983219981
18-08-2022,0.982299984
19-08-2022,0.99109
22-08-2022,0.996490002
23-08-2022,1.006090045
24-08-2022,1.003319979
25-08-2022,1.003100038
26-08-2022,1.002879977
29-08-2022,1.006170034
30-08-2022,0.998600006
31-08-2022,0.997500002
01-09-2022,0.996110022
02-09-2022,1.004789948
05-09-2022,1.009140015
06-09-2022,1.004799962
07-09-2022,1.010310054
08-09-2022,1.000429988
09-09-2022,0.99879998
12-09-2022,0.992910028
13-09-2022,0.987209976
14-09-2022,1.001799941
15-09-2022,1.001600027
16-09-2022,1.001170039
19-09-2022,0.997770011
20-09-2022,0.997049987
21-09-2022,1.002930045
22-09-2022,1.01722002
23-09-2022,1.016100049
26-09-2022,1.031999946
27-09-2022,1.039100051
28-09-2022,1.042080045
29-09-2022,1.030060053
30-09-2022,1.017339945
03-10-2022,1.02117002
04-10-2022,1.017079949
05-10-2022,1.001569986
06-10-2022,1.008980036
07-10-2022,1.021550059
10-10-2022,1.027220011
11-10-2022,1.02986002
12-10-2022,1.030910015
13-10-2022,1.030079961
14-10-2022,1.025500059
17-10-2022,1.026759982
18-10-2022,1.015599966
19-10-2022,1.013800025
20-10-2022,1.023910046
21-10-2022,1.022609949
24-10-2022,1.014189959
25-10-2022,1.011479974
26-10-2022,1.003640056
27-10-2022,0.990890026
28-10-2022,1.003229976
31-10-2022,1.004520059
01-11-2022,1.011500001
02-11-2022,1.012359977
03-11-2022,1.01891005
04-11-2022,1.025679946
07-11-2022,1.007169962
08-11-2022,0.998139977
09-11-2022,0.991980016
10-11-2022,0.998049974
11-11-2022,0.981140018
14-11-2022,0.968190014
15-11-2022,0.969060004
16-11-2022,0.965449989
17-11-2022,0.962000012
18-11-2022,0.965089977
21-11-2022,0.967970014
22-11-2022,0.976019979
23-11-2022,0.969829977
24-11-2022,0.960039973
25-11-2022,0.960789979
28-11-2022,0.964550018
29-11-2022,0.966600001
30-11-2022,0.968569994
01-12-2022,0.959200025
02-12-2022,0.949810028
05-12-2022,0.948390007
06-12-2022,0.952660024
07-12-2022,0.955200016
08-12-2022,0.951179981
09-12-2022,0.947000027
12-12-2022,0.950370014
13-12-2022,0.948610008
14-12-2022,0.941030025
15-12-2022,0.936649978
16-12-2022,0.939800024
19-12-2022,0.944729984
20-12-2022,0.942099988
21-12-2022,0.940999985
22-12-2022,0.942499995
23-12-2022,0.943099976
26-12-2022,0.937399983
27-12-2022,0.939830005
28-12-2022,0.940100014
29-12-2022,0.940800011
30-12-2022,0.938019991
02-01-2023,0.933730006
03-01-2023,0.936529994
04-01-2023,0.948149979
05-01-2023,0.942830026
06-01-2023,0.950370014
09-01-2023,0.938409984
10-01-2023,0.931689978
11-01-2023,0.931190014
12-01-2023,0.928849995
13-01-2023,0.920790017
16-01-2023,0.923820019
17-01-2023,0.923349977
18-01-2023,0.926500022
19-01-2023,0.926110029
20-01-2023,0.923030019
23-01-2023,0.920379996
24-01-2023,0.91960001
25-01-2023,0.918429971
26-01-2023,0.915579975
27-01-2023,0.917900026
30-01-2023,0.919839978
31-01-2023,0.921599984
01-02-2023,0.920729995
02-02-2023,0.908029974
03-02-2023,0.916999996
06-02-2023,0.92671001
07-02-2023,0.931900024
08-02-2023,0.931990027
09-02-2023,0.933200002
10-02-2023,0.930899978
13-02-2023,0.936529994
14-02-2023,0.931930006
15-02-2023,0.931469977
16-02-2023,0.935299993
17-02-2023,0.937579989
20-02-2023,0.935940027
21-02-2023,0.936100006
22-02-2023,0.938790023
23-02-2023,0.942879975
24-02-2023,0.943570018
27-02-2023,0.947440028
28-02-2023,0.942399979
01-03-2023,0.945420027
02-03-2023,0.937300026
03-03-2023,0.943419993
06-03-2023,0.94107002
07-03-2023,0.935599983
08-03-2023,0.947799981
09-03-2023,0.947910011
10-03-2023,0.944760025
13-03-2023,0.936010003
14-03-2023,0.932399988
15-03-2023,0.932169974
16-03-2023,0.944880009
17-03-2023,0.942139983
20-03-2023,0.936429977
21-03-2023,0.932910025
22-03-2023,0.928139985
23-03-2023,0.919929981
24-03-2023,0.922930002
27-03-2023,0.9278
28-03-2023,0.925320029
29-03-2023,0.922550023
30-03-2023,0.922200024
31-03-2023,0.91703999
03-04-2023,0.925639987
04-04-2023,0.916400015
05-04-2023,0.912400007
06-04-2023,0.917150021
07-04-2023,0.915740013
10-04-2023,0.916289985
11-04-2023,0.920019984
12-04-2023,0.915960014
13-04-2023,0.909099996
14-04-2023,0.904600024
17-04-2023,0.9102
18-04-2023,0.915300012
19-04-2023,0.911130011
20-04-2023,0.913060009
21-04-2023,0.911499977
24-04-2023,0.909730017
25-04-2023,0.904200017
26-04-2023,0.910880029
27-04-2023,0.905200005
28-04-2023,0.906449974
01-05-2023,0.908190012
02-05-2023,0.911639988
03-05-2023,0.908190012
04-05-2023,0.903429985
05-05-2023,0.907199979
08-05-2023,0.907549977
09-05-2023,0.90941
10-05-2023,0.912020028
11-05-2023,0.910409987
12-05-2023,0.916410029
15-05-2023,0.921429992
16-05-2023,0.919650018
17-05-2023,0.920329988
18-05-2023,0.92264998
19-05-2023,0.928040028
22-05-2023,0.923979998
23-05-2023,0.924979985
24-05-2023,0.928529978
25-05-2023,0.9296
26-05-2023,0.932449996
29-05-2023,0.932569981
30-05-2023,0.933910012
31-05-2023,0.931699991
01-06-2023,0.935000002
02-06-2023,0.92930001
05-06-2023,0.934700012
06-06-2023,0.93355
07-06-2023,0.934750021
08-06-2023,0.93392998
09-06-2023,0.927410007
12-06-2023,0.930149972
13-06-2023,0.929109991
14-06-2023,0.926840007
15-06-2023,0.922249973
16-06-2023,0.91358
19-06-2023,0.913900018
20-06-2023,0.915390015
21-06-2023,0.915719986
22-06-2023,0.909699976
23-06-2023,0.912500024
26-06-2023,0.916869998
27-06-2023,0.916549981
28-06-2023,0.912639976
29-06-2023,0.916100025
30-06-2023,0.920130014
03-07-2023,0.916800022
04-07-2023,0.91632998
05-07-2023,0.91869998
06-07-2023,0.92110002
07-07-2023,0.918219984
10-07-2023,0.911599994
11-07-2023,0.908599973
12-07-2023,0.907930017
13-07-2023,0.897300005
14-07-2023,0.890990019
17-07-2023,0.890649974
18-07-2023,0.889869988
19-07-2023,0.890559971
20-07-2023,0.892440021
21-07-2023,0.897899985
24-07-2023,0.898850024
25-07-2023,0.903900027
26-07-2023,0.904940009
27-07-2023,0.902660012
28-07-2023,0.910849988
31-07-2023,0.907090008
01-08-2023,0.909290016
02-08-2023,0.908439994
03-08-2023,0.913730025
04-08-2023,0.913110018
07-08-2023,0.908869982
08-08-2023,0.908829987
09-08-2023,0.912500024
10-08-2023,0.910939991
11-08-2023,0.91061002
14-08-2023,0.913709998
15-08-2023,0.916599989
16-08-2023,0.917079985
17-08-2023,0.919550002
18-08-2023,0.919570029
21-08-2023,0.91948998
22-08-2023,0.917569995
23-08-2023,0.921940029
24-08-2023,0.920319974
25-08-2023,0.925999999
28-08-2023,0.926150024
29-08-2023,0.923740029
30-08-2023,0.920029998
31-08-2023,0.914699972
01-09-2023,0.922160029
04-09-2023,0.927999973
05-09-2023,0.926400006
06-09-2023,0.932299972
07-09-2023,0.932470024
08-09-2023,0.934769988
11-09-2023,0.933000028
12-09-2023,0.930199981
13-09-2023,0.929949999
14-09-2023,0.931599975
15-09-2023,0.940100014
18-09-2023,0.937359989
19-09-2023,0.935220003
20-09-2023,0.936150014
21-09-2023,0.93870002
22-09-2023,0.937950015
25-09-2023,0.939100027
26-09-2023,0.944140017
27-09-2023,0.946120024
28-09-2023,0.951900005
29-09-2023,0.946749985
02-10-2023,0.946500003
03-10-2023,0.954129994
04-10-2023,0.954900026
05-10-2023,0.951740026
06-10-2023,0.948170006
09-10-2023,0.94630003
10-10-2023,0.945280015
11-10-2023,0.942969978
12-10-2023,0.941240013
13-10-2023,0.949060023
16-10-2023,0.950429976
17-10-2023,0.947480023
18-10-2023,0.945800006
19-10-2023,0.948899984
20-10-2023,0.944599986
23-10-2023,0.944289982
24-10-2023,0.937219977
25-10-2023,0.943809986
26-10-2023,0.946319997
27-10-2023,0.946569979
30-10-2023,0.946749985
31-10-2023,0.942059994
01-11-2023,0.945259988
02-11-2023,0.944549978
03-11-2023,0.941699982
06-11-2023,0.931779981
07-11-2023,0.932699978
08-11-2023,0.934920013
09-11-2023,0.933669984
10-11-2023,0.937420011
13-11-2023,0.935440004
14-11-2023,0.93441999
15-11-2023,0.919260025
16-11-2023,0.921270013
17-11-2023,0.921339989
20-11-2023,0.916840017
21-11-2023,0.91358
22-11-2023,0.915899992
23-11-2023,0.918200016
24-11-2023,0.916899979
27-11-2023,0.914040029
28-11-2023,0.912540019
29-11-2023,0.908599973
30-11-2023,0.911270022
01-12-2023,0.918099999
04-12-2023,0.918429971
05-12-2023,0.922699988
06-12-2023,0.926469982
07-12-2023,0.928789973
08-12-2023,0.926599979
11-12-2023,0.928870022
12-12-2023,0.928799987
13-12-2023,0.926039994
14-12-2023,0.918600023
15-12-2023,0.909619987
18-12-2023,0.91782999
19-12-2023,0.915430009
20-12-2023,0.910660028
21-12-2023,0.913600028
22-12-2023,0.908580005
25-12-2023,0.906899989
26-12-2023,0.90741998
27-12-2023,0.905550003
28-12-2023,0.900200009
